transaction_id,customer_age,purchase_amount,product_category,payment_method,is_fraud,transaction_time
47bfdf70-4f28-411f-7381-8b9d390e2b74,57,908.1984119408146,food,credit_card,0,2020-01-06T01:33:46.039627
494e2526-ddef-87ba-ac05-90761e74608a,43,998.8266665805154,electronics,debit_card,1,2020-06-05T13:53:02.071441
126db321-ec5a-7a43-3487-3b9c0448d780,53,1366.298503987948,clothing,debit_card,1,2020-02-16T13:52:01.403416
9302d14e-6d31-4770-27ef-da2268165571,33,4511.751123293082,food,credit_card,0,2020-05-12T11:50:14.915833
d7c245f3-e9d5-e37a-efdf-51636518c19b,20,2500.2041121688676,electronics,credit_card,0,2020-09-14T03:00:43.660988
c8ada2e5-afd9-b15e-4b5d-e7028f5bc61e,18,1122.2668065007229,clothing,credit_card,0,2020-11-24T21:30:17.063395
f3e84b59-a00e-b894-dbdf-c3b8333d09b3,54,956.6060372188887,toys,credit_card,1,2020-08-30T17:37:40.582962
cdfaaf49-4cdb-574b-d8a5-9a45fe4e497b,50,2996.919323363963,food,credit_card,1,2020-12-03T06:41:52.943208
9589494b-1f2d-bf26-b181-487b89b78fb6,19,2934.196810525289,clothing,debit_card,1,2020-03-08T13:56:07.392306
3e8d1997-dce2-8b03-045d-f30b55adf9e7,57,3182.223869520097,food,bank_transfer,0,2020-06-29T09:42:57.758955
85598b98-a010-b758-b51d-790f812e488b,51,1118.56600110842,clothing,credit_card,1,2020-05-06T07:06:30.710205
cb709df1-d1f4-44ee-1f56-acf76b1c1723,59,1709.7879696707048,electronics,credit_card,1,2020-11-26T21:25:24.569208
ac2af101-2c3b-29a0-5be7-b0acfad92431,60,1699.3697163725978,food,credit_card,0,2020-08-04T02:03:58.696282
93a1eaae-0d34-5ff5-9247-c5849925536d,31,4741.279702462994,food,credit_card,1,2020-07-22T06:36:59.542764
cfffe60f-7e11-2768-ef08-069934d177d9,34,2675.2714727545153,books,credit_card,0,2020-09-25T20:08:09.886389
0b7d5bd3-5408-42b9-0aef-0927e319ae7f,32,3887.745318117609,toys,debit_card,1,2020-01-18T17:08:56.429449
a42eb4dd-8cf8-fb0b-5fdc-9b75da021743,60,237.02174347966803,clothing,debit_card,0,2020-10-31T03:27:25.731800
9e0ab58d-689c-6bf1-0b05-e6ff9a449239,40,2389.8708474983437,food,debit_card,1,2020-01-27T00:38:39.572831
a9f8488f-8ed4-94e4-d649-63eb37ac8478,59,2151.132465683667,electronics,paypal,1,2020-05-24T19:26:50.683046
d911a99c-39f6-01cb-af1b-eb3294b89e63,42,4807.298734299446,books,paypal,1,2020-12-03T19:57:53.539678
a0d43b5f-66b6-70f0-a691-c7251582186d,76,378.1109155996831,electronics,debit_card,1,2020-07-20T20:12:24.110476
6f0ab972-2419-0247-90e8-1d3ff80b10e5,36,4824.559272230617,clothing,debit_card,0,2020-08-01T03:22:09.160620
bf4fa194-9d50-bb06-177f-1040410612a9,37,4587.406354261334,food,credit_card,0,2020-02-20T04:02:47.946527
e647033d-0dd0-89e6-c0bb-4b8bc08eaf35,53,4804.349574011675,electronics,paypal,1,2020-04-20T18:12:56.977166
6f72558d-8a35-932b-9c76-dea34a3e6277,40,4913.4549265479245,food,credit_card,1,2020-12-18T06:18:10.772511
54fca22b-70f8-4adc-bffd-e6cd6b0c4e92,75,1273.3627216389687,toys,credit_card,0,2020-10-13T03:53:38.821479
f16bff26-9458-9af7-1355-fd8082bf310d,26,4702.904638691089,books,credit_card,1,2020-04-27T11:05:14.250871
839dbf9b-26ea-0cd7-83a8-db9bf6c60e33,72,114.72310900420291,books,paypal,0,2020-02-11T02:38:17.990980
1774da5a-d437-4cc6-1054-2a106af52f8c,18,2653.9954407378887,electronics,debit_card,0,2020-12-21T00:31:14.962522
0c97e86c-e222-7aa4-675f-9d9103799470,61,1014.2512913857922,electronics,credit_card,0,2020-07-12T10:03:00.298524
da61f54a-fbd2-52bb-5e30-5cb30613e342,49,1267.8627704493683,books,credit_card,1,2020-05-31T01:58:52.364062
4fbc8a5e-b0b0-656c-ebf1-f4745faf57f3,48,2449.827664766497,clothing,credit_card,0,2020-10-13T02:18:15.892850
3cb2dabe-60e8-85d6-4946-a0bbc9f22a1f,74,2315.8989135134825,electronics,credit_card,0,2020-02-10T19:26:13.634047
8673f6d6-445a-f0ff-bb84-9e920d4cc798,23,4699.696240008857,clothing,credit_card,0,2020-08-03T15:32:07.369777
b72eaf2b-1bb3-2d56-4a65-5e0f18582cd3,46,4913.0946054746955,toys,paypal,1,2020-08-04T08:59:05.977368
e7487199-bb62-b439-c1e7-f5b10e2e9f7b,28,1975.9509555772956,electronics,bank_transfer,0,2020-05-06T13:17:45.404276
bb12cb36-088a-005c-2848-cb04d0b15ece,63,364.28735932951264,clothing,credit_card,1,2020-06-14T19:45:28.245563
7fff175e-0968-37a3-9534-87441f9de583,23,3212.7310180102177,clothing,debit_card,1,2020-03-17T19:55:41.613974
76bc4fff-4b13-8533-c5b5-4ba87aba59f9,56,4603.703549262444,clothing,credit_card,1,2020-10-20T00:16:15.657686
17c62eaf-cb31-183a-3634-de90b80d3f68,62,4923.572385902192,food,credit_card,1,2020-10-05T17:08:23.894773
1ecdb67b-15cb-bc72-3a5b-5114a11bf134,44,387.2435465501624,toys,credit_card,1,2020-05-12T03:59:58.934323
0d3c59ec-1c9b-b65e-61ed-7821e56fba8b,34,2373.482644294337,food,credit_card,1,2020-10-24T12:43:51.752717
7eddd887-f378-dd5e-34c4-deb73752234b,73,2712.475155671585,clothing,credit_card,1,2020-06-24T15:34:35.290743
cf533c15-442b-df02-0cf3-79fa94caa902,51,639.6894437967886,toys,credit_card,0,2020-07-07T14:16:21.740639
dbf045c1-b9d4-1216-5cf9-ba3874066be8,18,4565.464282575042,clothing,debit_card,1,2020-04-04T06:30:41.984426
b4e68a11-05a9-d4f8-b77b-f591de39d6ef,44,4221.654215823398,electronics,paypal,0,2020-11-13T02:19:33.007381
56d2541d-9c09-a109-f58e-ece77ee0bb07,39,489.41897774358415,clothing,credit_card,0,2020-05-24T14:45:50.322042
07445586-2dab-30f5-ec6d-457978108076,49,979.9678238431247,electronics,paypal,1,2020-03-18T07:45:34.543793
6feead4d-a980-0363-18bf-82d230b9f3b5,27,4725.67045350312,books,credit_card,1,2020-08-04T14:41:50.817059
4c6c50ae-c40e-e4ba-9960-608c3b8231cb,44,3200.4537777355604,clothing,paypal,0,2020-07-27T11:54:31.486600
0e0ef134-fc72-8934-080a-c42ecaba6090,61,591.5085336133008,electronics,paypal,0,2020-12-19T09:49:48.838508
b66200f8-856e-f8d0-2a84-52af39e9e550,42,3963.112759900255,toys,debit_card,0,2020-03-03T20:36:32.864291
4e6fe24e-bcc1-e489-7227-1dd2575ed71b,70,898.9511825246193,electronics,credit_card,0,2020-02-03T17:55:38.189364
8bb56f49-1b2a-9154-4f50-2d2806932d28,25,240.2861458553694,electronics,bank_transfer,1,2020-10-20T21:59:22.777534
bdef1a84-1367-e6d1-f9c7-6773d8af94bf,22,1711.6548268963606,electronics,paypal,0,2020-12-13T19:40:57.181755
e069dad9-a6e7-aadf-0d3d-7ea9925f0152,74,3971.943432598888,electronics,debit_card,0,2020-07-11T22:11:04.852742
6f1ef8da-d2e8-3be3-6a16-f4a72bd0ad7d,46,4083.9132913399,electronics,credit_card,0,2020-01-03T20:34:36.477245
75e7cc4b-014d-6860-f345-69e866606b58,61,4358.5267413927195,clothing,credit_card,0,2020-07-22T02:08:24.002453
44fea65d-f6de-584b-747f-afd4b4f3b558,51,2883.3650108318266,food,credit_card,1,2020-01-17T19:55:37.566364
59f52b12-278a-6c02-38f5-202064f92089,43,2760.056255430821,books,credit_card,1,2020-09-26T13:52:08.059499
34f64e52-1f93-fdb5-d8f6-d0950948b24f,50,2563.737741672211,electronics,debit_card,0,2020-07-14T15:30:53.780395
41217d73-0d03-64c5-4f11-7fb34405952f,33,4877.760357992789,clothing,debit_card,1,2020-04-20T10:25:51.434890
83292034-c981-533d-ffad-99266eac7b61,68,1645.4983804077306,toys,credit_card,0,2020-05-04T21:35:14.750213
49611cdb-b696-cdc1-ebd6-6ddfa92defbb,25,4209.541276834093,books,credit_card,1,2020-09-29T10:23:14.312186
0babf7e5-d4d7-32af-e351-dc0cf217f45f,28,4872.84862100163,food,debit_card,0,2020-11-23T15:25:51.406127
09a0008c-5146-d6d9-bf39-b684587836df,72,564.8314994328382,books,credit_card,1,2020-08-17T22:08:09.867451
edea8ff5-94de-1515-7693-95b523a667c4,55,1597.3424783276903,toys,credit_card,0,2020-08-05T17:09:46.393421
56e45a6c-34ce-0568-bc32-ce36a68795a0,27,996.3412121785834,toys,credit_card,0,2020-01-12T10:42:31.138375
7f2c932e-d8ee-319f-87c6-e12f01a80e22,76,346.393651996408,clothing,credit_card,0,2020-04-13T03:51:34.347532
56a28d88-afef-84f0-8adc-a849e35969db,37,2366.8519724807898,food,paypal,1,2020-11-29T22:52:09.309278
305ed3de-2a87-bf58-22e1-6b2e8f313ee8,32,3042.4774037344932,food,debit_card,1,2020-03-27T03:11:27.534310
d5b1085e-537d-cc59-b6fa-dc85c49157da,57,4215.176341510088,electronics,credit_card,0,2020-09-19T15:03:20.055126
45f182be-ae0a-5407-972c-46e12e0a9607,38,4275.312768988895,toys,paypal,0,2020-03-23T03:57:21.289294
c44b60af-faf1-7415-0e81-8a73b0ec0dc5,57,4446.8417577588225,food,credit_card,0,2020-01-20T21:17:13.283857
85b65d46-4a60-aaea-5e9d-85ec3729cdbb,42,778.3677101275711,clothing,paypal,0,2020-06-09T13:49:39.583744
3c74dfec-6347-2044-6632-38d1f76e3102,44,3345.3484054840037,electronics,credit_card,0,2020-04-24T14:47:49.500624
a4a7d6a6-177c-945c-2203-d3d236a63686,80,100.93493880391928,books,paypal,0,2020-11-15T10:17:28.632792
aaaa527e-88ef-73dc-6691-2790f127b577,28,598.4735674943164,books,debit_card,0,2020-06-19T12:15:08.923449
97a3b4a8-c787-cd7a-4e5e-5663923b3c15,43,15.769462939992627,electronics,credit_card,0,2020-06-08T14:04:46.154559
dd31410c-775f-2345-a709-056447c4af17,45,776.1850621104522,clothing,debit_card,0,2020-08-30T22:06:08.387214
acdbfd07-2a84-b83d-296b-b690278e4fcb,40,4674.425008302724,toys,paypal,0,2020-07-21T16:42:44.224418
bdde325a-cf2a-1196-0e19-8ff4604e26c2,78,1162.299738255162,electronics,paypal,0,2020-10-10T07:46:35.747902
6aec4331-ebb5-b205-e076-7e27c9909ed7,58,1467.2621553322535,clothing,credit_card,0,2020-08-13T14:54:46.872440
e2d6b1a4-682a-d5ee-949d-acd92c848403,79,2587.4140352596914,books,credit_card,0,2020-08-08T03:16:29.681065
e370dcd9-666c-78b1-dcdc-3f7a2c8bf078,30,4878.389640654957,books,debit_card,0,2020-08-11T07:09:45.467453
c9306411-698f-a2c4-4509-8b418b7f366c,27,3466.7537517574283,toys,debit_card,0,2020-03-23T14:34:11.628684
53bef6f7-f436-d633-c517-b2005f469ac6,37,3214.861999363,electronics,paypal,0,2020-02-29T09:40:44.138857
4d8cd60a-55dc-f83b-ca53-65c42cbb7f09,75,1558.1917167170498,food,debit_card,0,2020-05-17T21:04:43.748596
3abd7844-e78d-545b-18a5-40a2cf09efa5,35,749.2886315903236,clothing,paypal,1,2020-02-06T17:43:50.142830
24d19e7b-b2b2-5d2e-4b46-6d4f3d1122f7,56,1539.5904904273866,food,credit_card,0,2020-07-02T00:47:33.896291
30a013d6-37e8-fb06-d7f5-ced8ca4b6950,34,1808.1545009115591,clothing,debit_card,1,2020-02-15T22:55:07.817047
7369266c-4e4f-ad4a-3c5e-8fcd18458f9c,33,1357.2575633574663,toys,credit_card,0,2020-09-11T08:52:52.920882
70a6ee8d-7c76-da20-f8c9-d6702d9ca9c6,73,1005.9214613418155,clothing,debit_card,0,2020-11-26T15:00:21.910728
f3e0abf4-ec56-2d23-d60b-388feb44606a,52,3687.063793378945,electronics,debit_card,0,2020-12-11T17:53:46.228815
f120166a-a24d-72e0-929f-62d6bdbf9fd6,43,804.7427434646568,electronics,paypal,0,2020-11-02T05:12:12.452867
aa47e9d0-c319-bc72-0242-68af485a79f6,74,4737.694678994794,books,paypal,1,2020-02-02T14:10:13.603573
2ac14c27-2a90-e5c6-bb10-c8c87157c5ec,41,4569.056029485013,clothing,debit_card,1,2020-02-20T09:07:26.815969
284bdbe3-80c4-3cea-bad5-a2edf6d9f3a8,74,1452.9808414132785,clothing,paypal,1,2020-02-27T13:16:28.810099
210e9e44-83d7-997f-2009-d77fd8f5e9fd,53,1434.8159299112845,toys,credit_card,1,2020-10-15T17:58:03.182106
e9823f98-5ce9-9f28-c6f4-e2a49232d0e9,64,258.6137776602363,clothing,debit_card,0,2020-02-04T21:02:16.319126
3fd341e9-32f1-b840-71c8-6533fe1f8c47,23,3492.970450517312,food,credit_card,1,2020-09-24T16:06:30.895905
714596d6-4091-ab3c-caa7-fb07b14f6f3a,36,3575.968197614343,electronics,debit_card,0,2020-07-23T09:00:59.263022
da2b6c8d-0fc5-bbd5-8546-3694081b6d45,72,159.0998162061423,clothing,credit_card,1,2020-09-10T15:29:21.492254
32c3472d-b121-18ec-9df6-3f2c3d349776,41,2340.5906232819807,food,credit_card,1,2020-08-14T15:04:53.830512
13eb8f74-90cf-3e39-4c73-3ab8b94e07ff,53,4286.559260728085,clothing,credit_card,0,2020-05-08T14:08:49.393828
bd96c437-3822-898c-7050-f26dac4fe838,59,4166.73828449548,food,credit_card,1,2020-08-16T23:12:21.567004
a7eb3c44-7629-427f-84be-534eb3f934e5,52,1723.9167726785838,books,debit_card,0,2020-12-21T06:28:15.378459
eede911c-4ba4-3c1c-102e-88be200fa5e2,33,2842.703713754459,food,paypal,1,2020-12-17T15:26:51.985907
c74de0c3-c4db-0b6f-092f-fd5d206e2814,48,1859.6545469217208,clothing,credit_card,0,2020-05-03T07:29:21.766565
91ba2a66-9ca2-fd2b-b904-5a545d09746e,67,1552.0867170816143,toys,credit_card,1,2020-10-06T22:01:42.590368
66d8656c-16cc-b0a9-3c04-c13bdf28f755,78,765.2267377018,electronics,bank_transfer,1,2020-10-20T02:07:01.295537
d162d9b6-0632-588d-17c5-75f22f381a36,69,253.37790644967225,electronics,credit_card,0,2020-03-16T18:29:37.571004
7c3939ab-8d03-3dfd-1260-3abad8e48c9e,19,536.4552181248622,clothing,debit_card,1,2020-01-31T15:28:14.463725
2cd5aceb-5f92-bece-eb50-d4b78384b8b1,70,3384.5846774339084,food,credit_card,1,2020-10-05T00:33:05.133646
f81d0561-7906-5400-62e7-cb296ac72051,42,2479.8474799280298,electronics,credit_card,1,2020-05-04T02:12:48.583164
7e677a18-6090-775c-c88f-c5cdecd48831,50,945.5736351746801,electronics,paypal,0,2020-01-29T07:28:12.098199
84b56f5f-0374-5356-d1a3-c5c40145b497,35,115.3143200120166,electronics,bank_transfer,1,2020-07-15T19:16:46.789232
955b5842-19f7-b849-00d2-23303689f707,57,2022.8326629308835,electronics,credit_card,1,2020-04-18T01:57:16.136215
3e5fbe92-87a8-59e4-fb70-9a2024a144d2,30,4711.357200188467,toys,debit_card,0,2020-04-28T06:46:07.591538
24ca0326-fc9e-cd8e-7044-935953102247,70,1337.1674752110466,food,debit_card,1,2020-06-01T02:55:30.647255
64602b9c-050e-cdd8-00fd-57f951aa46f3,22,2453.307293956286,books,credit_card,1,2020-08-26T07:20:16.287616
d63f0086-309d-dfcb-de1c-e4197a636cfc,26,3988.819465492312,books,debit_card,1,2020-11-17T19:19:05.831203
6a088465-3072-8c81-6d7a-00b0470a223a,60,3577.5476894824515,electronics,bank_transfer,1,2020-07-08T19:23:48.675396
eb648f35-eef7-d788-831d-a3fbb9d96d02,64,512.3853520735461,electronics,debit_card,0,2020-07-16T09:51:06.350901
b370a47c-67a2-1000-425c-94abf2eeb246,46,2703.5908622375873,electronics,credit_card,1,2020-11-26T09:27:11.151584
0f5a7727-902e-3e98-9bd1-6b8db851618d,67,4847.453371341846,food,credit_card,0,2020-11-07T05:13:28.080871
be8c405f-88d4-3976-9944-44cd61b708ad,29,4443.330471636084,clothing,credit_card,1,2020-11-01T13:55:32.331259
1e2fb8ef-9249-8176-5e50-b8550fe1f0c0,21,2961.3051628701473,food,credit_card,1,2020-08-29T08:21:00.064445
73b27efd-bfb7-559c-fa14-6ee3f9463a8e,38,2694.6517535221697,clothing,credit_card,1,2020-08-03T13:59:23.523228
a4b02649-ab5c-da75-6d57-04ae34234f64,41,2288.0650770453653,electronics,debit_card,1,2020-06-17T17:55:25.828657
139ad2ea-8b39-867b-4d1c-376a322f8b6d,19,1847.1471590786343,books,debit_card,0,2020-08-08T08:09:03.122634
57e15e8c-7a9e-870f-0c32-c1d6ee7da24e,76,879.5100530853554,toys,credit_card,0,2020-04-07T02:07:09.469910
40c087e8-4d27-08bc-b670-c7b38c426ffc,36,4425.679491584232,toys,debit_card,0,2020-06-05T11:46:54.311921
bebde3f5-89e8-2021-7e20-94c7b9d103ee,23,2967.5250489114615,clothing,credit_card,0,2020-10-09T05:27:49.523983
60178270-b04d-4eb3-5a0a-63979c5420dc,68,3585.83685422255,electronics,credit_card,0,2020-01-01T08:21:51.424028
7441b625-5ae5-8cc5-ecc9-697d1dd3985e,73,3619.0649694335725,books,debit_card,0,2020-08-20T13:13:25.056995
51fc2819-ba17-05e0-af73-7c485936602a,40,1063.7392419670005,clothing,debit_card,0,2020-04-04T16:03:16.084673
e721b196-e239-7714-065c-f9cbd136f99d,35,799.3414370306152,books,credit_card,1,2020-05-21T16:48:45.565386
bd4332fe-23c7-4af8-2264-c05ad78f9efa,62,3512.038873775277,clothing,debit_card,1,2020-05-25T21:24:59.763254
ee5bb023-8876-cd51-18b1-db82094fc023,71,2887.5166277807343,toys,credit_card,1,2020-11-05T04:54:49.119967
e4f61950-6cca-1b5b-1c08-9e0513c7302e,60,1169.392323675954,electronics,credit_card,0,2020-11-17T14:38:12.192261
87732407-7543-20c0-2d78-498d7e3588af,41,4773.916218480228,toys,credit_card,1,2020-04-07T11:17:49.667316
debb6aec-c861-5a33-07c6-1e3668e8c044,50,856.1009786754972,books,paypal,1,2020-09-25T03:37:34.464114
93166e13-c8dd-ace9-8876-5d48f1d3cd5c,34,4350.823351922172,food,bank_transfer,0,2020-03-12T23:40:50.200581
79ef2313-a7b9-0ca2-0c71-8ac8083d4c4c,59,674.0041473911157,books,credit_card,0,2020-11-18T17:05:35.871686
862dad61-696b-9f98-7093-f66769ede280,62,527.1196231544994,books,debit_card,1,2020-03-07T01:55:10.874190
4877ea2f-8daf-461b-deb5-c6b3f3242a26,24,517.0765034603196,electronics,debit_card,1,2020-12-23T12:16:32.554089
7c2aaf8f-f8e8-bb6c-97c0-d103cad61c3f,28,3116.015948718062,books,credit_card,0,2020-06-29T06:13:04.189345
7bb7410f-1bd7-4ad2-a13f-1a03ccd369aa,52,3171.6376296243307,food,paypal,1,2020-10-03T23:50:01.321160
adab6691-1be8-7a60-6943-36d1136d3636,52,4075.821777630451,books,credit_card,0,2020-02-27T02:32:27.447755
784ee10d-43cc-16b2-8bf6-3a53201f7058,34,322.1983402047385,books,debit_card,1,2020-11-05T21:59:11.640132
99193c8c-76c7-e12f-de50-3f32068593ae,70,2231.5928017778697,food,credit_card,0,2020-04-13T14:28:56.427905
c0cc0cf8-eac4-2e28-9902-9f63938ed8f2,79,3868.1154636753636,toys,bank_transfer,1,2020-06-14T11:43:45.387071
049565f5-fa7a-fe7a-f26f-f8776aa7d21c,46,330.33141312892303,food,credit_card,1,2020-11-23T01:11:52.099883
547cd29b-7fd5-0c4b-cff3-d0c6a6454093,63,4703.122622291935,food,bank_transfer,0,2020-05-16T22:29:37.320956
839a63ec-7d4d-c3db-3fea-36a3bcf466d4,19,856.7760071782682,electronics,bank_transfer,1,2020-01-08T08:23:20.329077
2841d308-835d-ce9a-02f6-7a8d8af24d26,47,1909.9334628599674,electronics,credit_card,0,2020-06-16T13:39:50.437928
20a40a90-155b-8d91-18f3-b7844348471c,65,3623.4125048574174,books,debit_card,0,2020-08-17T20:39:46.569011
4eb9cacf-690b-aff5-e00a-445e850fd9de,65,2658.011127824615,toys,bank_transfer,0,2020-02-10T10:58:11.122931
8cd988d8-1e91-4181-8f93-7f4c5f696d62,53,332.9720381633326,toys,paypal,1,2020-09-02T12:06:46.243709
b9da2869-5590-a9bb-f945-acb3f4058f42,49,508.92517327503396,clothing,credit_card,1,2020-08-09T08:08:03.088352
3d283987-059a-df24-4fae-a00db9099697,58,514.7823234953938,electronics,debit_card,0,2020-07-29T15:16:56.015613
fe1b3505-1205-0f31-af37-d051c0f4ab2e,22,3579.7278093692603,toys,credit_card,0,2020-10-29T06:24:23.300721
14ed4f3d-8946-63d1-110f-a323eb5bc971,66,4418.967187068014,electronics,credit_card,0,2020-10-21T07:07:29.517845
78b29309-b2f4-6367-9994-59aa73381b15,69,2327.411870511105,clothing,credit_card,0,2020-03-28T11:14:04.444043
5d721205-887f-979c-3b42-5370c90ec35f,67,2837.33168805542,books,credit_card,1,2020-11-14T11:15:48.410222
05a5934c-4a26-feb7-4491-337d974d0e11,63,638.2861638374344,food,credit_card,1,2020-09-21T15:04:08.320255
85f5a07a-2416-3227-f94d-fa917b6abb4b,77,3267.219415315034,toys,credit_card,0,2020-12-31T05:49:23.606607
0c240721-eee1-28e1-742c-4a392e912cac,43,3202.947380805678,clothing,debit_card,1,2020-12-20T06:03:08.155651
801a576e-22f8-5524-5824-f5dd234d2563,37,3237.403985286302,books,debit_card,0,2020-11-11T05:21:46.452752
4eae2c0c-323e-00f8-fddf-0276dbc9f0ab,36,2461.8661860569937,toys,debit_card,0,2020-11-01T11:58:02.972126
cdcc203a-b5a5-5595-5a59-32b37c32a363,58,4293.374917675373,books,credit_card,1,2020-11-01T15:23:23.591211
a9168377-62f8-cf7f-0898-7582eda089b8,19,128.70225449908529,food,debit_card,0,2020-02-19T20:01:18.868011
6d3de81f-a149-fc7b-a751-39ad80611a5a,75,4085.389475098586,food,credit_card,1,2020-08-11T04:46:04.105093
bddb8bd7-5a24-5ae0-de56-0bfdcb002b0a,45,3989.859433469961,toys,credit_card,1,2020-09-30T06:11:47.120178
42293283-a528-c3f0-ea86-fc11818ea842,56,1469.5179922300217,electronics,paypal,1,2020-08-10T04:08:26.713829
0eba2d64-ec9d-a035-ffd5-fcec79e060c7,49,3724.4317946444576,clothing,debit_card,1,2020-04-24T01:31:55.693804
e30f15ef-0865-e641-760b-b4ce0b9e0699,63,4735.78665935156,electronics,bank_transfer,0,2020-07-18T16:33:35.391095
4a7bbba8-83ca-2166-0467-3dea4fac18a4,44,289.0033991096853,books,debit_card,0,2020-12-19T08:20:39.527966
1fb94699-3ec1-384f-a6bb-77067739939e,26,2819.6744280321354,books,paypal,1,2020-05-08T14:29:59.474312
78647305-d0a7-b4d8-4cac-8922415a454c,77,833.4424827551701,clothing,debit_card,1,2020-07-18T08:10:05.509204
2348fd9b-338a-22de-3719-6740633dd20a,71,2886.5403096807822,clothing,debit_card,0,2020-06-14T00:38:00.088747
6ec80d21-ce10-af14-fc6b-a245e7013bdf,57,692.9549191532637,electronics,credit_card,0,2020-07-06T03:43:56.677722
daee7526-c9dc-1ed9-d588-b262cfa79098,57,2567.226172915252,food,credit_card,0,2020-03-07T02:54:46.314031
b380433c-a527-89d1-0c67-76378cc9be0e,76,1219.484406062848,clothing,credit_card,1,2020-12-15T15:37:51.690203
2e09d9e4-e620-35a5-13b9-a7905daef731,30,1836.768536598746,clothing,debit_card,1,2020-02-11T02:18:08.817303
59d56a05-34bf-274c-2703-11d94cbe5f28,79,1771.787880801002,toys,bank_transfer,0,2020-11-05T20:16:33.394613
5529f7f6-661a-0b26-26da-82063350fb6f,66,169.90711297944316,clothing,credit_card,1,2020-02-06T23:51:16.081652
38ec398c-9922-378a-a70f-913fc0c9b8a6,45,1413.5756638050302,clothing,credit_card,0,2020-08-09T06:43:54.654862
17384eb9-066f-0f95-7eb2-350d4945a936,43,3999.9147849115298,food,debit_card,1,2020-12-03T17:36:23.253793
f84d90b0-4446-d27d-1f6a-a5e693ae1926,21,1134.245674082789,electronics,credit_card,0,2020-05-21T21:18:08.933455
f5300183-df53-3833-487e-2ebf4e0fb7b1,35,3673.0961839354636,books,debit_card,0,2020-07-13T11:18:54.047965
08e0bf97-77f4-eadd-5dd2-37d081815cd6,51,3706.2012667012295,electronics,credit_card,0,2020-06-14T07:06:39.519899
50cdcce0-a2b1-e134-8a53-00cb062f0648,37,180.86540162649726,toys,credit_card,1,2020-06-20T16:50:45.311525
e06d9176-3e3a-d290-d513-5d2b9c67151e,41,3075.0898928694965,clothing,credit_card,0,2020-12-11T18:33:38.647918
16360759-ca2e-e9b5-c1dd-894d1f47e069,75,2874.6500633619194,toys,credit_card,1,2020-10-10T05:39:34.424449
0a4555d8-5ed7-9b2c-1a0e-8432ce4daf5f,60,1787.7672238363502,books,credit_card,1,2020-07-08T02:49:13.068913
7e38344d-d7e2-26a9-ce59-d273c9830da9,67,291.47715603923984,electronics,paypal,1,2020-03-13T04:51:25.399507
0fee653b-248d-5721-a058-288fb2f4d5cb,21,2402.0210853314984,electronics,credit_card,1,2020-01-29T14:07:30.592639
8e8d5fcd-ce5f-c258-abb7-b316bf3ae027,74,2370.9425814811434,electronics,debit_card,1,2020-11-10T20:13:25.752305
85d9c319-de6d-69a4-51c4-35f89197e424,73,1775.593849961747,electronics,debit_card,0,2020-12-30T16:57:12.339605
9ef37538-ebb1-ff0a-656c-faeef451f88e,70,1293.2411220665554,electronics,credit_card,0,2020-09-24T01:15:26.030616
c872ffab-64c1-f22f-bab1-b13288350c4f,65,3871.488880490937,electronics,debit_card,1,2020-10-07T17:45:39.442608
b5dd471f-8b58-7b2a-66a8-d0f9192c8de7,72,3661.406642719208,toys,credit_card,1,2020-06-02T15:32:45.815255
8fb4ab56-a81a-bf23-34db-fc9a55ff1166,33,3737.739473092285,clothing,debit_card,0,2020-11-27T17:01:35.113634
cfcaad30-4eda-b26d-831c-dc4b838f1e5d,49,4323.692111646741,clothing,debit_card,0,2020-05-16T15:49:49.982618
d0798cf6-f5ed-48ab-1683-3218d3a41635,44,2584.8127803460893,electronics,debit_card,0,2020-03-30T04:05:07.585829
af71868b-09ff-70df-aff4-f86091a58a84,43,4942.8876744845,electronics,credit_card,1,2020-01-27T15:54:03.098424
ad35a6b7-71f4-6ef4-5c62-a75070ae6de4,76,2308.895319270521,toys,debit_card,1,2020-05-17T13:05:30.605903
0825dca1-434f-ca41-152b-525949e45b2c,51,4928.95945190497,food,credit_card,0,2020-05-04T18:40:03.567497
25507b65-af50-511c-a934-acc354e51f99,62,709.3612711478605,electronics,bank_transfer,0,2020-03-08T04:54:39.723654
089dcfdf-1d93-c6e6-d93f-b373d6e47317,71,834.9481929018075,clothing,credit_card,1,2020-10-01T00:08:02.709296
ccbc3fdb-fbb9-8d09-ecb2-5d9853865543,57,2183.5730724261707,books,bank_transfer,0,2020-10-21T10:10:29.456655
5b9412cb-459d-c142-a5a3-d3538393342e,43,2515.562052580455,clothing,credit_card,1,2020-03-24T11:57:11.100639
30f3dd81-620a-0bd8-21a1-af77558370b6,63,3748.9387958917096,clothing,paypal,1,2020-05-07T19:05:58.576750
55bb5a38-d522-7a9e-ff9a-31a95f4ffc4c,66,4494.057394875933,books,credit_card,1,2020-09-28T14:41:36.029288
1eb7f0c1-48e1-7c96-2d48-57ec40dc17be,23,3132.9698502605575,food,debit_card,0,2020-04-09T17:15:44.301315
1b83144f-8253-c1dd-8f58-f0bf24afe297,38,4738.675086084722,clothing,credit_card,0,2020-04-13T15:16:12.951567
7674789f-8461-da44-faf4-25084ff9fc06,53,165.31271776554604,electronics,paypal,0,2020-05-14T23:21:47.991188
87d994fb-1c4b-cede-3ed9-20a93d26ee3f,50,3699.2415015531096,electronics,credit_card,1,2020-03-02T02:14:25.221410
969c628b-75e0-dcb2-98e6-dbdd41ab37e9,28,3237.2972111574327,toys,debit_card,1,2020-06-18T16:58:47.733194
180a5950-2340-7149-e1e4-3b207a366d51,36,2615.3946036273705,clothing,credit_card,1,2020-09-26T04:03:44.504423
255349e1-e120-a52f-56e2-1a235c837971,57,1883.3811374062423,food,bank_transfer,0,2020-01-30T02:40:13.436526
a118f5fc-5d53-5b66-b879-040a53b7226f,19,1919.6065261106296,food,paypal,1,2020-05-14T09:28:16.528909
015c40d3-7773-45ae-c516-40ea850dac8a,62,2325.6549788770744,books,debit_card,0,2020-04-29T09:25:50.333836
e35efab8-e825-61f1-503f-063ad65265dd,58,2725.2967152919864,food,debit_card,0,2020-12-18T22:18:40.759611
ee44e885-1c7f-3b88-79da-1bc0681dc698,43,1603.1460162837145,clothing,debit_card,1,2020-03-09T20:26:24.850975
699b478e-d497-fc3b-3cde-d3030a842f9d,64,1451.8163890496498,books,paypal,0,2020-03-19T20:32:06.542062
e0843fd8-54cd-c6e2-0ea4-97ff60295a85,24,3578.5432481717476,clothing,credit_card,0,2020-12-16T22:55:50.054843
4a2d41a5-0f04-86a9-16cb-e2d63d7603aa,68,2911.9881413133185,clothing,debit_card,0,2020-08-21T05:55:15.035414
f3d13876-953c-cc6a-2a66-f79a256de756,73,1851.3644293024338,clothing,bank_transfer,1,2020-12-30T08:55:39.293062
953981be-495d-badc-9511-8667856e95ad,71,3101.176263634865,clothing,credit_card,0,2020-02-24T11:43:02.189567
c263ca22-eb88-4c06-7d4b-d0dd69801114,61,1878.8728163114813,books,credit_card,0,2020-08-26T04:21:25.188988
112bb5d1-1d06-ddaa-92e9-04df6e256dcd,24,4313.685164757326,food,paypal,0,2020-06-12T06:26:26.560437
6f097a7a-b99d-31c0-9200-b3e7caa1f107,30,3823.0059971589462,food,credit_card,0,2020-04-11T06:01:49.348459
d23a91fb-39f7-9262-aa46-4824de686e27,79,2032.5205208366801,clothing,credit_card,1,2020-08-03T18:15:13.132933
3f2b4f24-1209-9d95-f5ae-201c7e8d1af2,74,2793.402334185096,books,credit_card,0,2020-07-25T11:05:05.138987
181952d3-fd50-d8e1-9a95-2f4f51ee049d,52,2884.015833149131,clothing,credit_card,1,2020-01-10T03:05:15.031277
cd4e5df7-db8e-5af9-1c34-601804b08875,20,2986.1110705299893,clothing,credit_card,1,2020-09-07T17:46:37.400758
91e6f064-878e-37ca-217e-6b4e94e702b6,53,3025.721104542516,clothing,credit_card,1,2020-09-02T01:32:47.418142
586d4326-2cec-a568-5197-75716ca4ef3f,29,961.3167146696659,books,credit_card,1,2020-08-28T02:39:37.716362
5ae53b51-dec7-2308-b615-2e9bdffa9fce,71,4761.683425978023,electronics,credit_card,0,2020-07-26T12:08:20.882615
ca8a8db3-02f5-6dd4-c2a1-45598b757438,49,4257.382779953894,electronics,credit_card,0,2020-01-10T20:01:09.252118
ef3b66e6-5c16-2cd2-a5bf-1896dd7c4d44,25,2734.577329434612,clothing,credit_card,1,2020-08-19T05:38:12.914721
4b49ca58-6446-df68-60ee-acf0bde15523,53,3459.5446903290945,electronics,paypal,0,2020-12-29T07:24:40.167634
a7259d19-142d-e04c-98f1-e89d0517cb64,40,3116.043645756168,food,credit_card,1,2020-08-27T13:49:03.957028
9a63572f-6035-1773-8c3d-634e1c25d82e,60,1590.4346581188074,clothing,debit_card,1,2020-04-28T10:03:29.260388
d0ba74bb-8f32-4e44-6cda-e78a06a02842,57,3427.9742504657493,food,paypal,1,2020-04-01T15:28:02.654247
31241d63-93b9-9a05-df7e-a8af342dd8b6,38,3599.1781795101106,toys,debit_card,1,2020-04-27T12:23:26.877703
dcfa8f7f-6ba8-b1a0-ee9a-06649b40a1cf,38,2444.284039452157,electronics,credit_card,1,2020-05-10T16:06:00.724840
58cab3ea-4b71-ca53-c6cb-422bb83d7b5f,76,4374.217732098798,electronics,paypal,1,2020-10-25T04:30:30.270535
f7714856-e9a0-7f64-374e-d8cf37aededd,68,1692.9004084517169,food,paypal,1,2020-11-07T16:23:04.969509
284979c5-f064-8455-0a63-3859f124aac2,21,4940.6062676337315,food,debit_card,0,2020-10-27T21:32:03.802981
0f030cbe-5ad7-1e52-73c5-c147e49caa19,64,937.6437178801863,clothing,credit_card,1,2020-10-19T10:46:01.311221
b151bd0d-6e97-0f12-e4bd-a37b079d687d,62,1353.7875275485962,clothing,debit_card,0,2020-02-14T13:06:10.160207
d6cc2c31-35c9-1747-b7cc-5ddfe6909a6d,54,4914.733561497619,clothing,paypal,0,2020-09-02T00:50:12.004984
0c20d127-dea9-631d-a3f0-2a72eb3eaa02,69,2456.7937209098486,food,credit_card,0,2020-03-15T11:52:57.688851
026cf219-ae2c-2a75-a5c0-c0c86b61f136,71,4577.308448916391,clothing,credit_card,1,2020-02-06T14:54:18.273370
296194e0-23cf-568e-2452-ca7671b8dc58,24,2057.6944166540184,electronics,credit_card,1,2020-03-20T19:25:31.935393
a7c18d4b-417d-07b6-9ef5-308832bdf20c,44,4753.43280038737,toys,credit_card,1,2020-06-04T09:04:45.070513
5ea303b8-4042-9c1f-d0a0-843d0186dd5f,28,1867.2043850167793,toys,debit_card,0,2020-12-28T00:08:36.948826
6c8dc1a7-13e3-1f35-6837-5b616b8502e8,23,1933.3899248938726,clothing,debit_card,0,2020-01-13T15:13:42.701983
183aa917-6998-70b2-d649-fed47b2d2d04,63,2559.7068515981973,food,credit_card,0,2020-12-24T07:43:41.295074
85ef3adf-6302-d453-5add-03d6de41574e,48,3180.209524799628,food,credit_card,0,2020-06-19T03:29:26.224677
e61d808b-d807-316e-0937-469e45f14c12,50,4034.9970268375273,electronics,bank_transfer,0,2020-08-30T16:43:26.292979
d663daa7-4c22-b94d-f2e1-ea16d0960249,51,947.8650417349166,clothing,credit_card,1,2020-01-15T15:15:15.653104
9a8667b6-917d-ace7-de4e-ccff6d3a4353,50,4908.443455726783,clothing,credit_card,1,2020-07-12T21:10:30.326482
05a69397-6e8d-944b-2419-49cfe6e476e0,67,1190.7157801332764,toys,credit_card,1,2020-08-08T17:15:25.478241
81607f57-3d86-f1e5-5c4f-e6b6ab6c618d,67,1531.0359000828046,electronics,credit_card,0,2020-11-11T04:31:52.828805
9edcdce1-8235-e28a-e741-1a2c5322c958,50,3107.9267595721235,electronics,credit_card,1,2020-08-25T12:49:30.721734
f8b203f0-b93b-497a-ac2a-32749b26f6c9,47,4094.4861718535094,toys,debit_card,1,2020-07-31T10:46:38.962367
855fbaac-6395-a25d-53e2-17d8bafc2560,28,1696.7017361521703,food,debit_card,0,2020-12-14T00:38:39.864209
6d8ded28-a8f6-27a5-a2e1-8e054aafeca0,76,729.6963364065168,electronics,paypal,0,2020-06-27T04:31:23.767182
89f8b994-bcdf-c349-fa92-e914ac4a0398,72,862.3211248417313,books,credit_card,0,2020-03-22T14:20:59.102981
59434d9c-b74b-505a-bd58-7275a1bc179a,46,2256.954329513054,books,credit_card,1,2020-04-30T06:35:55.586145
3e69198c-dfb6-9be8-8164-9d55dd270b41,35,2723.6126074804715,food,debit_card,1,2020-05-20T03:59:35.599765
5bc6c05c-8356-0d15-298c-a4f24a2e0702,53,1799.0396648453393,books,credit_card,0,2020-12-03T07:24:34.469064
d86d65c0-3c3b-e3f0-e8e1-9f65cda57d05,68,4736.762001830258,food,credit_card,0,2020-01-25T17:58:03.236522
88c04524-e80e-fffe-d3ef-d479394c9913,23,1122.8025892694234,toys,credit_card,1,2020-03-01T20:36:11.942490
46b821d2-2b25-4c18-0722-aa9e48bf935a,26,1381.2039846015991,clothing,debit_card,1,2020-12-29T20:05:14.090448
aa1a1d9e-699d-d12d-0689-772f4b24ae41,33,4891.910648709795,toys,credit_card,0,2020-01-26T07:44:12.656728
95f6f42d-924a-6484-6d78-f3feb7ab8bfc,33,1745.4762328290255,clothing,credit_card,1,2020-09-06T19:01:36.346548
bdad1ec0-9086-aed9-4cb6-9ddc9ac06eae,65,2012.3647989460112,food,paypal,1,2020-01-13T18:17:30.393356
0268a583-dee8-423f-bbff-4a30d4759f7d,19,515.4539163547306,clothing,credit_card,1,2020-06-11T03:21:41.773257
bb64fb7a-3234-50a8-f5b4-b6104af51b46,23,4210.177203647704,electronics,debit_card,0,2020-11-27T10:28:30.088330
86c55490-3e3e-1a7f-3093-b3504edbe9ca,50,541.3670094917413,electronics,credit_card,0,2020-12-26T08:50:34.633269
f733efa3-e953-6100-5b61-5debbdfa210f,33,2490.0505069385954,food,bank_transfer,0,2020-05-25T05:12:40.892660
00afec19-c1b5-3a69-f114-b8bb0eb1400f,29,3825.0833902151685,electronics,credit_card,1,2020-07-18T18:43:09.115073
8d95acb5-cc04-e5a5-10d6-859019a06681,44,958.4106824880173,toys,credit_card,0,2020-05-21T20:01:26.472787
0c79ee9e-2cea-323c-5861-9d32bfb3f659,19,2516.8688233569724,toys,debit_card,1,2020-12-25T22:50:21.016837
2103b7fc-4941-2ed1-6cf3-50a4c7d60b10,54,3813.349744714841,electronics,paypal,1,2020-09-18T06:28:45.716025
4cef3d85-46f5-4f6c-0c85-1f2e89488531,67,2478.7362136800316,clothing,bank_transfer,0,2020-06-08T22:32:19.458495
2e3a5320-99f0-271c-afbb-d6bd308f83bb,22,2132.8910148472587,food,credit_card,0,2020-09-22T09:11:53.135188
4a2c696d-1556-992a-3ca3-098c93745497,39,1467.3102762078959,toys,credit_card,0,2020-12-15T15:24:38.471831
7c898786-e918-4556-b670-49c3095d8aa2,55,1775.1899753434016,toys,debit_card,0,2020-01-09T21:38:46.629778
74c43fc2-01fd-7dd9-0fcb-cd9ac7fad964,74,4664.930721456914,books,debit_card,1,2020-05-14T17:17:21.455376
e26f2680-e068-640b-dd0a-11a01ac34b68,64,3111.565947553834,books,debit_card,0,2020-08-20T08:44:36.012345
e702ac7d-33cb-bf78-c956-eb7a33e70147,30,2827.262077412507,clothing,credit_card,0,2020-08-07T21:13:01.150907
4d1cbcfe-e614-8f4f-ea59-cde6268a4067,52,3850.917028835345,books,credit_card,1,2020-09-15T22:42:16.277395
74287b19-ea2f-cacc-d096-bf55cae30b79,47,3615.428263293193,electronics,debit_card,1,2020-05-20T22:06:17.118867
23cc5077-e65d-ccc7-0869-ae22c595b7b2,66,4530.936524268173,clothing,credit_card,1,2020-03-20T03:44:04.411969
86ce1c31-0b11-e225-240b-63419370cb1d,32,2491.086089031842,toys,credit_card,1,2020-03-06T07:25:46.446013
276da719-7aa8-cb08-82bd-b8421e7e247a,18,2792.475429770344,books,debit_card,1,2020-10-11T10:55:18.645971
42b15b7b-6712-890e-508c-3ca6fff7a82b,32,2701.5867805240837,clothing,debit_card,0,2020-03-08T09:17:23.986061
131d112a-ba4c-cb27-8870-02e9d39e4441,46,979.8627877034735,clothing,paypal,0,2020-06-28T18:58:21.245203
9e7f7a6f-3593-69e5-e16a-308b956d25c8,19,3129.9480937307962,clothing,credit_card,1,2020-01-02T20:35:38.366521
70483fa4-4e27-3db7-43de-62fe6adc11cd,78,4902.327058798349,books,paypal,1,2020-02-15T03:21:32.526656
d3b4c96e-cdc2-2f62-3a81-e0e6b4d41df4,70,2678.824787595236,clothing,credit_card,0,2020-01-08T16:03:06.400436
6f3480ff-65b4-62bb-5666-0d60e5614461,66,4527.90845103063,electronics,credit_card,1,2020-07-28T00:08:39.209204
fab05823-05a3-02df-d565-4a2d1fb877f0,59,393.3066037981904,clothing,credit_card,1,2020-07-21T23:28:18.743823
e89fee6d-fedd-292f-8082-d84d6fc60709,27,794.3163337862545,food,debit_card,1,2020-10-30T11:42:13.329117
9bb901ce-9ed6-8e54-01b4-0ea17ed97f08,42,1156.4526596863316,electronics,debit_card,1,2020-06-23T09:33:15.996704
3bfd3072-590d-ed6e-5a32-1d6711c81664,37,4193.86992686887,food,debit_card,1,2020-12-12T17:15:24.818889
5e9dd31d-34e5-be55-b41d-c750e1e7f986,77,3633.4895698207642,clothing,bank_transfer,1,2020-03-30T20:31:46.055017
4d6a42dc-742d-1e62-5688-fd936ba318e0,41,1521.171946970474,clothing,debit_card,1,2020-08-31T11:41:58.638052
d4d08a58-2a6c-b044-a78a-1d844ba49dab,49,1446.0643075847202,books,credit_card,0,2020-11-21T18:01:49.775400
8886af56-a9e7-a5d3-ee81-2f3d92bfb67e,77,2149.89634110483,electronics,bank_transfer,0,2020-12-05T08:19:48.780664
761c523a-2e45-3199-c220-434afbc4da39,48,861.64808855511,clothing,credit_card,0,2020-03-17T03:07:27.650108
821bf1a7-cc62-55e3-f816-ecdb221a3310,80,527.0943659446108,food,credit_card,0,2020-05-29T14:14:06.056042
379056a3-a128-e48a-61c1-dd52e4b5b585,64,3486.7123587246133,food,credit_card,1,2020-11-06T09:21:45.718810
e584a53b-5d08-ca18-39f7-99f062fb5266,22,684.2757403799081,books,debit_card,1,2020-01-01T04:32:29.721577
12cff0b0-9f4b-96cf-3ccf-352a56b47cc9,56,3493.9681649678046,books,credit_card,1,2020-07-02T22:05:19.941812
d171f57d-f044-7913-89f3-3cf4ae555c14,43,1331.9839751815778,electronics,debit_card,0,2020-02-07T13:31:29.487794
f52f499b-fda8-a66c-84e0-83917faddfd0,64,4914.863359859433,electronics,paypal,1,2020-01-18T23:57:46.714798
819e14db-9b55-aab1-e131-6991c1529426,74,4650.927850176264,books,debit_card,1,2020-05-11T09:50:58.286213
419256f7-4647-9024-b9f4-1050e06af709,71,2185.4091867209772,books,debit_card,1,2020-12-04T04:05:20.999846
219ad2a3-1452-887f-961d-7657a29a146e,21,3124.538023367869,electronics,credit_card,1,2020-04-04T01:26:08.150366
a7dc6619-c2a3-e953-1aaa-a56552006a50,76,962.7801177373977,electronics,credit_card,0,2020-12-22T22:28:17.705174
e6985d5a-723e-64bb-52f8-361632ef3ffd,49,3958.851617999438,toys,paypal,0,2020-03-03T06:06:45.291249
4c850e6a-997c-c787-9605-7b5ad6f35027,75,1795.2744264633266,toys,bank_transfer,1,2020-04-27T01:24:22.838867
8db632b5-b55e-869f-ac2c-af707cc757c8,25,765.1993865063243,clothing,debit_card,1,2020-05-30T11:14:36.336690
87e8829c-e961-e04f-3af4-01b800452e84,36,1154.5890267848886,food,debit_card,0,2020-09-09T10:33:49.876258
c0217182-da92-b32f-ba91-d9de27e3e767,66,3286.750156670451,toys,paypal,1,2020-09-28T05:06:08.760470
15ac104a-55f8-2530-9ce6-97fefb16ed31,33,1566.9982548426967,electronics,credit_card,0,2020-12-19T09:39:20.435883
2a774b6a-6b1c-e5d2-f740-d748060906a3,21,4884.9631219110715,food,debit_card,1,2020-11-05T02:37:47.877541
46e8488a-a934-fbcd-7e53-7d1e4f976b0c,45,1333.3247416566471,food,paypal,1,2020-10-01T07:30:57.798307
e87129e2-c2fb-77f6-ba6d-bdb1a27b51ec,56,1647.8007059866527,electronics,bank_transfer,0,2020-06-17T22:41:24.454424
380d0cfc-5f3e-dc63-a169-0b44f3506f5c,54,2042.9016996520465,clothing,debit_card,1,2020-04-16T14:07:20.132988
61f2796b-3398-7dd0-2a25-d1f1d27b333a,25,543.9578121253992,electronics,credit_card,0,2020-09-21T16:51:08.079448
4ab0ad00-d5b3-4cf7-fdf3-ded63336b292,60,3011.8815450451802,food,paypal,0,2020-09-11T03:40:03.074721
36027591-2116-0450-676d-5d23fa3987c4,25,3326.231566268221,toys,credit_card,0,2020-09-25T17:19:28.812891
03b6cd36-bbbc-5119-e53d-3a7b7da2708c,51,1475.1290208087846,clothing,debit_card,1,2020-10-29T20:43:50.255703
53cba518-e53a-4af5-9c45-9391806c5872,71,4914.056924239958,food,credit_card,1,2020-04-04T14:38:28.185110
03b31a0f-897d-61ac-6c25-8c0ab2a1f066,54,2882.719842318517,electronics,debit_card,0,2020-03-04T23:29:01.841983
639b957f-4077-80e3-3e59-45a7f531e908,75,1181.7541988198327,clothing,bank_transfer,0,2020-10-28T12:22:42.209395
41da39e9-a929-f00f-206e-e9f74946999f,73,4543.921783401585,toys,debit_card,0,2020-02-07T07:38:56.867548
62e5f107-1819-9102-7376-2d7db6c5756f,80,2228.838068558452,toys,credit_card,0,2020-05-24T02:11:44.193622
473ac087-ca97-740e-4fdc-287ad0ea3575,52,2291.966796133034,electronics,debit_card,1,2020-11-12T00:02:03.218049
43550659-4534-01d1-5caa-0338eeb8e325,75,1771.653724601594,electronics,debit_card,1,2020-04-09T07:55:15.419847
bdde28b2-8809-15ec-61cc-0a282b3201cf,31,733.4390291120744,toys,debit_card,1,2020-06-30T05:37:43.437878
d8a3826c-8cf1-ea6a-c35a-6aeede7b2f9e,34,1887.0458535064008,food,paypal,1,2020-09-23T12:34:49.067039
9fb634b0-50ff-f062-ada5-7bce0c4a6edf,39,4090.2917047769074,electronics,debit_card,1,2020-04-30T11:41:28.545917
63f67ab4-037c-9375-4a25-5af0228d507c,39,1268.9182362545228,books,credit_card,1,2020-08-16T00:36:04.052397
bfc216ad-ae23-0d5b-6038-60454b5362df,52,4604.210557699125,electronics,credit_card,0,2020-10-14T23:51:23.596829
36bb4ad4-e2b7-5e47-b739-70ce957c287f,80,1871.5067968567373,toys,paypal,0,2020-08-08T22:01:57.856171
c85953fd-7b32-b152-cbdb-11d8fef1966a,23,497.42401970161666,clothing,debit_card,1,2020-03-12T20:59:53.662818
7a2d003b-e086-074a-8824-0aceeef2204d,54,4392.2561897602245,electronics,credit_card,0,2020-02-09T23:22:16.883078
d4ac5c2b-ce05-52fb-6cea-e932259ae6e4,79,2548.822603290167,toys,credit_card,0,2020-08-05T23:07:43.128515
ee954773-a589-c015-1cad-5c04d9746a66,45,533.5738255633478,clothing,credit_card,0,2020-06-09T14:09:14.666911
3e64cb74-4352-b1e8-8dbf-7f7ec1310089,61,4613.996516517844,toys,bank_transfer,0,2020-12-17T19:49:58.634167
1afd3e86-486e-026b-1fc3-0659b25abca9,78,1299.854146905877,electronics,paypal,0,2020-10-14T18:41:14.045784
ef56e17a-f95a-9265-1ee8-788d4a7f7a4b,33,2150.8483179937857,food,debit_card,0,2020-07-03T15:52:42.012035
e4a9c375-bb03-8039-90e8-abd5ae71ec94,34,4026.4069228755047,clothing,paypal,1,2020-12-13T04:01:36.528386
5aef603d-4c5e-64f3-6702-8030f0f10df8,76,4470.780063512835,books,debit_card,1,2020-03-29T05:31:16.875674
76006ef9-951d-c86c-8c8a-f4cf468de3a4,73,4137.171808532611,electronics,debit_card,1,2020-12-06T13:36:03.516302
d00306cc-6125-b122-beaf-fe965221d911,44,2918.2487819805265,electronics,credit_card,1,2020-01-17T02:49:18.694554
eba91410-faef-c86b-a05a-e93951bdd9a0,28,1872.9559412303233,clothing,debit_card,0,2020-03-08T08:23:50.881340
4216ed46-eeb3-abc2-4241-4d9c9dd9155b,77,2581.162025875539,electronics,paypal,0,2020-04-22T04:19:56.661866
bcca01fc-389a-23f2-4153-9dde3042de15,70,3699.9254370808994,toys,paypal,0,2020-07-13T01:32:52.709520
cd7c81e2-739c-9901-8aaa-35586d28a79d,39,2256.436547021601,electronics,credit_card,1,2020-06-01T18:58:54.277337
84e75c49-782f-52f7-4f39-8bc6335c444e,47,4451.03303321279,books,credit_card,0,2020-07-26T13:36:10.790804
a8cade2d-105f-384a-cc32-0b5f974dec39,74,1198.0805942603313,clothing,credit_card,0,2020-02-14T01:59:38.171328
ed650f2c-cb30-5e23-0b0a-f587c78986ca,80,4822.073957845451,toys,credit_card,1,2020-09-11T10:10:39.376413
b067e8bf-f932-9839-2af2-8e751e8829d0,23,4373.800518837568,clothing,credit_card,0,2020-11-23T09:24:34.368355
3a5d2f47-a540-aa95-e37c-0c0013f16bac,56,752.7014915013594,books,paypal,0,2020-01-27T09:09:25.140000
ecc2c95c-522a-628f-39a0-578a3570dcb1,30,4379.228832223351,clothing,debit_card,1,2020-08-22T08:04:14.259932
a36489ba-ee46-1606-d351-6e61c8f82dda,78,3413.6454343418145,electronics,debit_card,1,2020-05-30T11:36:38.271358
b12b85c2-3cd4-01b0-c9df-03bbfdecd86d,66,3672.903038896586,clothing,debit_card,0,2020-03-21T22:09:52.610731
454d5291-26ca-f9f6-0693-b19e3ba37ce8,39,289.510601464306,electronics,credit_card,1,2020-11-19T15:22:34.143228
e3e97a02-bb8f-5f83-4bf6-a616f24ada5f,30,4365.071068650211,clothing,debit_card,0,2020-02-08T17:29:52.684955
95b58da7-ae92-11f8-b94c-85c693965b05,57,2976.4968702010137,toys,bank_transfer,1,2020-02-11T06:58:31.009908
2f2d4967-b9dc-a025-2727-f1194f89177a,67,2174.800582713831,clothing,debit_card,1,2020-05-07T23:47:00.846729
2a9e50fe-a6d9-77d5-af83-cc8b15f353cb,66,1113.8257986274853,clothing,credit_card,0,2020-02-11T07:44:07.982630
db343134-d455-8737-e2a9-58e5192d3186,47,1560.5265222394335,toys,credit_card,1,2020-07-31T22:48:00.225816
d8dc0a76-6b4d-0474-7cde-6b6b5ca21953,48,4632.451090264411,electronics,credit_card,1,2020-04-26T21:13:13.976091
a5909fc1-f2f9-e720-3a23-3e7cc3eb0e41,69,2201.4819421231405,electronics,credit_card,0,2020-08-22T04:23:59.533256
b115da56-188c-6781-bb3f-7f525bdaaf34,19,1155.366490890034,books,credit_card,0,2020-12-17T13:49:15.579433
41fd5709-b3e2-e012-b7ae-01974469521a,32,1900.6388003482243,food,paypal,1,2020-10-02T17:38:34.828026
6a38d69a-97ec-310b-f808-d180a0e8a646,69,3681.592827390569,food,credit_card,1,2020-12-08T22:35:24.468415
b4182a1f-981e-44f3-d6f0-d5a17f708ce6,71,2033.9713000809115,food,credit_card,0,2020-08-28T00:29:02.347476
936595b9-d71f-9dc8-2c56-38bc470387c0,28,1725.666702944253,clothing,debit_card,0,2020-01-01T18:36:37.034382
cd83f591-56e9-0401-b8ec-898d5b70091a,48,1331.6078734328355,clothing,credit_card,0,2020-09-06T15:55:40.036329
222eaf24-c4bb-0ef0-1475-e46775c1a248,55,4230.778619260974,food,bank_transfer,0,2020-08-14T03:43:08.185449
ee40427a-092d-e695-f726-3b11a817e20d,73,2198.872149757471,food,debit_card,1,2020-02-17T02:43:58.692136
6d78d74e-2db7-3673-5070-b2c3eb87f7cc,27,1316.31002980298,books,debit_card,1,2020-06-29T17:39:57.386697
9d4fc284-5808-7b0c-3c78-aaf9aaf34dcf,48,2074.3149842361922,food,credit_card,0,2020-01-15T18:17:32.997638
1fa1e861-ad17-3185-cedd-eadf0f0e6aac,40,2806.821081447955,food,credit_card,1,2020-11-01T20:13:40.128101
d02d1457-cf0f-e369-172a-b892debcaad6,26,946.8631410348942,food,bank_transfer,1,2020-12-08T16:03:39.969960
345f0b8e-266e-cda8-02a6-76db25e0da86,56,3874.52591199979,toys,debit_card,0,2020-07-05T14:30:58.651119
afe72974-edb9-c1a9-84e1-c42ce1054447,79,1164.9936294668682,clothing,credit_card,0,2020-07-12T21:34:21.846378
79257ce6-bed0-9bf1-b9a3-0bc08830810f,50,2246.338245247026,electronics,debit_card,0,2020-12-29T13:14:32.454017
2724eb14-8ce3-6ad7-f3a8-ad82b436fbb0,80,4299.054178175852,clothing,debit_card,0,2020-12-12T08:31:18.766214
77f0b71c-45bd-03ac-c3e7-836e65e1dd84,71,1194.6473791058897,electronics,credit_card,0,2020-08-08T04:46:29.977954
97295abc-550d-23fd-31f0-f1afcb4c3e9b,45,3806.559785106362,electronics,paypal,1,2020-07-07T12:52:05.115353
d390f0c6-dfad-794e-30ba-e54814114bf2,36,878.9931115143114,toys,credit_card,1,2020-10-06T06:53:58.231076
323fa273-a918-7b5f-4682-c9adf0107d67,34,116.9548358666403,books,debit_card,1,2020-09-13T00:11:35.599240
eeea9c03-536b-3276-f762-a550585bc933,23,3740.0077456274853,clothing,debit_card,0,2020-12-31T08:04:33.160122
205929a2-5aad-10ea-ff65-c6c4fedaaa5a,63,1364.9252605056217,books,debit_card,0,2020-10-17T00:51:52.841786
88f2773e-c154-7cf2-54bd-83099595037d,57,998.4169878487907,toys,credit_card,1,2020-12-11T13:04:46.873868
ef809a44-4275-bf84-800c-01e826e87902,39,864.3757082442526,food,debit_card,0,2020-07-25T20:21:37.553958
f4d37139-67d1-ecc5-8a4a-34e8182ad4ce,28,1715.4148565744345,clothing,paypal,0,2020-03-24T07:08:09.400298
2814cae3-5e52-6f43-a042-4f56a6d2df2a,38,582.2073250566999,electronics,debit_card,1,2020-09-13T10:31:05.415085
660b7e50-6e37-ec6f-75b4-5a503e60ad96,62,203.96367054949067,toys,debit_card,0,2020-05-07T09:46:20.943638
b5a04d92-93a0-6c30-395b-b6c5605822a1,32,2943.8127446028707,food,debit_card,0,2020-02-17T07:23:16.149578
943e1bb5-2f4a-8bf5-eb4d-9f6db8dda1f3,30,2251.944006784737,clothing,debit_card,0,2020-01-24T04:20:10.181655
260d814f-ef84-ff3c-a770-c60d28f09fb1,52,2997.4021067704725,electronics,debit_card,1,2020-08-10T22:38:39.466678
6d41b449-a52a-a7a0-2459-d81f1c52943c,58,1455.7557912077784,electronics,paypal,1,2020-01-10T02:17:21.224249
1bf490f0-eae1-db86-35c7-511eea1ffa55,24,3414.6427147677077,books,credit_card,1,2020-04-21T09:53:05.884763
99224a85-13e1-4ace-31f0-9f53cb5be9c1,57,3725.781940999711,clothing,credit_card,0,2020-05-19T16:50:14.558391
9cc0697a-102c-94eb-9ca5-4ef732a6513f,44,2840.3127512469628,electronics,debit_card,1,2020-01-27T10:05:09.921327
fa43c808-b282-911b-35e4-513d32ad690b,76,24.189502431857562,food,credit_card,0,2020-09-18T00:37:22.516313
27713eb9-c2e3-171f-a342-960600bacdd3,69,1746.1757058963246,toys,credit_card,0,2020-06-10T19:05:27.413402
c9e8ab3e-cd91-7707-914b-b7bad86aa09f,74,4098.085225947165,toys,paypal,0,2020-07-10T12:27:06.871906
15acf80c-c3cf-60e3-28bf-2d1cfc6c487e,70,4524.23022181955,food,debit_card,0,2020-04-22T14:28:54.362530
b8b08353-c8fa-731d-ca32-cc5e1e67bf2b,19,75.14244734129743,books,credit_card,0,2020-01-20T05:26:18.475070
671df850-221f-113e-6bf1-55abec3f1a09,54,3674.3065978880372,food,debit_card,0,2020-11-09T11:03:36.867969
ec35aa3f-733f-3343-9a01-f07276957e0d,18,3705.5361061521285,electronics,credit_card,0,2020-09-03T19:47:28.328634
4c33f640-3cde-0a4b-e4d7-3150a586994d,40,315.3902393170291,electronics,credit_card,1,2020-02-25T16:46:13.371446
a8dab59c-c2e9-c637-cea2-e5f8fb4e19c4,55,3373.255478911706,food,credit_card,1,2020-06-23T05:27:25.464792
b7d4db68-78dc-06bd-bce9-be059fbfbe09,35,288.4435184005885,food,credit_card,0,2020-02-04T04:09:24.649067
1e6d7eb6-0023-1722-0bf5-e4949154c6dd,78,757.1652815525568,electronics,paypal,1,2020-01-28T20:37:34.120608
e77cab6d-459e-3bae-b571-ae3456639931,61,2169.298663874639,clothing,credit_card,0,2020-03-27T05:23:52.102289
005345f2-8c81-7d00-0750-659171bec475,42,3394.4197485136274,toys,credit_card,1,2020-05-16T19:03:23.138165
acf596ba-bd8a-e108-b1e9-ff2b3b3200f9,40,72.85444977181386,books,credit_card,1,2020-01-14T00:28:01.199203
595d4276-04d5-fb64-9e85-7678760b63f8,60,2141.309086691881,food,debit_card,0,2020-06-10T06:54:57.880022
4f78faba-94c4-cb6f-31d8-dd0554d1b8c1,50,2966.2349633498716,toys,paypal,0,2020-07-29T16:12:09.351344
1f8aa444-8bbd-0dba-016b-6444b3d95afd,19,4581.463730808859,electronics,debit_card,0,2020-05-08T21:53:31.473087
52e4a68a-7292-2049-a63a-c5d482a85cbc,79,1740.014427850423,clothing,debit_card,0,2020-04-08T07:12:53.481154
9dcc5f00-7c0d-db25-f4d3-a68abb5c492c,48,4330.526681232216,books,debit_card,0,2020-09-16T16:17:15.334188
0a51e81b-213d-f034-89e5-3f7c4d0039ed,25,3163.132008086318,electronics,credit_card,1,2020-11-09T15:02:09.684037
2c9e51b0-813a-fdc1-8898-9c0aa89d6743,47,3571.5695632780767,food,credit_card,1,2020-10-03T12:05:19.274586
23b686fd-80cc-271a-d933-73124d3c5304,36,1072.877104341307,electronics,debit_card,1,2020-02-01T19:30:05.456106
e5067710-aa14-e9f0-e77a-c73af718a894,47,550.4833002679644,food,credit_card,1,2020-07-06T17:10:00.458133
c35645b8-f3ab-a501-1600-d6bc88e2c38f,61,924.4943240541686,food,credit_card,1,2020-10-31T01:52:34.477589
3cb0d761-f19d-b3d5-17d1-df87ce9b2246,29,2365.3318672456116,food,credit_card,1,2020-04-07T21:36:45.038198
5bcf6e22-9b29-15eb-7e61-c7b5a4d559ef,56,54.19941182161746,clothing,credit_card,1,2020-12-15T11:15:51.291109
c1a8227c-afbb-6f53-03ce-d6ada4adb048,67,4024.3653740400873,food,credit_card,1,2020-03-16T00:43:45.253098
145c3c35-5059-d8fb-3ad3-3e298b43c0e5,78,4254.216444183968,clothing,debit_card,0,2020-01-30T14:29:59.574233
e534b2a6-a26e-0bd7-abd1-74b71e563b59,73,4486.381178671195,books,credit_card,1,2020-10-03T21:14:55.693747
5a6a6c0b-8e15-e39b-b1d9-b5fd2b58aaca,58,3875.159875639823,electronics,credit_card,0,2020-01-11T08:32:32.388461
9f7493df-9ed2-2af4-626d-de9df27b253e,63,3962.886698983399,books,debit_card,1,2020-05-02T14:17:50.766539
1dfd8358-0fa6-4170-6abc-ad5053863add,77,2384.9570776750484,toys,credit_card,1,2020-04-15T06:20:46.332244
5b0c56fb-8c0e-03b4-81b6-804026c59133,50,1141.1334736612212,food,credit_card,0,2020-02-05T14:51:40.149460
7096c17f-305a-976d-caf5-04221efe4e4d,68,4388.401839180966,food,debit_card,0,2020-10-19T05:16:34.404130
5344b551-5282-7e57-6d2b-474469438665,59,631.9009246521308,books,bank_transfer,1,2020-12-17T17:10:07.883587
36528e72-d85b-ea34-8f0e-fbf2bdb5f2f0,70,3839.965021595952,electronics,credit_card,0,2020-03-08T10:48:00.110270
5ed1fad3-9b73-4628-11c3-368ff819824b,80,4876.195279312309,food,debit_card,1,2020-02-10T12:47:21.154049
1c5eaa3b-1656-0a50-2998-aa943b3dafd1,27,2162.985383697489,toys,credit_card,1,2020-08-01T08:59:20.314219
4cf5b100-2a82-38e8-3c5b-b0e32b1389f0,45,1535.1452118010163,clothing,debit_card,1,2020-11-18T12:29:12.064829
96e1589c-545d-94d3-c800-7446bbd10d10,35,410.43657195025304,books,paypal,1,2020-04-11T17:21:41.982354
9e1125b5-1a28-8a28-7a87-258c54b6fabf,47,4913.773304582957,toys,debit_card,1,2020-12-13T10:41:09.459245
4ff199c9-0ade-75f0-5a53-b6f3f49b1e41,42,3578.5297857391943,food,debit_card,1,2020-07-06T05:04:23.821498
ef377264-34d6-c26b-466f-db2d73ce8ac5,64,200.84145323426378,electronics,credit_card,1,2020-04-19T14:12:16.938422
2a01b1db-3432-3110-403a-0e44f404082e,71,1028.088039313303,food,bank_transfer,0,2020-01-25T12:54:54.615355
1653ce17-88f4-4cdb-c430-c5db522d42c3,46,3694.860803816336,clothing,paypal,1,2020-12-15T07:23:31.230994
6507ec73-ad1c-d6c5-26e7-367eda7a1ee4,28,3115.646627332624,food,credit_card,1,2020-10-24T10:18:11.795311
fefa0d80-527c-79ae-4dec-a5c7200efaad,75,1575.6034810492697,food,credit_card,1,2020-09-19T19:26:10.430776
22ff1900-be81-d177-a7f7-0fbb49b26933,48,4910.156533679627,toys,debit_card,1,2020-05-04T01:10:49.305509
ad6d515e-9f23-977a-df40-a78077264263,71,2115.7220428158066,food,credit_card,1,2020-09-20T09:29:17.350906
1b45497e-c5ff-ee90-eb63-3e8d544b3cb9,23,1418.5694046036015,electronics,debit_card,1,2020-03-12T05:51:46.420429
47da643c-35a5-36ce-3b1e-0334c32de864,29,4855.583218828129,toys,credit_card,0,2020-07-26T21:22:55.259922
6d93a546-aaa3-b4b3-516a-47385d26e29b,20,4751.062894889216,clothing,credit_card,0,2020-04-15T12:02:15.314198
8c2dda98-f821-e953-b8b3-a3d27648664a,20,1502.5028341666941,books,credit_card,1,2020-07-29T06:56:18.770664
fe243a26-1260-8752-4da9-96bdce17024b,62,4969.020888525899,clothing,debit_card,1,2020-02-15T13:42:17.037906
7a58c638-2753-e727-e2ed-0100b29a0a1e,23,3706.860475589945,food,paypal,1,2020-05-15T20:58:33.192709
5567c72e-84d1-b0f7-d91f-d6b16a433339,34,3217.7727771707446,toys,credit_card,0,2020-10-08T14:49:15.192186
5eca3e6b-28e6-82e9-3241-99139963ecc6,70,4902.072939491546,food,credit_card,0,2020-01-24T23:11:20.618978
9f35fd70-87e3-a6ae-b526-bdb7daa70ee3,40,3117.4980285305214,food,credit_card,0,2020-06-25T20:50:31.223032
9d90a51d-9b7b-648b-fc34-377add802ae9,79,4445.255605515916,electronics,credit_card,1,2020-09-11T11:13:23.979021
d2480174-cc69-9da7-0c3c-5ebcf6fcd6be,78,3947.8503221453075,toys,credit_card,1,2020-07-04T03:51:48.478401
0d23e21e-cd82-2adc-e5c6-57a6e675c9b7,32,2841.669321424685,food,credit_card,0,2020-05-13T13:42:55.879822
f3c87d2f-a51a-5702-5781-83a812093ab1,31,103.42218690359546,electronics,credit_card,1,2020-08-22T20:18:00.097442
d498b016-fff1-43a3-c870-26d8fe6010ad,60,188.22919336523586,food,credit_card,0,2020-05-29T09:02:41.057089
4e3b573c-d170-950e-6f70-80f457df79ad,35,922.5380815674539,electronics,credit_card,1,2020-01-23T10:23:14.821476
a05c8468-bb1a-df36-3255-21202dfc26a9,36,3003.566916894639,books,bank_transfer,1,2020-03-22T12:57:31.637988
6d7a905e-0edf-9ba2-f097-6acd50b386ca,28,4406.97636608312,books,paypal,1,2020-05-25T05:33:11.093038
c521b1c1-2304-822a-d664-68d844e2b93d,28,2089.7603293119305,electronics,debit_card,1,2020-03-01T22:58:03.056690
2076f2fb-1a96-0a12-2f7d-4d5a4718c7f8,63,4020.5234755923316,books,paypal,0,2020-07-24T11:51:14.082019
447f1168-ffc6-d965-8063-25e4ff0607fe,36,782.1194456403841,food,credit_card,0,2020-03-19T19:54:59.712235
c5f7ec41-199b-ff9d-a5c6-e4d6bdb3d452,50,3173.3286222107276,clothing,bank_transfer,1,2020-05-13T07:22:49.974051
1f5b8509-a924-cab8-422f-bcd57d05e4c9,79,4513.272178400926,books,debit_card,1,2020-03-07T16:02:13.644744
e78103c9-981d-f2fe-fe11-5d98bb573e71,66,4864.1192538974,toys,credit_card,0,2020-06-08T11:59:28.420432
bdb9c5d5-da25-cc0a-99db-dde0c96559f0,56,3220.034935257038,clothing,debit_card,0,2020-12-12T08:03:49.239061
cc0eb5e9-0832-e552-7e59-fea00324ac74,41,1345.5362711492617,clothing,credit_card,0,2020-05-22T02:54:40.209874
38a4c042-93e6-b88e-faf4-988ec9528452,39,1448.3581587023207,electronics,credit_card,1,2020-07-09T00:15:47.348270
c109a11c-d6c8-2ba6-71b7-aaf4b5806d7b,60,1259.736366273325,electronics,paypal,0,2020-10-03T16:39:57.489282
927f093b-d736-c27a-1d85-924e90a26fda,19,230.17732849727162,food,credit_card,0,2020-04-02T18:21:16.329887
c26e1a25-b7bf-be9c-7309-84b1d3865375,71,3875.0583354959526,electronics,credit_card,0,2020-03-08T08:48:30.972479
7fe945ee-c062-5bfa-59ee-1a3c6b7bc1fe,29,95.79035443731844,clothing,debit_card,1,2020-04-29T03:26:58.210376
74a1fd93-0e3d-3a1f-57e7-7560cee85a30,38,4007.163888934035,food,credit_card,1,2020-10-17T15:52:56.307795
4d51dd6a-067e-8cde-3d7e-b00a34b82cde,68,1795.3590889945237,electronics,credit_card,1,2020-05-31T15:30:11.369653
7747a07b-a055-1d0a-ac1e-64d60d45d232,23,4950.684368148774,toys,debit_card,0,2020-09-30T17:23:52.077314
718fea10-9638-826d-b8f6-f2b09406da5d,39,1935.223367824968,electronics,paypal,0,2020-05-17T04:57:31.323136
db27ef97-bda6-0e46-0e15-a0444c8c2031,75,1694.129372201462,clothing,debit_card,0,2020-11-27T16:40:13.166730
e7d55c3d-b5bc-2fe0-577d-91e4f562f275,41,3510.3059199683116,clothing,credit_card,0,2020-09-02T01:20:37.625476
b2a4bc35-196f-5bea-633f-cd3495be0df4,56,3232.5796410631688,electronics,credit_card,1,2020-02-28T10:25:23.724649
2a82841f-b7f6-4596-9132-0d184361c2e3,75,585.40465287592,books,credit_card,0,2020-07-30T00:46:58.069546
cfeac209-c1a7-fc5b-2cf2-6452df6e5d2f,74,4707.339750175928,toys,debit_card,0,2020-10-04T05:08:00.786420
4f4593dd-3379-33cb-1d56-7839bfd892b6,34,1715.9735329056407,toys,debit_card,0,2020-09-24T04:31:06.265241
3702b1ca-2677-b7c5-7397-8056f0b0fca0,46,3346.843609731564,food,debit_card,0,2020-07-10T00:57:48.028109
b5f95c72-d5ad-427a-b1f3-8e32d3ed1b5e,33,3341.717602083246,electronics,credit_card,0,2020-03-17T07:30:49.127533
141be64f-2b53-9609-b5ed-d8fa0c116d8d,73,3338.9994792893026,food,paypal,1,2020-04-05T14:44:16.667742
ad36141b-61e2-f61a-a2bb-d75c1263f811,60,937.249706771709,toys,credit_card,1,2020-01-09T23:39:31.088096
da817ba5-04b1-30d5-5110-895b588ebcd3,21,4969.189360713625,books,debit_card,0,2020-04-13T14:59:23.262413
521b3d18-f0d1-4561-361c-202e8ee6fc3d,70,2398.924371896472,clothing,credit_card,0,2020-07-30T17:02:23.561470
5da2a7f7-bdec-389b-1463-31db6fc69639,29,2610.753678493703,toys,credit_card,0,2020-04-26T06:29:35.929357
e952a427-fdfd-f7fc-70f7-eb29fbfbd3ed,40,504.3360339132608,food,paypal,1,2020-11-23T12:11:58.528588
6010d718-ca98-4c54-3a57-57c494e79cbf,72,3129.934619257497,clothing,paypal,0,2020-11-17T02:57:19.994633
2d798883-08be-8e26-3761-42f6303f5544,20,1373.4091937070211,electronics,debit_card,0,2020-09-18T20:44:19.662777
6294e937-8915-d99d-97ba-3b73fba3b4f1,18,1420.3561460907295,electronics,credit_card,0,2020-07-01T19:26:00.204521
f80497da-b892-facc-54f5-43dec9fa7f27,77,2865.482229260155,electronics,credit_card,1,2020-08-17T15:32:23.476011
7c20b223-1d0d-da09-7142-a165cb036de9,22,1640.220516406451,toys,credit_card,0,2020-05-12T14:21:27.131397
22db87c3-843f-5b73-0014-ab94d389b0ae,79,1750.2360955333704,books,debit_card,0,2020-07-12T11:25:57.161675
66281e03-87a0-ee10-0212-8b0e5d5266a7,79,2628.9251453071774,food,credit_card,1,2020-05-27T23:16:59.678672
000677e1-5e84-d75f-8369-d0ddf945ba12,21,2626.7197204136182,food,credit_card,1,2020-06-03T11:52:38.960467
85d180b9-cb46-c83e-30d2-abc1a0f753c4,79,3575.613077966973,electronics,debit_card,0,2020-04-02T10:30:12.583324
78ff5721-7239-dad4-5de2-1711db18c23e,35,1606.9242590240774,electronics,credit_card,1,2020-01-28T19:23:16.046844
b40685cc-a0c3-4235-9bca-0d46a4086f1c,57,2719.481734699733,clothing,debit_card,1,2020-10-24T13:07:54.371924
ece11a66-56c0-26f3-a261-eec0e70027ec,26,3206.9541485499026,electronics,credit_card,1,2020-04-30T09:23:20.363195
52051834-2098-87a2-a395-01456855ba3f,80,3952.2605354503407,electronics,paypal,1,2020-08-19T19:37:04.054137
ebd1c2d3-ff02-e449-b8fd-1043c36b32c1,23,991.2250166055541,clothing,paypal,1,2020-03-07T01:03:56.153142
296e415e-c371-81c6-1424-27d7260f61a0,52,657.5385406490215,electronics,bank_transfer,0,2020-04-03T09:29:35.413351
22b553fd-e9d1-4059-3167-8a00fe6fcc22,60,335.83849432346705,electronics,debit_card,0,2020-04-08T16:46:06.692858
6f010667-a076-0466-0916-57e9163bd718,20,536.9563025296063,toys,credit_card,1,2020-10-28T14:34:02.722781
e4c74533-fbed-3be2-5e2d-514b3fe5e92d,20,694.6246748625913,food,debit_card,1,2020-05-10T18:59:43.866420
1576b518-bd20-4e14-6f3c-07f5f4dc2acf,53,645.6667308787981,food,credit_card,0,2020-11-30T20:53:40.745595
f5d20ed3-7c72-44e8-c668-550e0d95b40e,47,4157.858704555203,clothing,debit_card,1,2020-04-08T09:28:28.851289
c56b21f4-6ced-f664-f77c-e76c230eb764,44,4859.066717301949,electronics,credit_card,0,2020-08-27T00:44:35.360694
e22dacef-c9bf-fb16-79b1-7cd71fa74710,71,2864.123836226186,food,debit_card,0,2020-01-12T17:35:57.152249
26108254-377e-2f53-575a-63fc142d041e,23,693.7376672643594,electronics,credit_card,0,2020-07-14T08:07:38.714329
a48927e3-1da7-d545-8e73-d13a702a0ac2,42,3909.6270699948054,food,credit_card,0,2020-01-22T17:12:05.331680
63c15624-f83f-5792-40bf-1499ce8e4aa4,71,2668.4073330850547,toys,credit_card,0,2020-12-29T05:51:24.183835
aa7f660a-8131-28b2-5b9b-708cf16210c4,78,691.6905238350598,toys,credit_card,0,2020-04-13T22:40:08.664147
28c5ffbb-6ecd-fa0e-ec34-11402b6997a6,26,1472.497248818411,clothing,credit_card,1,2020-09-02T01:00:41.670870
e56c3b33-0ccd-d063-29d5-fdbe0b9f7099,76,277.01124112452544,electronics,debit_card,0,2020-08-05T06:07:36.801847
dc52d27a-b0b5-95dc-7de6-483f71bd3afc,29,2373.0247427404397,clothing,credit_card,0,2020-04-15T03:35:00.170782
f3ec6665-61b7-134e-b436-d137f43e2096,62,171.41615581596437,electronics,debit_card,1,2020-02-24T05:57:02.300819
482b6f6f-1251-2635-f892-aa9a43367304,31,3590.364661679546,electronics,credit_card,1,2020-03-29T08:31:12.507300
aa5e46d2-9d50-c225-cd87-3d9d7ed34590,45,2805.737927810476,electronics,credit_card,0,2020-03-03T07:24:16.789933
beb3a07f-2432-00d8-ce67-fbc94dd86224,47,3915.9426198916635,electronics,debit_card,0,2020-11-11T10:00:06.766411
9358d64c-c16e-9ab4-c8f8-f42e5fe78697,60,2546.4059519278967,electronics,debit_card,1,2020-01-03T14:20:44.841909
651a402c-b4c6-90fb-80da-a8d5b338ae7a,77,1196.4948431208793,food,credit_card,0,2020-10-13T14:22:37.419423
c8e5fc0d-f5f2-8440-4746-801a03ddb521,67,1586.1998530775243,toys,credit_card,1,2020-03-10T18:33:27.105940
2a525b2b-9478-1d88-5ba1-6aa5b837c353,43,3457.4023056201067,food,debit_card,0,2020-08-28T21:45:28.977423
ff6586e7-be8b-9fc2-e5ba-d86a82d046bb,80,2588.1446293644954,books,credit_card,0,2020-06-09T12:04:27.812753
7f3df480-97e8-6580-05ac-6194e3367d90,79,3083.6113882119425,food,debit_card,1,2020-05-05T13:32:43.827649
1c34bc27-0d5f-af39-e6f1-31e686de7612,79,1356.3259280096809,clothing,credit_card,1,2020-06-22T02:30:52.421042
1eaa59f2-f3c0-377f-2c98-67dd6c04576f,28,4122.943494384598,toys,debit_card,0,2020-10-25T00:57:23.026202
a9a9418f-4a6c-3521-0b02-6059c8905c1d,52,1033.38250441716,toys,credit_card,0,2020-10-16T20:38:53.414785
5cb056cd-adc1-c174-6087-fd3d042eaa3e,49,2078.3285143963835,toys,debit_card,1,2020-04-14T22:25:28.516884
af6890b8-d32e-1a0f-e5a0-5b13c80b3379,37,3285.2519127879227,toys,credit_card,1,2020-04-14T21:24:21.472449
c6c4bc39-b3c3-a3d5-6ded-7dbba07d0e2b,71,169.1387781943753,books,paypal,1,2020-09-04T11:28:04.089211
db3b9bd4-e677-612e-02c3-d625af45b02f,62,2953.3725806696857,electronics,paypal,1,2020-09-08T12:41:24.161186
198e1d78-5566-0f8c-7588-753f02316b5d,34,69.56226682790253,electronics,paypal,0,2020-06-27T08:03:38.270518
744a0022-10e5-0215-4a0e-8a9b650b5a87,44,759.9653410417988,clothing,paypal,1,2020-12-10T17:24:26.814753
b89a9f03-4913-8601-f274-8613dec352ec,44,3968.110634593267,food,credit_card,1,2020-08-09T01:21:59.136513
2596b0fe-cbef-4e1f-5fdb-95cfe7fa6d72,74,1122.4350277266744,electronics,credit_card,0,2020-10-28T13:30:02.039421
0b492094-be34-5401-4c22-a4264806dbcc,37,2226.01732596211,toys,debit_card,0,2020-12-04T18:56:14.767598
18ae621b-8679-e12a-4caf-b68d5684b827,27,3408.5927658119663,food,debit_card,0,2020-07-25T03:04:14.614876
60887814-a10f-d390-78d0-76c20ea2dd03,45,3835.54865372311,books,paypal,1,2020-12-13T23:03:49.120475
23fa9ff5-8bf3-2ba4-b92e-61e0c6c086db,64,2427.4323430531153,books,paypal,0,2020-10-14T13:06:36.003483
7a6ae046-133b-6398-f0d6-07e8e0b5fa1e,20,429.7498123903105,electronics,credit_card,0,2020-09-15T02:18:32.170206
d92a078f-5720-a191-8c46-472d6cc8ac3f,35,361.74902713492895,toys,credit_card,1,2020-01-24T18:30:00.791916
298cf308-ac0c-b436-fd54-ed78cdb020b9,62,4782.349915748356,electronics,credit_card,0,2020-12-13T13:55:29.586649
07e80512-665e-21f6-7db2-b31df8c98d9d,28,2133.3150219587005,food,debit_card,0,2020-09-22T23:10:16.071678
6c9dbe04-759b-b79e-4ee2-6c4caabb4db5,29,1600.2083456540872,clothing,debit_card,0,2020-10-07T13:37:54.732499
63cac1da-6f18-e10c-a4b3-fb5e161047a2,73,1018.163511409248,electronics,credit_card,1,2020-10-17T16:50:19.429083
f24f4251-92ec-904b-abef-3ba09f8837e3,26,3666.1988641711678,clothing,debit_card,1,2020-08-09T06:11:53.350774
a84bb1b8-8296-6dba-6d8d-8e91ea06e620,59,4680.214308708043,electronics,bank_transfer,0,2020-06-14T00:23:43.684914
50f3ff45-e96c-15d2-982f-28129291e73d,54,1065.0931997552618,food,debit_card,0,2020-08-11T00:54:14.541367
157755d0-41aa-2c59-418b-93cad3dfe7d5,63,29.02737771104543,books,credit_card,1,2020-02-05T07:02:54.130733
56c266a0-ca08-ee42-b747-1f91dd3b9a38,75,4983.947277613193,books,debit_card,0,2020-01-27T09:39:42.687305
d21afe84-e772-99ef-c6f9-641f39e4c7b5,18,3048.0574993975238,electronics,debit_card,1,2020-05-05T06:56:47.950664
288b0de3-5bcf-ffc7-bdbf-bebff63fb5cf,43,999.7794015285324,books,credit_card,1,2020-04-18T04:40:19.937069
3f3f118b-e945-f72f-a55d-68ff518e51dc,41,53.63026829564784,electronics,paypal,1,2020-02-23T10:45:41.849242
00fa7ca1-9bbb-a160-c3be-1cb8a2b3b5ba,38,1415.855028849477,clothing,debit_card,1,2020-07-02T13:12:17.334058
1e98e6ba-fc0e-db1b-5527-ac1e286f51c2,22,4688.5219331401395,toys,credit_card,0,2020-06-21T05:10:08.010454
d285a07c-23e2-3c69-4789-b23914cabc72,24,3599.816561956245,electronics,debit_card,1,2020-04-06T03:01:14.716048
e22adb67-483f-e368-c011-6c497c7e02a9,65,1506.628288639595,books,credit_card,1,2020-01-27T03:26:20.512919
a0ebd07d-e397-96a1-d1b5-a08306c3566c,36,4722.2267301399925,clothing,debit_card,0,2020-12-14T14:44:57.879760
ce287e2d-1524-b715-3524-e307f255c169,77,3196.7108133861334,clothing,debit_card,1,2020-04-03T09:22:56.773693
5a96a74e-d402-7e47-a7e1-647463b0d332,67,4585.195984080101,toys,credit_card,0,2020-03-16T23:14:14.362819
ff5bfba5-bdc3-20ed-a5f8-f2eaf8fcdd0d,62,2858.120484523131,food,debit_card,0,2020-04-03T10:50:36.703421
dca20dbc-d823-cd41-2d12-6ead957257f3,77,4131.654284958487,food,bank_transfer,0,2020-11-18T12:47:38.371181
282394c0-c526-1984-18b0-026f82056b25,64,2292.181362986723,books,debit_card,0,2020-07-29T10:30:33.945354
500469b2-ea93-f252-21fa-7ecb4191e41e,69,4581.689537462885,toys,debit_card,1,2020-09-10T07:11:51.857196
c1bb362a-13c4-70f4-13a2-b5c884b49913,25,1005.845872266289,electronics,debit_card,0,2020-12-20T21:08:43.859957
7e9c0079-21e7-ac81-39fc-2fc8fb74dadb,80,1954.591334005479,electronics,credit_card,0,2020-11-02T02:39:42.312614
026556ba-9bbc-00c5-1386-812f022cfa0c,57,2890.502967190871,electronics,credit_card,0,2020-01-03T15:35:01.797209
7fc52f6e-4b5c-7921-2073-ca917aedf666,42,4665.739765177003,clothing,debit_card,1,2020-04-24T13:48:49.296162
4c5da35e-8663-5a5d-c15e-e7103cbe6894,22,4516.518762554906,food,credit_card,1,2020-07-27T08:07:11.323671
49e82b0b-a13c-7d31-e2de-82d95243eb0b,22,1974.239074402151,clothing,credit_card,0,2020-04-12T18:31:04.684947
3e94e437-e7bb-0b5c-94c6-3d004567d6b7,76,1763.7655636355369,clothing,paypal,1,2020-07-22T08:20:23.663372
2d4b2479-11e2-696f-a6df-274aa85a1fac,72,3519.636576068042,electronics,credit_card,1,2020-11-01T23:36:07.275528
a61ca0fc-6aae-a40e-fab7-3f45a70c1641,20,3551.206646775847,electronics,credit_card,0,2020-07-09T15:16:33.619945
d53336f5-d604-d2da-dd36-fa49c8d0cd05,65,505.96436959391167,food,debit_card,0,2020-11-24T01:27:46.324206
c77940e5-63bc-122a-af80-b0ea725535d6,38,4138.438576407959,electronics,credit_card,1,2020-10-17T14:35:26.196634
699f3053-52bb-397e-9401-62640afdd030,52,1727.9915217948667,clothing,credit_card,0,2020-10-30T14:04:18.321520
c07aaff9-c368-b31e-7b50-a8b9545945c9,50,351.21900572000493,clothing,credit_card,0,2020-09-03T22:43:02.946322
b60c83e1-7de8-c056-0d79-f938521e86bb,59,2000.571340541709,clothing,credit_card,1,2020-06-05T13:41:05.809217
368d602f-63ef-b96e-0deb-7fa9927c859f,62,3376.905002813505,clothing,paypal,0,2020-11-25T19:03:10.033017
2f2d5a26-d34b-76c5-7733-765ef856fe3f,63,1406.4962063010928,books,credit_card,1,2020-03-12T20:17:52.847400
57633fba-6aec-ad62-1788-c67ad1f19996,42,1539.14358526913,food,credit_card,0,2020-03-23T16:50:31.207508
dab7d078-4d06-a3d8-d9c3-2317dcb88fa0,56,2066.7520489631693,clothing,debit_card,1,2020-05-27T21:02:37.240481
2daa801d-a218-fab2-f848-0d7f28565c64,19,1365.13699362421,books,debit_card,0,2020-12-24T08:34:11.260572
09658cf8-d334-529f-cd23-a2a2c76133a6,74,3663.698713925254,books,credit_card,1,2020-06-10T17:36:45.594758
cc9c2021-e222-7c55-5270-86337f68a6b4,53,1374.640822060706,clothing,paypal,0,2020-01-06T22:11:35.189425
0100d277-aa4c-a475-3453-1a5c750e4a02,38,3739.0188210601223,food,paypal,1,2020-04-28T22:09:28.834592
c0f9e303-917d-a304-c0a6-abeb5d813d22,64,2499.583674176946,toys,credit_card,1,2020-10-06T02:57:51.494886
6276b3be-553c-4aaf-3f0f-9e99306133d7,46,4183.178974937492,clothing,debit_card,0,2020-05-15T23:34:08.842388
f65caa80-bb40-a995-aa76-eb3b0b565951,54,4823.474067605471,food,credit_card,1,2020-10-18T03:43:35.891667
ff7f11a6-b037-0fa9-376f-6082e640c668,74,1174.3432735781205,books,credit_card,0,2020-06-11T00:06:49.071716
e2b44fbc-bfaa-3d28-d719-738c6b742a18,25,4584.573915294421,clothing,debit_card,1,2020-02-23T19:56:15.930025
ad327443-7352-c100-becd-ab731af12ed6,29,4415.721106258713,electronics,debit_card,1,2020-09-11T11:39:38.642668
827417ed-24d4-c035-3996-4151d16b2ef4,38,4413.592618902334,electronics,credit_card,1,2020-12-10T05:48:03.519755
d9906aae-9173-bf36-6867-36dd5a494f06,59,3707.4448197475263,clothing,credit_card,0,2020-11-24T21:15:32.079149
ed9ca0e3-50b9-e12e-f3e5-554c8f376579,29,915.9437054917317,clothing,credit_card,0,2020-02-12T16:10:50.869011
09416a22-f80a-cec7-69f4-d3218e54089e,29,637.827862336382,electronics,paypal,0,2020-09-21T06:30:38.148377
22963727-7131-49f3-7c92-e7eeb62f9d6b,18,1568.793016069253,electronics,credit_card,0,2020-10-10T01:22:09.427936
b8251d4e-aab4-aaa1-f572-8941804ffb5d,31,1707.0579202158387,books,debit_card,0,2020-09-19T11:32:31.031508
37f8ca13-7e68-7313-8dff-33a5bdc41f0e,53,4536.340512634453,clothing,debit_card,1,2020-12-11T08:45:13.951367
5ef6ac30-82df-5804-c16a-315a7f2de8f2,23,2908.738919168652,toys,paypal,0,2020-10-06T13:02:54.533538
c06c1d9f-3838-60e0-1dc7-231803cab6d9,64,1082.276024965115,books,credit_card,1,2020-06-21T23:46:30.148617
842b4cb4-fbe6-33f6-ef99-256ac1396fb8,64,4460.9540282409325,clothing,credit_card,1,2020-11-02T23:00:49.027163
4a0842cb-408d-0873-efcb-891503f4b796,70,4767.231347070765,electronics,debit_card,0,2020-03-21T11:46:41.205745
c409d48f-5c5e-741a-982f-854fc47a5fec,22,2088.2145206066366,electronics,debit_card,1,2020-03-08T18:18:55.886783
baf2d77b-341e-f40a-d3eb-780cbfe4809d,40,100.77990125960133,books,debit_card,0,2020-10-21T06:48:03.256368
e659814e-1651-32e7-9745-98f58a1cdba6,48,3631.4927480679585,food,credit_card,1,2020-03-14T01:09:35.962929
621664b9-d850-54e6-63e8-776aa1793cbb,76,1985.1738790030179,clothing,debit_card,0,2020-06-27T11:17:56.841678
7a4c5a52-a050-3de7-089a-74453032d9f4,59,2311.8296005412262,food,debit_card,0,2020-03-23T19:48:33.936991
b488deaf-c6f7-cc3c-8ee1-6a7ca56e5e50,67,4350.708775160412,toys,debit_card,1,2020-12-15T05:42:51.695210
355d3916-4a5e-c4e3-53ff-d16fbcc08074,67,2266.2546894123047,books,credit_card,0,2020-11-19T19:39:04.406623
d71434c0-de80-6596-e0c6-17f5e17051da,43,4479.058486846782,books,debit_card,0,2020-09-12T13:17:50.303489
822a0d74-c51c-b97d-c6c3-66664bb0bc11,69,1708.0035837131293,food,credit_card,0,2020-12-07T18:19:24.972445
3e13bf48-3785-84c7-4c70-23d73909cf69,53,2616.1624599228344,clothing,paypal,1,2020-05-19T20:59:35.590692
f391db59-ba08-1694-28ad-4bbfeeb71d16,56,3766.704863981548,toys,credit_card,0,2020-01-17T01:37:49.515929
cd799f73-aa73-35cd-879c-976eff26a6cd,19,541.074728204745,electronics,credit_card,0,2020-05-14T23:34:22.533689
3f763ac0-e061-a20c-73d7-926c2f70a7a3,28,773.1749144253864,toys,credit_card,0,2020-09-08T21:11:24.017757
2789998c-a0cf-2de0-021e-b2153aae28ae,50,289.3456857425722,electronics,paypal,0,2020-10-09T23:34:24.378996
2148e122-ed21-6f61-795f-df5c6ecd9351,38,3886.304377602048,clothing,debit_card,1,2020-12-27T21:05:30.946273
ed6a08fc-3f46-4fc1-de5e-2a3b3c933a90,42,1823.0499855916892,clothing,credit_card,1,2020-08-03T23:28:24.799123
e65be823-19d2-8244-009f-7ffcbef1094f,69,850.2206092072698,clothing,credit_card,0,2020-05-05T06:39:57.269996
94d7b8b1-3641-2c06-fa79-1daa17a0c7c0,41,3086.997820365683,books,credit_card,1,2020-10-09T16:58:27.621336
5529ea6d-0554-2119-1f45-11c652ef1ac2,55,223.97593144401918,electronics,credit_card,1,2020-08-19T03:24:45.110870
756df624-be3b-df15-2e6b-02d6816104f5,80,4012.947210834569,electronics,paypal,1,2020-06-01T19:33:24.794008
41e0bbb1-5371-84e7-8c09-c5462fab981d,61,3777.7250689323896,food,debit_card,0,2020-05-17T12:52:55.493242
9951ae07-9bea-7f8f-c9d6-7e643e3e8ae7,33,703.2933991635357,food,debit_card,1,2020-09-13T04:17:50.633860
37a3a8e9-8071-7a95-d2d3-98e6cd18fa8f,69,116.72022062335155,food,debit_card,0,2020-10-13T04:20:08.451096
78dd233a-90e8-b7dc-4ed7-e72ec4ad7a4d,63,3864.773780968011,books,paypal,0,2020-12-01T01:06:32.705741
17ffea80-6f8d-1424-9a1b-8a33a9cd6300,67,3030.0523279220247,electronics,paypal,1,2020-11-30T12:03:24.244669
aa22324f-ba44-9eee-4b1a-b5d0311fd20f,21,1237.5992571829586,electronics,debit_card,1,2020-12-22T05:50:00.708781
5bec9a8c-796e-dde5-0d99-bc9452f8cc40,42,605.3510181313499,toys,credit_card,1,2020-09-12T23:19:47.874048
1810a51b-f19f-c78e-cfa4-654f56457840,68,2232.68037998793,electronics,debit_card,1,2020-06-04T03:54:16.234483
e56b1bc6-a34d-44cb-ce77-c08f9e1dd2ce,41,538.0454749699127,clothing,paypal,1,2020-11-16T11:56:00.741633
fa4a14b5-fdad-e500-fe06-968112d32953,71,4382.621511754348,food,credit_card,1,2020-04-21T16:44:24.926539
3119bfc1-4024-76e4-8e87-83fe82cbd312,38,1789.6948881870114,food,debit_card,0,2020-07-27T13:56:07.314479
57ed4043-dd74-0e8f-4137-fe4f147d9c21,39,431.7515043300603,clothing,credit_card,1,2020-11-15T23:06:54.926235
f7675387-f9b8-ca85-096e-4160d00e7866,48,680.1803232760739,clothing,credit_card,0,2020-10-09T17:53:54.576703
8e4e2287-e5a6-5f9a-853b-5e4161f06c3e,30,2435.777528342423,toys,debit_card,0,2020-10-22T23:10:19.406965
79272912-8894-6da4-2c15-7d9ed626dc1a,33,2235.012661475441,clothing,debit_card,1,2020-09-08T13:20:24.576604
9a2052d7-be83-e9e8-4358-e637ed93f5c6,69,4499.406839788979,food,paypal,1,2020-03-07T23:14:06.475946
f7a544b4-5878-74e0-dfc3-a88a76768a8c,50,2515.727485007982,books,credit_card,1,2020-06-19T12:54:24.357353
61f81ec7-0f04-7bef-d783-fbcbb3c721d1,52,2551.330038323662,toys,paypal,1,2020-01-21T12:33:02.953553
ad8ad29f-177e-eace-05bd-bf14aafe5582,18,4235.911781337322,books,credit_card,0,2020-02-02T05:47:19.250291
d8824418-799f-f7dc-91aa-002683d078fe,28,4891.528792615784,books,debit_card,1,2020-04-25T20:38:29.422554
6048706e-70e6-aa71-4040-3480e0a16f5d,20,2731.382413366962,books,credit_card,1,2020-02-15T15:27:05.424246
d8357ecc-81f1-a974-33c9-df772f4c67b5,46,4017.5710288614328,books,credit_card,0,2020-04-27T04:45:06.914133
6e3a270a-ad72-60d5-5ef8-8dd56ace3191,47,55.46307883814296,food,credit_card,0,2020-02-14T22:33:08.525152
d77509d7-e724-a42b-f7cb-dffe3c232f9b,56,4533.803665995896,food,credit_card,0,2020-08-23T09:26:52.660968
02a3e34c-32b8-25b3-cad2-1c1bbc1905cc,40,2794.1490128331734,food,debit_card,0,2020-09-07T21:28:16.620228
1fa3edf6-4555-f17a-9730-cc944fa1b76d,36,2472.3760201934588,toys,paypal,0,2020-04-13T16:37:16.847435
3ec9b89b-d92f-6307-6c57-7a3cd829086b,58,4015.954581053345,food,debit_card,0,2020-05-25T11:20:31.742006
f131d698-0bd5-cdbf-4218-ef3118eea646,23,1147.8462173281423,books,debit_card,0,2020-06-04T00:06:29.423004
53d8a403-59d2-c042-d489-0aa5f98cb721,47,4490.253347621857,clothing,credit_card,1,2020-09-24T05:04:01.604689
12ce4240-318a-139f-3340-4cdb6e57ca19,22,4054.7942683679794,clothing,paypal,0,2020-02-12T20:50:05.186264
fc7140ee-cbc7-b8d2-babf-40cc1bd11546,56,72.11349331235009,clothing,credit_card,0,2020-05-06T01:32:02.370551
1550d0f5-cce1-cda3-04a3-65f08cddc7e6,24,4461.479049843233,clothing,debit_card,0,2020-05-14T21:15:08.892144
4beaa497-e91d-cc4e-2d07-18c6c2c20de8,46,3358.4159789681344,toys,credit_card,1,2020-04-14T14:36:20.094406
1456f8a3-e378-ad3c-195f-f0d40973ce43,45,510.3206686167928,clothing,debit_card,1,2020-06-10T05:08:32.108436
90d0d61b-b422-6374-60d3-f2edd708d91b,45,635.5166995147034,electronics,debit_card,0,2020-01-19T17:20:07.877371
e3ced5d3-cf5d-5646-c883-c9043b352a1d,18,2775.3575533812495,toys,debit_card,0,2020-10-27T22:15:43.805722
e3333579-3b99-23a8-4244-b113bba0b826,42,2620.4495985648114,food,credit_card,1,2020-03-19T01:12:28.437067
7d0a9ec2-f374-50f4-b8e4-c125e2c1beb8,51,2420.9582402147958,food,debit_card,1,2020-02-02T13:56:00.800836
c3f8b57f-5cd8-2b76-8e1d-90bfc460d10f,36,2554.0178669029783,clothing,credit_card,1,2020-12-26T06:56:35.199392
cbb4da0a-f0fb-d4a7-1744-8dc19ac19271,78,4953.005343657977,food,credit_card,0,2020-04-25T03:39:14.797101
b7af02eb-a639-bf96-f2f8-4b18e48ea6d5,23,4230.565907388805,toys,paypal,0,2020-07-13T07:52:09.215193
c3b010ce-ffbb-8411-8c81-9593a5aebea8,44,4665.483401217521,food,credit_card,1,2020-04-25T06:41:09.391892
5fdb5bef-7fb0-3147-ff67-9b02e67a9e42,30,791.9353216879408,food,credit_card,1,2020-06-06T16:41:17.447349
48ddafd8-4f9b-2231-9782-6a5e6727bd7a,75,2594.617893509183,toys,credit_card,1,2020-10-25T15:47:44.368350
b4422afb-a86e-8db3-2f36-ca6c0e40a155,41,2120.599073576448,food,debit_card,1,2020-12-31T11:21:34.589463
596f507d-d79d-4de8-e4e7-0c123248de2b,76,1811.526157068083,electronics,bank_transfer,1,2020-06-19T23:00:37.074643
4f0cbfa2-d1ef-fff4-deb6-2eee54f003a3,68,89.79789056902992,toys,credit_card,0,2020-11-12T18:41:26.590655
2141ab30-f48b-c186-b700-c8585dab9a87,47,3587.740441103133,clothing,credit_card,1,2020-06-15T13:49:12.442919
50089053-5412-d3d4-e91b-9e7af5eb0b64,22,4638.077268724053,electronics,debit_card,1,2020-03-19T10:16:30.775400
6fa6be6f-1747-3468-12d5-4c6a6ca9a17a,24,3167.0923460640256,food,credit_card,0,2020-12-03T07:34:19.845165
9e0a7519-683d-becf-7782-534d128744c7,24,2148.9022274535987,food,debit_card,1,2020-10-04T00:16:01.900863
0a74d2a3-a4de-8dc6-fa4c-4007bf364076,65,4068.1531140607362,toys,debit_card,1,2020-12-07T15:43:42.640569
44d8657f-4cba-2961-8bb5-6affd03c37a7,53,2227.3380079488893,food,credit_card,1,2020-12-08T05:15:33.013235
5a711b28-a4a0-e084-3fc1-e8a171c7ae95,40,3052.8287647836655,food,debit_card,1,2020-02-22T02:34:30.313594
14ac3703-f1a3-77bf-74b5-132f9ad6bded,74,2344.4522790233773,electronics,credit_card,0,2020-08-03T17:13:01.045510
648bc2db-5887-486b-55d7-a99acb1920e3,31,1939.1630400769225,clothing,paypal,0,2020-08-24T01:27:00.260667
8acf3549-5d7a-19ad-4acc-e982578a6cf3,32,3640.440398560559,electronics,debit_card,0,2020-08-07T19:01:16.065971
2ca65fb9-b803-3e6c-726e-777336894382,21,3864.0213629460104,food,credit_card,0,2020-11-09T17:08:30.893011
2ea33bd1-6eda-f93a-0dd6-629d11deb35e,62,1367.8740680443088,books,credit_card,1,2020-08-08T15:42:57.348415
5ce4fb54-7071-9b58-f8e9-db91ae49b914,52,3774.0435893292893,clothing,debit_card,1,2020-03-12T03:47:29.289288
15330056-c0e6-07c7-83aa-1e536729ba44,33,2249.77905487034,toys,debit_card,0,2020-03-15T05:00:55.344712
7a865c96-a0af-faa8-e7f2-06e21758e5ce,60,1243.0598891992693,books,paypal,0,2020-12-29T20:50:51.044659
ab59406e-07d5-d0fd-3965-b3eb89d526d2,64,1863.8448710625435,clothing,credit_card,0,2020-05-01T12:19:33.568742
8e9ff2db-a2ba-ee93-f7ef-e8deced159db,34,3273.4768526250646,electronics,credit_card,0,2020-02-27T09:37:34.479954
7d055bc4-65c4-7c20-012b-dfd5e792b2de,38,2160.8983722114394,electronics,debit_card,1,2020-06-26T07:32:36.409116
772c4528-526e-231c-a7fe-6ca452a32270,19,373.32049852566826,clothing,paypal,0,2020-02-21T23:44:59.697444
d333454f-5219-def7-c128-a05ca055d660,31,865.388331034329,electronics,credit_card,0,2020-08-20T08:56:27.423003
6310f23e-8b2b-27bd-e516-e362047f86c7,54,1598.6486716958539,toys,debit_card,0,2020-04-09T13:55:13.904830
2916bcf5-7c50-e090-a5e3-e1c5f1a34e8c,31,256.31018915565824,food,debit_card,1,2020-03-20T21:31:32.019092
7eb5ed30-169b-c931-fffd-f12cbb26e307,49,3845.8409351857094,toys,debit_card,1,2020-03-05T09:55:51.292914
bbbb6d2c-9c93-627d-7c84-1355c6fa85f7,57,161.28924423534292,clothing,debit_card,0,2020-07-24T13:38:24.682062
9ccf294e-5fd1-7ae3-b8e0-8a04b2d62a16,51,4040.9347617979492,clothing,bank_transfer,1,2020-11-01T08:18:25.069034
a630e70f-c928-489b-91bd-608b954a4bfb,61,3938.385059375823,toys,debit_card,1,2020-12-22T11:49:23.980202
30b79d5c-b99c-59fc-cf10-5297e4f3ddd0,26,178.21372791690527,electronics,debit_card,1,2020-03-06T00:11:40.797556
a4266445-c4f5-9315-c640-67a6c130cc8a,56,2877.022199654828,food,debit_card,1,2020-04-26T09:05:59.022563
506e1dd4-401f-9359-0cf9-9ed59b0bdbde,52,4955.816584620682,electronics,paypal,1,2020-12-27T11:28:10.663682
8c365776-5af2-33d6-ed07-83805126a8b0,61,1309.6493122932102,toys,debit_card,1,2020-01-19T19:57:44.933924
7c50b6aa-2717-47ce-8e2f-f1db3383cf38,48,2818.997318749951,books,credit_card,0,2020-07-06T06:00:18.419353
e119d008-b104-d2cc-d48b-21bef431f9a9,62,4756.068648959202,food,bank_transfer,1,2020-10-21T01:32:37.275015
1323811c-1a2f-20ca-2d15-1961cb720ff1,73,1255.080038233574,books,credit_card,0,2020-12-08T11:54:57.546734
5d5191f8-d0a9-64dc-52f3-748e55b8fda6,36,1346.408201154209,food,credit_card,1,2020-03-29T19:47:31.973418
be51e92e-2c20-d88d-8b64-fee00b93f550,41,73.9451594793646,food,paypal,0,2020-06-17T11:41:17.677257
eed0d31c-13b7-3562-48b9-4467902b0b6b,41,2378.3345470968834,electronics,debit_card,0,2020-10-04T01:15:42.376194
3a99100c-476c-7d34-7ce6-19a9041b93a8,63,2450.4929821750275,food,debit_card,1,2020-09-06T09:54:29.229574
29cfcf08-c4e7-883c-8132-866a5a62eb46,21,3565.551109380107,clothing,paypal,1,2020-06-11T02:35:07.056782
30a225e8-2453-d2ac-4df9-37f745ecb1f3,32,2459.8971892667682,food,bank_transfer,1,2020-07-19T02:23:54.412114
7155d4a2-5e1e-aae2-d4dd-128e4d0f02ec,62,1964.9756970706367,toys,debit_card,0,2020-07-19T16:04:22.484629
842aad29-a39d-79cf-4270-5bbcd2ed5555,66,1660.0135603667252,toys,paypal,0,2020-12-10T08:50:12.306192
a945b41f-998b-62d1-65a5-b4cb7241cbe3,56,150.51084408902318,books,paypal,0,2020-01-12T05:59:02.350456
9b299ba5-e9a6-3fb9-9eaf-37edaa6febef,18,1542.4851050050863,clothing,credit_card,0,2020-06-01T11:17:04.696451
71d893bc-3438-f779-045d-a59db44a67c6,44,77.81600009964006,food,credit_card,0,2020-08-19T09:53:24.628661
3c599b8c-c52b-1f47-c8fd-4f82219bbae0,69,4031.1269325428625,food,credit_card,0,2020-12-23T14:55:21.322548
d992ae57-ec34-6f68-ad79-44624d2a7f40,76,1976.4357769507242,clothing,debit_card,0,2020-08-27T20:00:29.711534
eb4a943c-1f72-0faf-a188-7d983ae3dee7,51,4593.908551816821,clothing,credit_card,0,2020-11-05T22:32:31.007661
39c85b44-b1d5-1d4e-b4b9-f3244bfc6b88,32,1201.4421709257422,food,debit_card,1,2020-10-09T03:46:44.308315
a15cc139-9b37-a9d1-a717-9639c69aa3b2,58,4260.647048348379,books,credit_card,0,2020-08-12T17:42:58.976853
82c1398d-ab2b-4fd7-f653-4ae5b3265df1,67,1272.4000449173966,electronics,debit_card,1,2020-02-29T10:46:49.115416
c0878c8e-89ec-b594-0c35-7d18a396c3b5,33,4333.6727178405135,clothing,bank_transfer,1,2020-10-29T04:58:39.054877
e3521029-315a-9401-02cf-837694d207f3,70,1859.5085142580353,clothing,debit_card,1,2020-03-13T17:01:55.208760
65bbb700-0783-b121-2ddd-3034770ebffd,36,3381.2627361661,food,credit_card,0,2020-05-18T23:45:00.248404
ab1d6843-24c2-1432-160d-7642f9abee39,70,2300.6491827431173,food,credit_card,0,2020-08-29T16:08:34.072153
dd929dd6-5a72-57fc-1409-3e3c5c0f1bfb,64,4482.360368080059,electronics,paypal,0,2020-07-30T18:59:20.838397
86c549dc-f322-111d-39f1-0c8496080ef0,25,4847.648207142631,electronics,credit_card,1,2020-04-08T13:13:56.704333
c42c7ad2-358f-e5cf-45ca-5814243c2a5e,79,2046.1364738821671,clothing,paypal,0,2020-07-07T08:29:44.200320
e199984c-7b95-471d-f900-025680e96b96,58,3195.3447485247616,clothing,bank_transfer,0,2020-07-15T03:00:15.099970
1e9cdb3e-0907-019f-2d35-7b05d7c49ef8,77,3962.5503048487044,clothing,debit_card,0,2020-06-03T18:43:47.175241
aaf8e200-ae8f-307f-91af-f0ce8a11f53d,71,2083.6170497905205,clothing,debit_card,0,2020-08-02T19:08:38.642641
d965df06-6f09-e520-cc62-c70beb38645a,71,968.4648242524072,clothing,credit_card,1,2020-12-22T07:30:33.844835
4e6c71ce-362d-c597-a425-75a666868d1d,68,90.85266368612373,clothing,paypal,1,2020-07-01T06:46:00.612866
3364cef5-b110-7a39-9972-713ebd29d4d0,30,1149.565911782834,food,credit_card,0,2020-03-29T04:05:02.992131
0abbaa6e-8a23-47e7-7987-c68126e5bdf3,49,4555.250697120198,electronics,debit_card,0,2020-03-28T20:32:16.029083
f8120945-fa73-4661-7b1c-e43aa4d2c814,56,839.2934221706984,clothing,paypal,1,2020-06-05T07:58:16.083490
91a6f5a8-9200-e96e-e407-313d02fec461,24,1062.7976603411503,toys,credit_card,1,2020-03-22T16:34:04.188745
56a37fc0-2110-b0af-4b64-8e957b4690bd,65,2616.0046989708576,clothing,credit_card,1,2020-06-13T01:59:19.391152
0b14a7f0-e573-25eb-700f-e608f17f5583,59,2856.650559385357,electronics,debit_card,1,2020-04-10T05:44:04.124392
1d44c5fd-425f-fd01-61a0-e68a61129cdb,28,3212.1964665638725,electronics,debit_card,1,2020-09-04T20:23:56.165028
c5557e97-5c98-223b-9149-82a10e5ac70d,72,3579.79384354937,toys,debit_card,0,2020-09-16T08:37:22.497536
ba7c2558-68f7-bcc9-00a5-d836d0f12f07,52,3481.6412676197074,electronics,credit_card,0,2020-02-02T05:54:49.788930
b4226980-2d7b-7226-f617-ab9cfbdf67e8,23,2641.6039899474663,food,credit_card,1,2020-11-28T15:00:55.914223
eff20dc4-c639-34be-0422-e8a56a6e7dc7,75,2685.0620482358245,clothing,credit_card,1,2020-09-27T05:14:43.474670
6c0209ad-ecab-9d29-66c9-49e2e2d3ff95,42,1617.9117165931611,clothing,debit_card,1,2020-02-02T10:12:10.337044
a64f2394-6a69-a5a7-6666-4a8ac8eccf97,60,2954.6880929899585,books,debit_card,1,2020-10-31T15:27:30.706355
4d5afc9d-bf87-0178-0e85-debe57ff80ac,63,4365.882515370606,clothing,credit_card,0,2020-09-28T00:00:01.037979
841e74aa-cca9-15bf-e263-18397f49dc89,18,2626.1976676358577,clothing,credit_card,0,2020-02-08T22:18:02.803212
9cb33683-9984-bac0-081a-d4f7f8f6bcd6,75,4580.9199602374,toys,credit_card,1,2020-03-16T13:50:55.425541
72fe0456-5742-7dd9-8a37-afb5c9615a5c,62,3205.9956840599602,toys,credit_card,0,2020-12-16T23:25:01.039568
e466bd71-cc2f-e7dc-8035-c6c0e1afb161,71,3606.667469452292,food,debit_card,1,2020-08-08T15:21:35.783843
1199984d-29fd-1c08-2a47-6a295f86da44,60,1961.5479119692504,electronics,credit_card,0,2020-02-13T18:00:42.678252
56d3f4d2-1fbb-e2b0-e646-81d199dd5e78,76,4334.208463650169,clothing,credit_card,1,2020-09-27T19:49:32.862973
e985b962-a4b8-ae0d-649f-7ead26ef76c6,43,326.85510389863083,clothing,credit_card,0,2020-07-31T20:19:53.074983
548767b6-9f97-b228-d9a6-82612c2467aa,20,2737.5261455645523,electronics,debit_card,0,2020-05-22T21:44:43.163243
4f6eeae0-1d80-d387-60c7-afb8e2a95772,45,4362.728472979973,toys,debit_card,0,2020-07-01T19:18:35.943850
aa4e4709-853b-b157-e08d-b718e0079a93,46,2276.8387407985856,electronics,credit_card,1,2020-01-06T02:56:46.704053
3dccd6bd-69ce-caeb-e6aa-8b0b358cb1d3,24,2551.1265766612646,electronics,debit_card,0,2020-01-02T14:07:12.101680
e00e30a4-75c6-3250-4f9b-e90a46faff92,59,1664.633700800247,clothing,bank_transfer,1,2020-05-13T17:26:06.573880
10791b25-f658-7ef7-67b1-f96063608828,24,4118.679815824727,toys,paypal,0,2020-06-05T19:30:46.105710
4cbe3e86-7158-fe94-ebb2-b57ef0c9e853,43,2202.292176587949,clothing,credit_card,1,2020-07-12T15:37:00.186684
b831d71c-7e24-f8ac-1062-b4ef78d99d5c,25,3192.3889581083195,clothing,debit_card,1,2020-09-03T08:39:43.752220
79d9c414-ce62-3f9b-38bb-4ff69d131ad1,62,1191.6300349675712,food,credit_card,1,2020-03-30T08:23:40.688881
30ef5cee-cf2c-05f3-f2e5-f394f8716d20,39,4012.9580968787027,toys,credit_card,1,2020-07-29T14:15:19.164241
f23e7a9c-293b-39cc-0d9a-7d17a773468b,68,3578.7676464757737,food,paypal,0,2020-10-18T04:11:12.389009
f639d949-b647-a9e5-56f3-38ddaab2a2c1,50,3886.9940724060443,clothing,paypal,1,2020-07-06T06:16:03.833587
f0e9ee5b-62eb-16f3-9a5f-fa2918f9b8ef,30,2541.802807888833,food,debit_card,1,2020-02-05T10:03:24.055658
92253202-bd08-5826-7b4d-bd4787939bd5,41,188.02269991823098,toys,debit_card,1,2020-01-11T17:55:02.206446
2c16738f-0d48-c8db-db2d-374730b21d76,68,3423.548945140926,electronics,paypal,1,2020-01-19T17:39:29.617893
1870df7a-e55b-56be-376e-26b58294c711,33,3754.571937187802,food,paypal,0,2020-04-14T05:50:39.233558
9fec930e-6f9a-217e-1650-bb7b8385f655,58,909.7149214627772,books,paypal,0,2020-10-06T00:42:45.279370
c8e8a5c5-078d-1b0c-24ac-e55b16ae1c87,51,1216.897604084169,clothing,credit_card,0,2020-03-25T18:29:56.731183
4cfb821a-3a5d-ffe7-e008-93ecb13ad6f2,30,3190.789309369779,food,credit_card,0,2020-01-08T13:36:31.349842
4402774a-a3d3-e84c-5531-66c18506e3e1,48,2478.1466222628956,clothing,credit_card,0,2020-05-15T18:16:44.656528
645003fc-14f7-7043-3769-caaad75c57d1,65,1659.7539931323756,clothing,credit_card,0,2020-02-17T22:28:57.537899
f3c31a6c-265e-3a08-3dac-4cf1e7c0a102,53,3636.5086462800523,books,paypal,0,2020-11-11T20:50:12.121635
7e359f15-32a8-ce48-5364-209e904a2d3e,68,2179.8212087405027,books,paypal,1,2020-03-14T03:19:05.144665
9f884e9b-0280-44e3-5f9c-f44d936bdd21,72,3551.0199838504327,food,debit_card,1,2020-08-09T14:42:01.313497
d08f2a4c-0444-879e-5fcf-41c92b36fd07,32,3930.434898946211,toys,paypal,0,2020-08-15T04:06:56.418120
cbbf3351-7573-bad9-ba4e-02a09a91a92e,58,4302.492316130157,electronics,credit_card,0,2020-08-29T12:32:25.415332
3420b47a-bee9-9650-a937-40be6cfc26a6,36,2187.425532830661,electronics,bank_transfer,0,2020-08-18T10:27:37.405722
45aa63fe-5537-9ea7-585a-f9457d033a5d,59,1067.1415467417205,toys,debit_card,1,2020-09-02T01:30:38.612257
fd40f2df-2c90-5115-2a3f-e33f66e7c7e2,56,3926.9898856863006,books,credit_card,0,2020-05-17T05:02:16.223864
b954ba6e-33a1-409e-6224-d1b1fbd63ad6,18,4527.856000000863,food,credit_card,1,2020-12-20T11:15:28.622782
e15281ba-1298-6269-22a4-acd81275ac0d,68,28.94753858773023,toys,debit_card,1,2020-09-15T19:53:12.418453
1b0a2af8-7a28-9717-2034-ca9110189091,60,831.0317757597376,clothing,credit_card,1,2020-10-15T14:47:44.532002
a4d305f3-11d4-ac73-c68e-0aac9e224f5b,67,3314.0766556317785,toys,credit_card,1,2020-06-24T08:40:49.920085
98c293d4-77d3-e604-4b75-94e84a898d4a,73,4974.410865045632,food,credit_card,0,2020-12-02T02:19:39.194278
e4f9407c-f46d-5843-017d-35df98eed8da,59,1679.44656988017,clothing,credit_card,0,2020-01-10T14:16:22.871482
a8136b3a-0af5-6279-a2e6-20cd76ffdad1,75,284.15623923277695,electronics,debit_card,0,2020-07-26T15:24:23.176159
4a56285d-d48d-892e-5abf-391601db68df,56,2595.7671985989095,books,credit_card,0,2020-07-31T10:08:04.910901
520a5da5-d902-0e3d-bc9c-df56916c48db,34,3344.3403130686374,clothing,credit_card,0,2020-05-01T17:20:05.657710
9edc1a55-e3ba-6ba7-6f16-db66cf1480bc,72,330.72771041345095,books,credit_card,1,2020-03-18T14:09:23.486881
57cc6089-cc15-0423-f026-14b68a46ae17,53,2477.637577151813,clothing,credit_card,0,2020-02-28T10:30:09.849170
1a1ee6a2-4f76-a316-4651-075e159bfe96,44,1927.823225252593,toys,credit_card,0,2020-11-17T00:41:09.095845
8d0ccba5-4c01-fcb2-b5ff-a0505b4f3d6f,55,1866.9804170989837,books,paypal,1,2020-08-25T23:56:15.953714
e9ef9a1c-2841-0ffd-f40f-38557f0c72df,35,2139.3913436326197,clothing,credit_card,0,2020-02-10T05:47:43.933757
55c0c0e0-99e5-3d79-fee2-6b794df115ef,46,1876.0493471293773,toys,credit_card,1,2020-07-21T01:15:29.648464
b716ace7-f722-1ef8-23d9-8475257c9dea,53,3099.1528065584885,toys,credit_card,1,2020-04-17T20:03:54.882889
29ebd0c4-c70e-bec3-e50c-f5841db05417,53,2807.235165739815,electronics,debit_card,0,2020-09-27T08:41:07.479890
792352ee-c506-e6c9-bf00-ebbb4850f449,46,4270.568549156403,clothing,credit_card,1,2020-11-28T21:01:36.724511
c9ed5fb2-8a51-cb4f-2c4c-1ef7f1295291,50,1002.1302518088429,books,credit_card,1,2020-02-02T07:03:39.585526
5d620f53-b239-585e-42c3-d72658709c11,23,3563.641413399722,toys,credit_card,0,2020-02-07T08:10:26.999152
72e6bf7f-6b9e-60bb-bff0-25ea91379436,67,3470.8745859182845,books,debit_card,1,2020-09-05T03:05:40.904233
864b393f-4db8-87d8-7953-44f09d1048a6,56,1653.1433288622509,food,credit_card,1,2020-12-30T18:44:34.795079
b63145e6-0444-a627-b0ed-22600ef1eb8c,79,4743.592922641139,toys,credit_card,1,2020-04-20T14:51:38.330082
c2c519ce-b62c-1fe0-0aba-2be63c4e281c,57,3862.063694025433,food,debit_card,0,2020-10-09T01:21:48.065472
2c435f07-eea2-02b3-f191-bb52c4b9ac5d,68,3276.1503740470876,clothing,debit_card,0,2020-04-17T20:24:55.681895
61f526df-cdcf-a4e4-cc74-49b29991da79,40,2285.2290411463296,clothing,credit_card,1,2020-03-03T17:05:09.957790
4ef8b19b-7dd7-7f5b-f323-586f83227ff2,25,1461.8222203655948,toys,debit_card,1,2020-05-11T23:47:22.470925
f33ae8e2-9a0f-1268-3cd2-82c49a3d2aa6,26,1343.1371880405732,clothing,credit_card,0,2020-02-18T17:45:46.855235
6fed4479-2787-9712-5530-1e5bfa61f756,45,785.6099978473329,toys,credit_card,0,2020-03-26T23:30:01.750874
5c95182d-23a3-be1c-36a3-9a27fc13cedb,73,836.8725439866583,electronics,credit_card,0,2020-02-29T08:30:16.348122
77ff2dca-84b3-d032-a6c8-713ef53406b2,46,3049.0685265262937,food,credit_card,1,2020-02-08T17:09:22.584990
0da7e5fb-6b0c-78d8-5acd-65fff6dc0378,62,79.08298697995836,toys,credit_card,0,2020-10-27T04:44:34.240862
411173d6-24db-f4c6-edba-29c0de780b33,77,4342.408199638938,electronics,credit_card,1,2020-07-03T23:29:02.399673
c3f38ac5-b192-88bc-2f21-f004c3a7cc7c,48,3529.0085164335983,clothing,bank_transfer,0,2020-10-22T17:54:43.334337
490076f1-a7fe-bc35-a1d2-90d9aa38ea50,40,4073.6816415141593,food,paypal,1,2020-08-29T18:15:33.011598
0f9fc3fd-b74f-6b5f-6453-58b33dda6654,57,4736.049922807522,food,credit_card,0,2020-03-18T01:17:54.551855
a3487c09-65a2-1205-cb00-3c12de8b2252,26,1037.476458723967,toys,credit_card,0,2020-08-03T09:07:35.982103
9bfb6a56-3aa5-f0ea-e9f1-67c7c6102325,19,888.9757042893939,clothing,credit_card,1,2020-04-22T22:51:27.861783
8f0f7800-2984-0e01-4730-3031b1212d85,51,4771.754088858459,toys,credit_card,0,2020-10-30T01:39:43.215269
7f3ee475-cdde-5334-283a-88a9a3f5d5f4,32,3730.0271749439294,electronics,credit_card,0,2020-05-08T12:21:09.972059
1dcceda7-ceac-26f7-f246-de49836cb122,27,3662.483724999541,clothing,credit_card,1,2020-06-06T02:15:50.426690
07cd2b14-3cf8-ba48-297a-4faa6135ccb2,39,4411.980207836672,books,paypal,0,2020-08-26T22:10:11.632621
c9372e4d-ba83-d52a-e563-bdd7c6ead818,47,1873.892951358465,clothing,debit_card,0,2020-05-16T18:20:02.819008
a4ad74d8-e37b-d32e-aae9-26f5dbebb11f,27,2878.445766501377,clothing,debit_card,0,2020-12-30T17:39:24.699154
79cd2d84-85be-4e95-9b3f-bf223a19c739,65,2540.4254341545784,electronics,credit_card,1,2020-01-07T06:06:11.863797
d06e5c37-ccc2-a0d9-9b41-1a7b40d1603f,79,2624.7294628176523,clothing,credit_card,0,2020-06-24T01:08:03.848803
5012d41b-dfb1-ad3a-9c97-f7dedbeaf780,41,888.7560800434878,electronics,credit_card,0,2020-02-06T09:46:15.777595
8864b669-a024-c6bf-e836-166b643606a4,58,2408.1019293492923,books,paypal,0,2020-04-19T06:45:13.490866
11101973-86c5-93e8-9c67-8104cbe8fb10,71,398.2643694929477,food,credit_card,0,2020-12-24T07:04:26.277422
c8ab61c7-03f6-7a96-7c2f-14c313a69150,30,1347.692808082854,electronics,credit_card,0,2020-04-14T02:18:52.535802
e53d8fcb-a190-fedc-f755-73d5d55c23c9,68,3406.2135915715735,clothing,credit_card,1,2020-11-12T16:07:51.238352
105f5a50-31b1-25ef-2463-77614024427a,60,418.65261262052826,food,credit_card,0,2020-05-22T08:14:53.679202
5bd9a1f2-e378-5e8d-e630-906da0d888b3,54,4493.183264604752,clothing,debit_card,1,2020-04-07T13:15:04.023105
ff43fe46-8a9f-b0a7-27c9-437d3fe56278,52,1978.977256004552,toys,credit_card,0,2020-10-09T15:39:54.333803
acfc659c-2719-fc30-f187-fad17f6bbc05,30,747.9866638550914,food,debit_card,0,2020-09-07T20:03:50.422581
a8596432-3912-5861-7dae-18f286bdc038,28,794.7493627563979,clothing,credit_card,1,2020-10-09T13:04:55.405525
0f4b6f01-2854-b59d-a729-4ff92e7cc8dc,77,1175.7933114182144,electronics,credit_card,1,2020-05-10T23:09:52.631890
6175224c-4120-c776-f140-bb7949759d99,68,2628.0347208487888,books,debit_card,0,2020-05-15T07:01:16.652893
1a28452c-12a6-b8b0-8fb6-a088959ece15,79,507.7641557826813,clothing,debit_card,1,2020-08-13T19:04:27.295094
5ea753ba-eba6-2e31-eb8d-3df81a448376,64,4843.1693163502,clothing,credit_card,1,2020-03-21T01:25:36.849769
d90b48bf-d466-142d-4336-734c689edfee,73,1535.0576466826092,clothing,paypal,0,2020-04-13T12:27:46.358375
4060e866-e50b-16c5-8e0e-d136c4aa7679,38,4444.177351700032,clothing,credit_card,0,2020-02-16T03:05:59.642775
abacb41b-c1c1-c6ed-0045-62977014a2ba,23,60.768729534103336,books,debit_card,1,2020-06-23T02:45:01.556862
dc7d32df-e8f8-e52e-1ed5-102236bb6acd,76,3308.305653224746,toys,debit_card,0,2020-08-03T01:18:15.302471
02c1666f-6518-6928-dcc8-a47892c7ef4f,39,3222.186585024572,food,credit_card,0,2020-08-19T04:32:53.844435
0e0433f1-02c6-0970-9c5a-3abb3e48e8e2,24,1422.5219894521247,food,credit_card,1,2020-01-12T12:14:27.414995
140b5f0e-4a9d-3810-01ad-843f6c54deb4,22,947.0490942112154,clothing,credit_card,1,2020-05-28T16:35:23.149429
cc4e373b-65c9-4321-566a-da2f7605a7a3,62,3120.4881980757427,toys,credit_card,1,2020-07-09T17:19:19.525376
8102743f-5802-220e-cea6-008c6fef07ae,74,4098.4613123323015,clothing,debit_card,0,2020-12-04T15:27:14.995912
f32b8205-0d37-d6df-c065-3a83e793b24d,75,1438.0658805310281,food,credit_card,0,2020-02-16T01:35:51.444040
73f29567-dc75-0c86-c607-bdcb401fcc3a,29,995.3419509789098,food,credit_card,1,2020-01-18T06:54:46.741922
72d00e43-cb0a-6b9b-bdff-ad3c641f6e9e,44,3819.236001915557,clothing,credit_card,1,2020-07-04T21:44:59.639791
87b4c096-b0f3-2612-4ccf-42ec796ab678,67,2162.9286825889576,food,paypal,0,2020-10-25T05:32:21.615851
596d24fb-1ca0-363b-2099-de0e1075658c,44,3121.063459694825,books,bank_transfer,0,2020-02-21T21:28:18.296665
b3c12c3a-5813-9fd4-208b-c868544d792b,77,2505.871114210012,toys,credit_card,1,2020-04-04T00:54:26.947597
410aa6c5-ca91-4eee-c888-9c699219ff87,66,825.6677322056742,clothing,credit_card,0,2020-08-10T09:04:27.913291
3bb08480-e90a-fcdf-0935-81000dfa0453,64,2199.6789049624426,clothing,credit_card,1,2020-05-21T00:40:43.671568
2fa44015-15a2-4679-9712-73e2cebbdc33,25,3777.362072369635,clothing,credit_card,0,2020-05-06T17:58:16.884681
fe972ed2-483d-fe26-6981-68ea0f1d0e6b,65,376.736388658985,electronics,credit_card,0,2020-03-09T13:27:06.343332
72c3677d-cbdc-2e1b-c87e-dab8b721a92d,75,4263.7972035529565,food,debit_card,1,2020-11-07T02:33:50.916783
99ace5e0-2217-1eb2-9252-5ce89973b645,72,1274.5393872619481,electronics,debit_card,1,2020-06-22T10:16:29.061400
b3c37b8d-ea2b-7cbf-e28b-de9319443282,67,103.06265555646547,food,credit_card,1,2020-02-11T16:38:31.615694
2cbb513b-c5f2-14df-b54b-3950ae938abc,69,1334.049012962498,electronics,paypal,1,2020-08-30T23:35:24.556431
cf4753b9-91e8-6510-645e-17d9e5993771,68,3698.22467040137,clothing,credit_card,0,2020-03-23T04:12:58.520758
c32c84a9-1af7-c40f-f5ae-057fe56230e0,22,317.9408871873289,electronics,paypal,0,2020-06-26T00:06:53.536809
14666813-20bc-1ad3-0416-e02425bf26d5,79,1765.9868513555316,toys,credit_card,1,2020-09-09T07:43:22.191258
5d7c7e82-e295-5e89-1377-7d395588a4d1,47,699.6030321924463,electronics,paypal,1,2020-08-15T19:09:26.009201
da7e7327-84af-b546-629a-5f7985e35d6b,75,2720.3287338414902,food,credit_card,0,2020-09-10T13:13:04.201347
ce70704f-d0b6-f196-cc8e-69a5e944e225,42,3992.52167885693,electronics,debit_card,1,2020-01-24T03:53:41.543124
baab16f8-de62-e271-cc39-26b4cd6b6fe0,54,1480.7796868359155,clothing,credit_card,0,2020-12-03T00:07:40.772291
e102ea42-3c97-2a82-3db5-f0c459c59c84,66,4946.755534355339,clothing,credit_card,0,2020-06-15T05:51:45.357944
dbafd3f0-7067-3054-c0a2-d306f833cd64,41,4012.2337386356403,electronics,credit_card,0,2020-06-08T13:17:09.764832
91f6b03b-ca27-650e-ed98-13a3b9f29ea1,47,2654.9240264995055,food,credit_card,1,2020-03-10T21:23:07.382921
ae94b5de-fdb5-65c9-218b-6f4a93d56a73,45,1912.315186969028,books,debit_card,0,2020-06-14T11:22:20.080238
ecfc2bda-d786-a3f6-5eb7-6b907812c7f6,20,1209.1730681300244,toys,credit_card,1,2020-11-20T18:33:10.091370
3fb0e160-1351-ac1e-7b8d-5b825b97d3db,57,1862.9609778021781,clothing,debit_card,0,2020-02-03T20:20:31.123321
88bc04a0-f006-c44c-2cc6-205fcf28a518,56,1260.8628172054136,clothing,credit_card,1,2020-10-08T22:43:44.936106
461a038e-6322-5e1d-1e6b-75c049fb6213,52,2528.411203209556,electronics,credit_card,0,2020-04-28T22:08:08.842611
978beb2e-fba2-0a6a-0309-b86dbb97b2b6,49,1390.5881905254814,electronics,debit_card,0,2020-02-08T22:23:06.371049
9f5e723c-60d3-ac95-aa30-18250e5f2fbd,58,1222.3708731751435,food,credit_card,1,2020-06-12T07:40:12.436769
7fcddd7f-a287-add1-8b7d-baa406bbc7bd,63,25.817097774219533,clothing,debit_card,0,2020-08-31T23:55:42.801285
362c93b7-5ec5-b632-869d-110e7890f23a,57,470.2876459248828,food,credit_card,0,2020-03-08T22:21:19.974269
0a270820-abde-c077-cda6-d9c314e5ff83,18,1454.4142584725707,clothing,debit_card,1,2020-10-28T17:41:30.564490
1d477113-eefb-b1e2-4d3b-a05215ab3db8,66,2340.0546476309896,electronics,credit_card,1,2020-02-06T05:15:45.979897
737c7b35-05ad-a921-7755-6a3787bda674,29,604.7385363180441,books,paypal,1,2020-10-10T15:45:59.090916
c9d28fed-785b-7341-de72-b94b45d625a3,56,1294.102171957002,electronics,credit_card,1,2020-10-07T09:12:28.547546
ae5dc25c-57ed-3c1e-f889-f80bde58aa57,53,1578.2305879945632,toys,debit_card,0,2020-02-23T22:25:21.099236
514d2f05-0d09-4a64-be36-6e8f230e7bad,45,2131.222771241403,food,debit_card,1,2020-06-12T18:23:36.288801
87ae1246-f769-8789-d684-280e554baaa5,61,1424.892572855271,books,credit_card,1,2020-07-23T22:43:30.084805
0d2b940e-910d-4abf-8950-38e248e2319a,42,351.69445504569416,toys,credit_card,0,2020-03-25T11:52:47.733492
6d17ac78-d7b6-ad3e-a177-f761dd38d918,22,2169.5235122035538,books,debit_card,0,2020-12-31T11:21:36.239599
85c0fdb7-d144-4c2b-52d5-35f0d6c07f64,63,1267.1387834971092,food,credit_card,0,2020-04-27T10:14:10.284059
c7c96056-16e0-176c-86c2-d246701b8d72,72,4024.2476599931,food,credit_card,0,2020-07-28T18:41:36.646953
072b1a92-8fd5-4fa3-e93e-ac5ab706fc0a,65,3134.2380180071264,books,credit_card,0,2020-09-21T09:34:41.840512
81d52da3-b902-5a84-3abf-a6bbfd797fa9,69,279.5799581368629,electronics,credit_card,1,2020-08-07T05:06:04.578526
d082e732-db17-db95-6890-40bafb20be11,38,2488.18343914898,clothing,credit_card,1,2020-05-23T11:42:52.036856
d0e10e50-9e25-40a3-ce8a-19f9f88843bb,37,3752.25161762891,electronics,debit_card,1,2020-08-26T22:34:10.534326
95e6c970-3daa-4021-d5b9-508d41041aeb,43,3842.286197647664,electronics,debit_card,0,2020-03-07T21:43:55.693485
1592c1af-5cd5-36bd-26ea-e885e2afbd19,58,1100.5445677287457,electronics,credit_card,0,2020-03-23T17:31:59.582534
03c9d9a3-9d87-fe71-98a7-2b05c8fa7452,37,2276.9299104555002,electronics,credit_card,1,2020-09-12T22:18:59.126277
87bc1c2b-8bb4-6e1b-34a3-81411ca4068f,23,4625.606963016249,books,debit_card,0,2020-06-30T16:26:23.475331
91a01733-b816-3f0d-46cf-6cfbae6119e8,79,1962.3523388005165,electronics,credit_card,1,2020-08-21T22:35:04.251180
1c26b9fe-6e40-f5ca-25f8-c803ee6d2e14,56,1393.3613185899994,electronics,credit_card,1,2020-12-20T06:56:06.033623
0ea39997-90b6-bc22-a133-c8fb34d5b02b,23,4231.234416233594,food,credit_card,0,2020-03-04T06:30:55.270408
e61953e6-404b-3295-2f9b-9b4724b332a7,19,2384.0292822581987,clothing,credit_card,1,2020-06-24T12:10:20.847097
36ea7c58-4f58-821d-7b4b-ffb34a7c6a8c,30,1368.853773035628,clothing,debit_card,0,2020-10-21T03:18:47.130137
3ed856f6-9b8d-8db7-6b8b-aade7758d9ed,70,4679.428216832701,electronics,paypal,1,2020-04-15T13:50:10.078750
bfae8780-31c2-633e-c0ac-d55c31daee3a,65,3894.7058911698814,clothing,credit_card,1,2020-12-12T02:07:10.586933
37e4289b-415a-be0b-64e5-f7da2859fb82,65,318.3683119174682,books,debit_card,0,2020-12-25T05:40:40.019178
10ba7a4b-c46f-9867-2b52-e395270ca299,56,3911.7683892601394,electronics,paypal,1,2020-01-19T15:37:25.217444
4b842bc0-710a-57f8-ab2c-9f24617f3515,43,1611.106115008645,clothing,paypal,1,2020-05-20T11:17:02.795930
8d9067da-3c2a-6db1-2b38-06145e14a0a3,36,1624.5927132835707,electronics,credit_card,1,2020-09-23T17:39:02.561578
1c6565fc-bc7a-1359-90a1-910f36b39356,63,4095.715124818478,toys,credit_card,1,2020-03-15T04:43:36.863150
fa36c81b-c9ad-983e-f110-8aa88fe962fd,28,1520.0335837514021,clothing,credit_card,0,2020-01-08T21:03:51.301519
1d12441e-b0da-8071-8579-b996f7fd5f24,54,2338.1787290524226,books,bank_transfer,1,2020-03-25T21:57:03.807851
b6ee2c95-c32c-15f3-cd26-6d7752e72489,75,3462.8264740988247,books,debit_card,1,2020-05-29T20:53:18.051225
944519fd-5423-42b3-6cfa-40184031f01e,75,221.1953370548934,toys,paypal,0,2020-08-30T16:37:58.950540
7dc8ab06-c05f-6d64-9dec-09dbf0c8ed85,58,1834.002654345143,toys,credit_card,1,2020-06-26T10:54:25.905085
f2339ba2-e83f-28c1-edb1-575c8e607b9b,63,3671.0726639195573,toys,debit_card,1,2020-09-29T04:41:45.116892
40c6f4ac-5b40-e3ff-ab08-d5009f131c76,73,1516.858019626129,food,debit_card,0,2020-03-03T09:00:22.054969
7263934f-4430-3757-a593-dec45fc6454f,40,1961.8066419780955,food,debit_card,0,2020-06-19T20:20:42.799814
cdce10bf-259c-25e6-4e05-090818cbc4a0,78,3794.2432109559504,food,credit_card,0,2020-05-08T14:44:53.845023
bb964b34-e98b-63ea-7957-80487d857467,50,2713.6821373215043,books,debit_card,0,2020-04-14T04:52:47.024836
17c40939-244d-44e1-ff7b-4778acb98a4b,33,1604.4281530391447,clothing,paypal,0,2020-08-29T02:39:31.475370
9b711270-d75d-5960-e6a7-bf53da44ae36,65,3903.023329801551,clothing,debit_card,0,2020-05-12T16:13:02.137576
00197abc-1fd7-31f6-93cf-1493042e5029,34,3539.131620466973,books,paypal,1,2020-08-23T01:25:17.388969
e4f08627-7db6-06ea-0b5b-669a28206054,21,3813.0413726838246,toys,paypal,1,2020-08-21T17:53:58.119549
baded320-96ba-6f1f-8f27-f9edc24b4849,44,2246.5226555212257,food,bank_transfer,0,2020-01-29T14:32:10.343692
9f94dbeb-b47a-8941-e3ec-2c7a4b635564,27,21.367688112207432,clothing,credit_card,1,2020-12-04T23:18:15.365909
d77f28e6-f226-90b1-3707-dd4953aebbf6,73,411.4751555909403,food,paypal,1,2020-09-15T02:07:28.997686
909fed74-53e4-7578-4ea1-68cfcb137df4,61,4622.558300418405,toys,debit_card,0,2020-12-22T23:13:17.548896
a87b6ea6-d322-eeaf-ec5c-10e131a6fc3d,36,4499.72062295018,electronics,credit_card,0,2020-10-25T12:28:49.393517
3e51903c-30bb-ba50-3fd8-f43a07f3790f,63,2482.427940062547,food,paypal,0,2020-12-11T15:18:44.917940
2f62ca94-fe3d-5e23-31ba-1b6150774787,77,3874.963852991537,clothing,debit_card,0,2020-08-29T09:36:53.355457
662b9008-8e43-7a39-c745-f527e831dd94,74,4386.724293920055,clothing,paypal,1,2020-06-30T23:59:12.284573
02099706-dddc-44ed-f7f1-15217ce9d00c,43,1293.642739099767,toys,credit_card,0,2020-07-26T09:51:46.379837
fb9c73d8-6cc2-688c-d562-24ced722f981,53,452.36769750914897,food,debit_card,1,2020-03-30T22:11:21.798827
aa6da5a1-40b4-00e3-22d5-550366629cd6,51,4236.89696542165,clothing,credit_card,1,2020-03-13T06:30:03.487997
19765e9f-1649-f066-05bb-27644f1c24da,52,4418.243029157176,food,debit_card,1,2020-10-02T08:03:10.465740
4664f7da-88a9-c920-9e7f-815e5f9bb719,51,3383.9196006200177,clothing,credit_card,1,2020-07-16T18:35:38.449894
0f9b1f0c-4a83-2fe2-4d07-9647d59b7f94,65,2494.890092229155,food,credit_card,1,2020-05-22T05:50:21.416932
8c552ae0-18b1-e785-e6f8-d1c0af1c9c36,31,3569.994489845213,food,debit_card,1,2020-02-26T22:53:03.186772
4cc9d438-4ec0-3092-fd9e-0cda2f1abfcf,56,935.1397874454086,electronics,debit_card,1,2020-04-02T04:03:58.016544
933f6275-89f4-78c5-1143-1c09a8276e9e,32,1257.156467902769,electronics,credit_card,0,2020-01-24T19:06:06.533769
c3e27e3c-9a4d-fa86-e1f3-545a8e6787bf,70,1081.8237768657348,electronics,debit_card,1,2020-01-03T00:46:03.071837
d42c0717-5d56-4d36-c126-d8f24eed5db9,76,4205.913506566281,clothing,credit_card,1,2020-04-28T23:40:54.746900
d3d7c138-3f06-5fda-e040-080992707911,44,3615.2425851313537,food,debit_card,1,2020-12-17T11:45:30.718660
189f1833-31ee-6c10-6c62-fa0fc9751e7d,52,4920.109116123843,books,credit_card,1,2020-10-14T20:39:34.414052
94d4206c-bf89-4ef8-c3aa-3b99e79d6e39,57,3488.637525587821,clothing,debit_card,1,2020-12-25T10:59:47.894202
78e6f25d-1931-5ecd-3ffe-ca6c7c06edad,33,1795.362776176545,electronics,paypal,1,2020-09-26T11:31:49.974490
7bf8be70-1280-b29a-c1e1-f84ec8d2a47a,72,3949.978911094845,clothing,credit_card,1,2020-03-06T14:17:49.545493
5868c0b3-7c31-e10d-a6d7-a83c9f72a958,31,3459.81107166424,clothing,credit_card,1,2020-09-21T02:31:41.636536
9a1c9354-de54-b763-b892-eff8361c6a66,36,4989.176687980017,food,credit_card,1,2020-12-22T16:48:08.138616
90cacad7-7906-0e4b-3444-56ef4bbca129,48,2459.51677431323,books,credit_card,1,2020-08-29T00:26:30.196643
dbdb4977-51f7-d39f-b47c-fd4379c55d1b,79,2151.809576777754,books,debit_card,1,2020-06-12T07:07:32.094986
f7520f47-fa50-11f2-b642-c8007c47833d,78,830.6077384697626,toys,credit_card,0,2020-06-30T00:20:23.407456
457450dd-a269-18d3-dbfe-87cd45560444,69,1698.3005494137751,food,credit_card,0,2020-06-25T18:50:18.772117
0fb0d7cb-1a26-a55f-c6a6-d515fa1217cd,56,2493.029284573582,electronics,debit_card,0,2020-09-03T04:19:10.630821
75e871cf-5719-0b84-c523-0e259d57b076,45,4392.446948699706,electronics,credit_card,0,2020-09-07T03:02:14.784455
cdbc8cab-83d9-eea6-7ab8-a4b02e80811a,67,3193.793547350679,toys,debit_card,1,2020-06-19T17:21:43.986176
9c542405-0e9c-7f31-ad1d-de164ecd139d,80,785.8079057671652,food,bank_transfer,1,2020-07-20T23:35:46.455965
af24e61b-e07b-3f76-81cb-56f578f4cecf,21,2740.6072699978145,clothing,credit_card,0,2020-06-10T09:17:01.775502
3c41ce7d-8795-c693-cd25-d6879f327e19,34,1693.0026796497802,food,credit_card,1,2020-07-16T23:15:56.643023
e7af1acb-e534-33fe-5f72-126cb40b23a8,76,4763.617517460483,books,paypal,1,2020-08-15T00:56:47.847887
a2158b00-8710-7992-4d97-786974eb1a10,66,1896.0961684713823,books,debit_card,1,2020-09-13T00:43:37.423694
34b366ee-074b-485a-ffa4-7425f56cd57a,22,2660.2016608363056,electronics,credit_card,1,2020-03-14T11:43:49.575114
68f61d01-9b66-358d-ddbe-606b509c372a,52,4810.47813205136,books,debit_card,1,2020-04-26T01:32:26.165754
32881a1b-7ff3-f165-db7a-ccdd16dead6e,23,2607.7486959601483,food,credit_card,0,2020-05-26T17:16:52.237318
e887e4ed-be56-b258-dbc2-b73e78ef0969,58,4875.868944558858,toys,debit_card,0,2020-10-21T20:37:41.327875
252a7775-2bb4-e19a-3d88-3462a8a8ceda,43,2890.282498975379,books,debit_card,1,2020-02-02T00:58:38.532010
6e73dad4-ff1f-8fc4-eacb-e28404d7c578,23,2443.8448954085734,toys,paypal,1,2020-08-18T00:14:52.114058
e146abf4-98db-4b6b-4085-6999a68288b4,65,3206.0039225936857,electronics,paypal,0,2020-01-10T04:40:51.064409
8ebf7883-092b-78d7-9169-ea3a4c67aa29,43,3220.484340610554,food,credit_card,1,2020-03-03T13:52:23.553910
7d9caab4-b6c4-706e-5002-642e56fac5cb,59,883.8080870375377,clothing,debit_card,0,2020-03-05T04:28:41.993743
dffce613-36fe-f6b5-7a8c-9db56ee85b77,70,42.54707829405347,electronics,debit_card,0,2020-12-24T20:30:18.545004
843becac-9b6c-f22f-ac52-ef538684512c,56,3911.933825683301,food,debit_card,0,2020-04-22T23:35:36.839356
8faac436-6969-ad44-b3ff-ca803a66d03c,49,3543.0836317289136,electronics,credit_card,0,2020-12-20T16:22:03.654699
081aba00-74bb-8c6c-85d0-99381ea0f0e9,22,4807.044735367995,food,credit_card,1,2020-08-01T08:55:34.685572
d71a704d-5018-6077-0e52-7a451d909640,67,3941.1049071975503,electronics,credit_card,1,2020-01-17T10:38:30.519911
e440bb17-942c-20e6-6c0c-a39d03560d80,69,3162.3068724268655,food,credit_card,0,2020-03-01T09:47:18.434658
d91c943f-cda4-645f-1282-1b6911fb7b53,42,2378.768109785065,electronics,credit_card,1,2020-12-01T01:19:27.510071
d86d903a-3394-f804-18b5-386a881d6033,25,821.5594301004668,clothing,credit_card,1,2020-10-17T11:27:13.632704
15be8382-832f-04b4-eb7a-54f7e5fe16ce,41,138.80892877153983,electronics,credit_card,0,2020-10-19T18:15:06.911717
0769e7fb-3817-21b7-1bab-3474579bfd6b,72,2666.127685659871,toys,credit_card,1,2020-09-18T13:56:30.524025
83081ca6-a819-4ee3-e44c-2ae95e968e35,59,1139.944576204068,books,debit_card,0,2020-05-13T14:14:36.016938
b8c2af0b-8df8-50a7-93b3-6cb1476461e3,37,685.1398162284534,electronics,credit_card,1,2020-11-17T04:52:40.472923
270a8832-ce02-4572-e2c4-5c475737d268,64,4490.029659297544,clothing,credit_card,0,2020-04-09T00:40:38.245094
ebe80243-ccdd-aac5-f895-343468e42fb4,70,364.86804338108334,food,credit_card,0,2020-07-25T17:36:19.814614
915b85cd-bbe4-f3e4-1606-6e58a15c0e51,45,3870.1230429935586,food,credit_card,1,2020-06-18T12:56:08.663413
28cb1c87-4423-9434-39bd-4cb2b636ca32,60,201.8642351467337,electronics,credit_card,0,2020-04-14T09:12:38.836659
4e5fe4c1-efc0-f29d-339b-803dad63f3e3,19,1095.9444078041417,books,credit_card,1,2020-01-21T22:33:32.849835
b5438c90-b80d-0a23-6a33-7a192a5c1296,21,3330.4626148940156,food,debit_card,0,2020-06-01T00:42:26.707783
b2ef5955-f06f-1690-c977-15c251c6dc27,23,2649.150437431245,electronics,credit_card,1,2020-08-24T12:48:02.718206
e4cedad8-73f7-3ca0-f933-8bf86a0671bb,68,2684.26209156193,electronics,credit_card,0,2020-04-08T05:31:40.606665
bd06171c-f3a7-3e3f-29d9-04220bcb0578,18,463.0639604426563,electronics,paypal,0,2020-11-24T21:31:50.377966
063c21ed-593e-c0ad-91a7-3fcbddd9f544,77,3964.8694043523446,books,credit_card,0,2020-10-02T17:31:04.795644
c5ce3047-e652-1499-8761-8bb060691205,29,135.90020175995056,clothing,credit_card,1,2020-10-06T00:27:55.029280
2607bee2-072c-c511-248d-51dd4f4709ad,60,3861.3979940411728,clothing,debit_card,1,2020-01-09T10:55:04.881371
6cb8b200-23db-743c-5562-366b1b29056c,70,3977.9393815769818,toys,credit_card,1,2020-08-30T09:56:54.689995
1740ad45-d410-9290-32b1-a5c73c7683dc,25,2272.843307888258,toys,credit_card,0,2020-03-19T10:00:39.360446
461fb750-4bf9-3970-5df6-05f58943a48f,25,3085.969609701114,food,credit_card,1,2020-04-12T13:22:20.020038
bd6e864b-b776-c499-98cd-7adf917b0cb0,55,4123.884098595132,electronics,debit_card,0,2020-10-13T06:27:07.205397
3cd85621-2c09-0748-bb33-84540fa11b39,49,2850.1915366356834,food,credit_card,0,2020-03-06T11:34:52.174180
32c71de1-666f-047a-569b-7fcc03420db4,72,4749.136857880786,electronics,credit_card,1,2020-02-24T20:22:47.307613
7a98fcc0-b8af-efcb-6e8b-eeffbf413d2c,35,863.9600464784844,clothing,credit_card,1,2020-07-24T21:35:38.966817
e237adca-4dc9-9466-e2bc-b3b44a367644,61,50.96773963855438,clothing,debit_card,0,2020-01-18T03:26:37.157923
595172eb-0e68-865b-22de-d86fbe991a5a,77,2502.5276636346557,clothing,credit_card,1,2020-08-25T23:03:08.341047
a9aaa36a-fbae-dc90-1b70-85498165a31e,23,3907.1552928878964,electronics,credit_card,0,2020-03-11T09:43:00.465113
ea9b8cec-002d-46bd-3873-3510426a932e,64,502.89044988991316,toys,credit_card,1,2020-11-19T06:21:16.677604
cd9da56b-bb6c-d638-3546-0a5564e8dfaf,65,2540.619888675383,toys,debit_card,0,2020-03-16T17:34:51.866346
da14ccd0-e0e8-c164-a472-187c0c713a94,44,1970.342121661217,clothing,debit_card,1,2020-03-09T06:56:17.270708
fcfab307-255d-c460-7ea4-14b79a8aaa47,52,484.18609411978827,toys,debit_card,1,2020-02-02T09:32:50.167456
07e36561-5f70-8c4d-7c8f-62aaf220db5c,50,514.0968185892734,food,debit_card,1,2020-02-02T15:32:05.139378
ef5925f1-7e80-a7c7-0a38-b67835ee7a63,67,4653.086684123644,electronics,credit_card,0,2020-08-08T17:26:43.684479
497ac5d2-0715-184f-c3ad-07fd6e03f387,21,296.6224241951854,food,credit_card,1,2020-07-11T14:04:40.316574
43fee2c9-2be9-afb9-ded3-9b775611549b,76,2435.1892305927213,clothing,debit_card,0,2020-06-28T20:33:32.810523
5cc200c1-d6ff-b6d2-7fd1-c1b91c13c33e,80,1122.9668862862031,books,credit_card,1,2020-08-04T21:13:37.599445
cc8ea5ca-7d18-90f7-4a44-ebadd9e7eddb,66,883.1295886933809,electronics,debit_card,1,2020-06-13T02:29:23.190682
6a1489de-47ec-cd63-0e37-36de6bd6d036,62,2428.3134834945436,electronics,credit_card,0,2020-04-02T10:50:46.343846
3b9b70b7-ada6-f518-7b7e-e88042c655df,70,1721.5223749837312,clothing,credit_card,1,2020-01-15T10:49:20.927241
a4225794-9c7f-25ec-a74a-7a158ee2872c,22,2171.889629735541,electronics,paypal,0,2020-04-22T16:23:39.903168
8dcaa93d-9bc4-4aa8-083b-3eeb3515ed06,66,2035.6224938586681,books,credit_card,0,2020-05-26T08:52:22.222538
0a55cf1d-95cd-dacd-2c02-36bea34d2eb7,50,3107.8744430524994,food,debit_card,1,2020-10-27T16:22:28.780605
bd2b0d64-f2d5-3fe0-4738-70c234e65945,22,699.4023679611128,books,credit_card,1,2020-04-17T02:43:51.421721
ea308d98-b733-61e2-b750-a49b7b3b1be3,46,2980.5185112335244,toys,credit_card,1,2020-10-21T02:33:27.709223
18dc83ac-618b-4671-05ca-6f94b1ea392e,33,4193.778230525016,food,credit_card,1,2020-09-02T01:57:55.807924
09ba6b95-ca7e-9fe2-1f78-2b7a9bc5ae83,20,484.19032033015293,clothing,credit_card,0,2020-03-09T13:26:28.518529
c7030318-8240-0d17-09d6-94af41496698,42,3927.442180434053,clothing,credit_card,0,2020-06-08T02:29:57.073737
d74eb530-71ae-8501-d00b-8ab85d5a2e8c,76,3520.7788687698544,clothing,credit_card,1,2020-08-06T15:16:40.480291
6a40c93c-57cf-ad2a-1b25-8d72edf6481b,31,1975.6385792719732,electronics,debit_card,1,2020-06-15T02:12:14.349821
7427163c-29de-8e25-b2d5-c610f3843791,78,3842.63675525452,electronics,debit_card,0,2020-10-06T06:51:32.018691
9034770b-d282-d794-66a4-61e41e62e4e8,28,999.7338420828521,clothing,debit_card,0,2020-01-23T19:14:26.209174
c719f721-d8ba-fc5c-88a6-a4ddb674bf42,26,4882.973505381648,food,bank_transfer,0,2020-07-28T15:34:06.531389
867b64d2-9729-206b-8c81-2959ba55b152,51,3822.210068356712,clothing,bank_transfer,0,2020-10-23T08:38:50.667126
54f76f65-eef5-ae78-66cc-c81f4f766a1b,63,127.80120183145401,food,debit_card,1,2020-02-27T15:53:10.611840
3f0e9cd8-0c94-6934-a938-a0e0709c2cc7,43,3364.972353053469,books,credit_card,1,2020-05-12T06:27:52.580546
742a3a72-4932-a971-023b-034728ac9684,66,2463.711250235118,food,debit_card,1,2020-05-03T21:39:12.238472
dc6b01e7-1894-d55a-e7df-db606ae74340,80,2840.7221247484304,electronics,credit_card,1,2020-10-15T21:58:13.734958
f8586859-3c13-c4e0-4c5c-a5f0fa2d5ac4,22,2079.367875237758,books,credit_card,0,2020-08-14T11:29:15.935347
1920684f-845e-4bca-cd43-a91b8d6bf099,78,1772.7186531635928,electronics,credit_card,1,2020-11-12T07:52:33.634434
eeaece37-10ac-441b-521f-404f3f50ff5e,54,1160.1460716084327,electronics,credit_card,0,2020-09-02T07:00:58.308843
85504781-d828-7c62-6dc2-a9328a838e2b,50,1530.974875854609,food,debit_card,0,2020-12-22T19:24:46.313797
0a561a9d-d93d-a12c-df67-babf236020d9,47,3018.8644861441885,clothing,credit_card,0,2020-04-08T15:47:35.881645
29202023-572c-4917-4c0a-e3c763f7c147,41,2641.2800883405052,clothing,credit_card,1,2020-11-25T05:19:26.220459
fa9509c6-ac3d-7026-35c5-c00cb2fc49e4,21,3756.477394474958,food,credit_card,1,2020-08-29T02:28:54.384980
38037c59-33ba-cbe5-75e8-e440cfb89140,53,1134.9760731310857,electronics,credit_card,1,2020-09-28T17:19:13.863298
ce3c36e1-b2ac-6c32-f35f-364ddd2ae89e,25,4387.438862546955,clothing,paypal,1,2020-08-11T06:30:47.277180
704aef16-8833-afea-446d-9b343c8a680f,58,3037.2637420769024,books,credit_card,0,2020-01-13T14:14:39.129898
d393f35e-ed7d-b32e-f718-0d6e936c24d6,32,4217.934651842775,books,credit_card,1,2020-06-13T06:34:53.492362
b7f9af3f-b7fa-4027-d65d-30964b5f4c94,34,3473.28936581007,clothing,paypal,0,2020-08-20T00:55:47.518958
7a0eb8ff-1b50-ce8a-521d-5339648e01c6,18,3167.497857475709,books,credit_card,1,2020-05-05T16:41:45.888310
8eacffe3-2bd2-6482-c6d0-67fabbaa4383,24,4358.016570809729,toys,debit_card,0,2020-07-24T23:53:16.070104
d4b16ff4-c14e-c0c1-3ac9-09d730c8b1f3,64,2825.4769728203532,electronics,debit_card,0,2020-11-24T11:27:55.374470
143ce05b-8344-f35b-ca6d-9703bf5dd2f8,47,2036.1668155397908,toys,credit_card,1,2020-10-13T18:43:12.428854
358cea32-051b-fe1e-c39a-efba3b7c5854,62,948.3759836683638,clothing,debit_card,1,2020-11-18T14:56:10.865922
e0f173ab-3136-0277-e277-f0d56db943c0,36,1777.5826553256534,electronics,debit_card,0,2020-10-17T17:35:34.922982
396e62d3-7582-5ec9-e458-6f75af82ac00,21,1616.874382168612,clothing,credit_card,0,2020-01-19T09:26:25.015930
ca6035f2-eced-0e4d-68fd-5cd072e59fb1,36,2170.6063716449485,books,paypal,1,2020-02-18T11:08:46.896863
b86795fc-a6d3-d085-734e-26a3423bbf3b,41,946.357269209079,food,credit_card,0,2020-06-23T20:15:13.200125
6b6b5bca-f486-1de9-3d3e-90abd632a5d2,21,1527.7876704979421,electronics,bank_transfer,1,2020-01-22T18:47:30.712431
2bc221eb-7256-305c-08e2-4b66d6103eb3,57,1329.0243335974994,books,paypal,0,2020-11-06T09:01:30.512802
b399a871-5e94-6f74-7d51-14b69540e745,77,2754.262656030022,electronics,debit_card,0,2020-09-06T16:28:39.758852
fc09367c-c152-f489-1a29-9e5408c97b7b,24,4103.41069998346,books,paypal,0,2020-05-28T04:17:34.130350
d4ed2fbf-4b90-aed5-0329-8fb439371737,24,1016.5115667480878,electronics,credit_card,0,2020-12-22T12:35:54.269636
9afb48c7-6342-572f-bd70-e7cc7f49502b,42,4857.472779539001,food,paypal,1,2020-02-25T20:52:40.807576
35f0054c-64ee-e907-de36-9c1d8b93a82d,32,1881.3844105365388,food,debit_card,1,2020-05-27T00:24:28.117259
0a6ee2aa-2e08-29c9-8c44-86d835630028,36,3983.5847774937693,books,credit_card,0,2020-05-08T13:51:27.980037
e373fbdf-c9ee-9551-462f-8c83a1721adb,56,2139.716821152245,food,paypal,0,2020-07-11T07:22:46.089975
07ba982f-4aee-0ac3-bdb4-ec7e048e84c2,51,1589.8090512694744,clothing,credit_card,0,2020-11-05T07:09:23.780557
7e3301d8-c5a8-cfa6-b15a-2c19a7afc1dc,76,4606.879388116236,food,credit_card,1,2020-03-25T18:57:16.509361
b1698413-1b5c-3948-1057-aecc826e5cca,65,1987.9297206775825,electronics,debit_card,1,2020-01-11T09:06:10.035277
d1ecbc9a-de3f-04cd-59f2-d2bfa7a2985b,64,14.60244597268147,electronics,credit_card,1,2020-08-24T01:37:58.430513
048cabd7-8ba4-a581-2480-57d70f21c3e8,79,3228.4407361329468,toys,credit_card,1,2020-08-05T10:00:12.248549
4e8a4779-75d8-fff4-958a-8d3fd55485b0,50,946.1850855258587,electronics,credit_card,0,2020-05-06T11:34:04.399334
15936fbc-46c9-4e6f-f518-43ffea2b660e,62,1553.9343161267448,books,credit_card,1,2020-07-30T06:18:38.568254
d950d794-c184-a1f5-5dc8-55d53305ec51,63,3061.6893531962164,clothing,paypal,0,2020-06-01T07:12:27.620679
630715c0-1f14-bf00-ccb8-48d15ef6d0b0,33,2676.353900711354,clothing,credit_card,1,2020-04-12T14:52:30.539294
e8bb2bb3-f52e-bcb7-0a9c-dc26d3ee9c2e,64,2226.6223147118067,books,debit_card,1,2020-11-17T19:40:49.443267
3c53e9cb-3dae-8c21-d43a-c45832dce467,79,2994.1970678257776,electronics,credit_card,1,2020-01-31T23:49:40.051958
3c25ce2a-ba52-6a96-0496-91418a5a4b23,70,2649.8050207532197,clothing,debit_card,0,2020-09-09T05:33:40.184642
8f7c5028-f8c6-f213-3952-fc7ccbd7c819,61,387.1282618017415,toys,credit_card,0,2020-04-24T13:41:45.896782
cc9f4514-d1cf-1152-c96f-55c99d1feef1,58,3726.8800927443676,toys,credit_card,1,2020-08-25T21:40:07.080497
1dee8579-247e-5d1a-500b-d36d9f35dac9,37,3079.184533835683,clothing,credit_card,0,2020-07-06T08:51:19.132663
2e14d1b7-1756-8384-4c67-218d9d11151b,36,2559.9934187053505,electronics,credit_card,1,2020-06-18T23:48:06.457895
75ffded2-b821-a7a7-9df5-04d07ab4ce32,58,4795.9380938638205,electronics,debit_card,1,2020-07-02T07:49:08.642461
4a7a2a61-ebab-f5fd-3950-7078affe88bf,61,2982.027933544616,toys,debit_card,1,2020-07-20T01:47:55.031186
5058c51e-4a4a-fb2d-e38c-60fb28866341,43,4677.574391639015,food,credit_card,0,2020-05-25T14:42:30.213891
be9c8166-d9aa-1643-8a5d-3b9a67e43a57,67,3322.5578092457763,electronics,credit_card,1,2020-11-28T10:13:31.565120
4f7a3994-a40b-4ade-9972-a29555046066,21,1327.329383003533,electronics,debit_card,0,2020-12-15T17:15:14.615531
6a6e700a-4030-220f-1fea-94e2fda5d155,25,1646.087209005848,clothing,debit_card,1,2020-02-23T02:05:30.559920
4a3495fd-f639-fd94-2392-a49d475c7266,62,153.2085022681978,food,debit_card,1,2020-02-16T06:25:28.999248
321ca8ac-9c6b-2cfc-bf24-8dec7418ed31,58,4195.687701970504,books,debit_card,1,2020-09-25T16:37:01.592486
a409112a-9bd1-e1c4-1ecf-1801dffe5602,49,4946.566499555438,books,debit_card,0,2020-04-18T07:18:58.514569
d0e1d74c-390f-7dae-9ada-227fca43cadc,51,1234.6225117871322,books,credit_card,1,2020-09-11T22:32:37.899986
ef811743-0e96-041f-f808-b364ca7e5b59,47,1311.3332979242198,toys,credit_card,0,2020-07-13T04:56:02.501156
1db652aa-3586-b0ca-a512-9e67d5b7e54c,68,3193.570753553775,electronics,credit_card,0,2020-09-05T09:28:07.836864
f97767d9-8143-2314-0dc0-852a9b317eca,61,4340.509776175607,clothing,credit_card,0,2020-11-02T21:09:58.218271
52d93a2f-abcb-f276-8ecb-7425213e2874,33,4676.220928273685,electronics,credit_card,0,2020-04-15T19:35:11.243402
555ea26e-ac92-9f18-1088-8fb7cd1b908c,59,638.14869409213,clothing,debit_card,1,2020-08-18T22:15:13.710924
63339a88-9826-88f9-e826-04f87bf5079d,75,12.92476657629516,books,debit_card,0,2020-02-09T16:40:59.129969
dda79001-613b-831f-e05f-aa48c662f10f,59,1794.3048853888329,books,debit_card,1,2020-09-16T02:54:45.323571
04fca1d5-4ced-58db-97f7-76fe7e4e8776,37,4897.037327507329,books,credit_card,0,2020-04-05T22:04:09.362261
0e592384-607a-96a1-cc79-f33c24f46428,66,4625.299935013874,clothing,paypal,1,2020-06-20T19:12:51.661158
742cea97-4a57-9b2d-9104-22d55d604f4b,69,2347.241116030008,electronics,credit_card,0,2020-01-14T13:06:10.635706
b83a1c1a-1fce-07f5-7363-c754665363c2,79,1122.1071032301068,electronics,debit_card,1,2020-07-26T15:04:37.331330
cbc276ef-a9ff-2352-1da7-fa145bb9cc83,41,1863.7159203746462,books,credit_card,0,2020-01-11T01:16:16.233831
7fabfaf5-6ac8-c92f-9e8f-08079a1e1c90,52,1830.43240003678,electronics,credit_card,1,2020-11-24T11:09:00.459046
bda9420c-1bf0-285d-67e7-2ca3df7cf735,42,947.0067981895695,food,credit_card,1,2020-11-09T16:09:22.901630
de43cf2b-7dcf-b742-c169-8bff2ff86269,78,3952.069680063783,electronics,debit_card,0,2020-10-30T01:30:01.324750
a2353e1c-acb8-7da5-d6f3-d57eecaa16ca,43,3206.6358655663553,toys,credit_card,0,2020-04-18T09:04:08.625558
6f2a52a2-5503-ae2a-8008-3513af300d92,64,1611.0949048327977,food,debit_card,1,2020-08-30T18:19:15.707578
56d073f4-b959-6504-acfe-3ae035d76b9e,34,4166.213773304645,electronics,credit_card,0,2020-12-04T12:41:54.371433
055b7672-9204-13b8-5df5-cb5628d7e533,67,3491.8938985117006,toys,credit_card,0,2020-07-29T14:03:35.934220
a2cf2a8d-a989-26d8-e83f-667e97b12efc,61,4015.6267165673607,food,debit_card,0,2020-01-27T07:44:15.377049
4aa1e3f7-f5eb-94ed-3493-bc1369449012,66,1167.7445204044648,toys,credit_card,1,2020-06-02T12:56:02.032693
8338352c-dc74-ceae-669b-8059b520a4d1,62,1193.058594400788,clothing,bank_transfer,1,2020-06-09T19:02:00.380040
06e185f5-0b91-a087-f17c-a76bb07bcb41,19,4446.864218183114,electronics,paypal,0,2020-08-26T09:40:09.102475
112b62c9-685b-fbdf-e280-d386f0efe8e4,27,424.693603993953,books,debit_card,1,2020-06-27T07:24:52.918607
cab3dd8a-98a7-e434-cf5d-00ff1ad0b0be,18,3598.1427542388765,clothing,credit_card,1,2020-11-05T13:16:09.186350
b9ef3be6-9ce2-b007-335c-fd10e181957b,77,25.898997365180655,electronics,credit_card,1,2020-12-14T20:43:24.010946
bcb7bb52-b577-5c6c-268d-3a181ce53fc7,43,1319.56524673671,food,debit_card,0,2020-01-27T20:24:55.290316
36f54aa9-aec4-3f93-c2ef-3b2b74b1b762,55,4512.1210057119115,clothing,debit_card,1,2020-12-07T08:18:00.588333
cc8f0935-92b7-7889-1db9-59480e61c474,27,403.1148385071507,clothing,debit_card,1,2020-01-12T09:16:42.044196
45242c87-5ec8-5360-06f0-290c670de48d,64,74.21251073621752,clothing,debit_card,1,2020-04-11T18:49:47.703806
e59c3c32-4d88-2253-e35e-8f3173fe065b,72,2710.7389591721753,books,credit_card,1,2020-04-17T04:24:14.100839
d83a383d-8347-43a8-513e-82fa82a1f3ee,77,4307.35068662391,food,credit_card,0,2020-06-14T05:52:59.671784
e5106bf6-735b-3730-3f3f-c28b64f49abb,68,115.868234563783,books,credit_card,1,2020-12-30T15:56:37.147761
40ee4500-fd21-8957-2f16-e8e74d77ef83,20,1749.162397825172,electronics,credit_card,1,2020-03-31T05:11:52.187208
6042ecdf-e80a-9cc0-5253-53ff83721615,47,2036.5704731512717,clothing,paypal,0,2020-10-25T16:21:46.286523
b6fa1f1e-030c-a2a3-5d27-07d9b6068b44,34,3449.6573889066917,electronics,debit_card,1,2020-03-12T20:46:30.985438
b1d7eb62-7dd9-e255-7d2a-dbca67247819,71,3803.3860252087643,food,debit_card,1,2020-07-25T19:11:38.982566
b863e6e2-c6c5-92c3-96e5-7dc2ecd35c70,18,828.7140131639429,toys,debit_card,0,2020-11-16T13:00:22.777678
c84139de-de3f-86f2-90f6-381c131ca90f,70,2351.796980124352,electronics,paypal,0,2020-03-24T03:27:26.479484
51bc9c8a-dc58-701e-63f4-a87199667e2c,60,4195.594349240491,food,credit_card,1,2020-10-27T07:37:25.293317
1e72a283-0aac-b4d5-6336-7ed10c267e8a,69,3695.5522932506437,food,credit_card,0,2020-03-18T04:13:52.099861
0d8bb00a-7acd-8e77-c9b3-3e80aff5298c,53,2381.876713734719,toys,credit_card,1,2020-09-11T00:47:04.827663
dcdd461c-fb53-61a9-00d3-6263b48c01b6,53,3920.479016458869,electronics,bank_transfer,1,2020-09-18T13:57:09.661724
08cba41e-5639-21d1-ccba-70bf504f02cc,76,159.49298712841224,electronics,debit_card,1,2020-06-07T15:28:59.720811
0863810f-b9d6-7588-5b91-8a2ec05e1600,31,3195.630483697345,electronics,debit_card,1,2020-11-09T10:43:10.224320
7a3f0098-0f37-5667-60af-60418452e2d0,78,2584.377015863876,clothing,credit_card,1,2020-04-05T01:02:01.046812
df37e1fc-d5ce-bf77-911b-366f30eb02d3,45,561.8425528237769,books,credit_card,1,2020-02-06T14:14:15.257072
ef4fc841-d633-7866-4f0e-11d768ff8a81,32,154.63546850866402,books,paypal,1,2020-12-25T04:27:31.795676
4f20dd0f-7e31-1207-1f1f-7ef8f2083546,27,920.1038737477184,toys,credit_card,1,2020-04-22T21:26:21.179034
2c027172-ee5c-2001-70f0-623288b9cc42,79,4380.983433688957,toys,credit_card,0,2020-01-28T02:20:12.252093
2b9c2517-f1c3-f389-ae09-531d9940cf69,35,1663.507007767495,toys,debit_card,1,2020-12-20T03:40:21.229354
152e5814-cbd1-1ae7-733f-c4ae2420f358,51,1096.8394265438035,food,credit_card,1,2020-10-27T17:31:50.513365
bc359e56-a479-c141-06d6-ee69810e67af,35,2342.673549901762,food,debit_card,1,2020-08-15T12:38:43.155831
738c2999-21c0-b6b6-a191-129489d423a8,48,2880.283890807638,electronics,debit_card,1,2020-03-23T08:48:10.540039
6a226dc2-94f9-7c7f-8fb0-106e9a4ca14f,80,3705.3615458377153,electronics,credit_card,1,2020-06-04T18:35:04.303983
4a3ffc08-83cc-19ad-a315-819e69c4b135,51,4781.805944859328,clothing,credit_card,1,2020-11-24T15:36:01.137910
864712de-9fb6-0a31-9b25-c36b595cc2a7,62,655.056873514686,toys,credit_card,1,2020-05-26T15:23:07.178822
db107c4f-b173-9ad1-ed4b-5a45632db5d6,47,119.49010538413995,food,credit_card,1,2020-05-27T05:23:57.216524
f29357b4-af25-63ce-d685-b2036f1297b0,45,4361.571744677824,books,paypal,1,2020-07-12T13:12:36.292194
2516d591-f46d-732a-3f1b-296d9b60a1ce,56,3348.4969870799714,food,credit_card,1,2020-11-25T18:54:25.805999
efd1f9f8-8ac8-d5f3-d6f3-c6c25410f941,67,2483.9185190779617,clothing,paypal,0,2020-10-24T05:57:07.769514
9260dcb4-e908-b066-38e3-2916cdde360f,21,1723.001896826481,electronics,bank_transfer,0,2020-08-10T23:55:25.573714
44240b2d-91c2-3368-a906-126287c8191f,18,3347.914460466909,books,paypal,1,2020-07-20T15:11:50.588341
f9a9e6ec-19b1-437a-6ba5-c6c39aaf36d6,56,2494.8693916218253,food,credit_card,1,2020-09-04T01:32:00.937705
070077fb-3de9-f87f-98ee-b3fed9eb59c6,73,3169.995852139269,electronics,paypal,1,2020-08-19T19:05:46.579033
45e4907f-ca66-a2c0-7715-6f761eb1d4e6,28,2282.358765790521,clothing,credit_card,0,2020-11-14T10:51:04.411188
c479ac09-9bb0-fe50-4e4f-1ea91834a6a2,47,435.0856853487475,toys,credit_card,1,2020-10-17T09:23:48.490859
26ea6d03-41e6-13cb-e8f0-e054175ed9e5,26,3522.5646445346792,toys,paypal,1,2020-09-12T23:01:07.310433
20aa5fce-774c-ba22-68c4-35650f810014,66,849.473413817277,electronics,credit_card,0,2020-11-07T20:57:07.293880
4e6b6382-3bf2-626e-e236-903ec0a99faf,41,3706.20722759376,electronics,credit_card,0,2020-05-11T07:31:16.518017
51650180-64fa-932a-a158-cc27ce7f47ff,58,2780.8627267550037,food,paypal,0,2020-02-16T02:04:34.597256
97cda0c5-8798-3cb7-26d2-7c5d05f7f768,43,2021.5663283511763,clothing,debit_card,1,2020-08-17T17:35:16.523975
85a5ea73-92a3-0424-ca15-41748872efb1,33,573.800222282343,books,credit_card,0,2020-05-31T13:58:39.760515
279fe87d-c49c-7061-4c67-6efe20f9bd96,37,1227.6094290793383,electronics,credit_card,1,2020-10-03T20:03:03.204861
771743ff-1181-7af4-acbc-05da869e42c9,63,2414.788512283157,books,credit_card,1,2020-04-16T22:37:47.952997
dd3614e1-c676-5792-9fe7-14a1e120e909,22,2505.6767348072954,electronics,credit_card,0,2020-10-26T16:02:10.137359
9497ce1b-6738-b050-0173-d41c0831ed87,57,4442.179925158012,food,paypal,1,2020-08-06T20:23:02.283292
5ae7bfb2-cd12-5367-b4ea-948acc832399,66,4297.756190697603,books,credit_card,1,2020-11-06T15:41:20.684721
460a8dbd-9aa8-3043-b030-31b2973f9670,46,187.38526245140784,clothing,bank_transfer,1,2020-12-21T16:14:11.119256
774505c0-f56d-2551-f28e-de818d9fb513,38,3220.7658620117745,toys,credit_card,0,2020-09-02T20:13:34.784643
e1306032-567e-aaee-186b-8f2e9bd68154,50,1336.7669641953794,toys,debit_card,1,2020-03-16T05:02:42.345800
1718e98d-db54-4406-379e-fa3fdbb45a36,71,1514.6913962801348,toys,debit_card,1,2020-10-17T17:45:13.131862
19d312a9-aeee-6481-19a6-bf2ed1c4df15,63,1500.7751696246016,books,credit_card,0,2020-01-31T00:00:05.884145
12b2a451-6ea9-ec65-60bc-bff1a0d58cf7,72,2825.8873560520396,electronics,paypal,0,2020-05-10T08:05:57.316516
900cafdc-b0fe-e216-4476-2ae0aba62f27,30,1998.7465129649604,food,paypal,0,2020-04-02T19:18:40.011020
957162df-69fe-47f6-7fdd-1c8301ba5408,19,1676.720213624599,clothing,debit_card,0,2020-08-29T08:31:09.014730
0969bf97-1b27-c4d3-62fd-74ecbe38f2bc,73,4135.837343604232,electronics,credit_card,0,2020-08-09T22:34:04.815355
12f916d3-048c-457d-610c-b970fee3edc0,62,2459.4830481927092,toys,debit_card,1,2020-05-24T03:07:45.793494
bb843917-b44d-dc7f-323b-9c5a7c84782a,46,4884.958242939237,books,bank_transfer,0,2020-02-25T01:28:40.102321
c6fb3a20-1b6c-b87b-a8fe-eca07bed8eb0,73,188.47942118329505,clothing,debit_card,0,2020-10-23T03:13:21.586590
4a1ac5a6-9e70-db9e-a46d-65161d7874f4,33,1986.928175436323,food,debit_card,0,2020-12-28T16:53:30.520184
bd747bcf-fe2f-c96a-f2cb-51c110d9199c,27,847.0847014138624,toys,bank_transfer,0,2020-09-04T07:35:36.224372
270b381f-ad69-2423-32b8-4e4e90f84681,50,2273.314002224111,books,credit_card,0,2020-11-10T12:15:44.732391
e0731108-219f-0073-557d-54798e7c7faf,31,4206.571847472472,electronics,paypal,0,2020-12-27T00:52:09.268196
d8027517-8fee-0d87-a35a-4cd4a8ac9c64,36,77.4049497637972,toys,credit_card,0,2020-02-19T11:13:26.965081
f4866823-dafa-ee9a-ca73-7ba59559d590,77,2751.0562315790635,books,debit_card,0,2020-08-25T11:46:01.369267
45b260c7-0d1a-2e11-a0f4-52a822a12ace,46,199.15474445123013,electronics,credit_card,0,2020-12-01T14:53:41.009398
af04a867-24b4-e763-86f1-e049c5e2893a,45,3952.3129031453136,clothing,debit_card,1,2020-01-16T16:02:15.147527
92821d9c-8aaf-8013-f796-396e7f39dcb4,39,3073.9530353166297,food,debit_card,0,2020-12-16T03:35:38.951696
02f54b6a-6484-b739-9283-75e4e4e264f4,45,1549.407725940772,toys,debit_card,1,2020-08-22T05:41:19.822812
0272ae10-0e3c-7e8e-53d4-e1433701e2bb,29,1300.5355553460806,electronics,credit_card,1,2020-02-18T03:54:35.670128
50552e20-f917-b5f9-168d-f903ce70053e,52,4795.615117321448,books,debit_card,0,2020-08-05T12:09:39.318925
7d717c0f-cfea-cc0f-3bfb-18fe17a0fc0c,45,843.365980946813,toys,debit_card,0,2020-05-08T19:30:31.860762
f8137cca-9180-5114-32be-69c6e882365d,47,4805.06992496755,electronics,credit_card,1,2020-04-23T18:02:41.274835
50f9e9c0-af41-7535-c0ff-16b01e396bc4,74,421.43468653311913,clothing,credit_card,1,2020-04-27T03:32:39.674301
81c80a73-98ad-dbd0-d585-493e5e4b2d43,43,1679.5961929588161,electronics,credit_card,1,2020-06-08T10:02:49.999901
7b62392b-6237-0c5c-4a45-3de8903d751a,61,2342.8962891665083,food,credit_card,0,2020-03-29T15:31:37.290155
b37aa3f2-2aa0-2b6f-14c3-08261a61c7d9,57,4844.361190257413,clothing,credit_card,0,2020-03-05T16:16:05.226552
3c0d53ca-e2ff-f3fe-8f3f-d63a137bca09,23,775.2221533404181,toys,debit_card,0,2020-08-05T06:56:48.595441
759c0d7d-c66a-8748-2ff1-d26744ddec88,44,434.09913462757964,clothing,credit_card,1,2020-08-26T04:36:22.100163
30e69f54-998c-9fc9-c2a1-4f8a2d733a39,46,2464.922768171999,electronics,credit_card,0,2020-08-13T11:11:12.764350
8ca55e42-570e-e164-258c-765f41a516ff,21,3284.9781161358414,books,debit_card,0,2020-09-21T09:00:14.751343
0fd08271-b120-ec9c-4584-21747ed14c34,75,4501.072077907088,food,debit_card,0,2020-10-31T06:22:11.944065
5d9ca023-75ee-03b2-14a6-dcf12fff28bb,78,3954.8131879062157,clothing,paypal,0,2020-10-01T20:34:53.685032
8641881b-0a24-f574-568c-37bda4e6d1cd,60,2775.0056748571324,clothing,debit_card,0,2020-05-15T04:40:28.815823
89caa791-f9a2-f917-ea71-a7cd9bd2e0ce,48,3006.7939745130893,food,credit_card,1,2020-05-08T17:43:21.273130
bd23ecf1-97f0-2ec2-3d7e-7a887d110d50,41,174.08874658347392,books,debit_card,1,2020-12-03T15:29:42.631837
9eec7ff9-55b8-b409-decd-e4bb5b048e2b,44,4821.2638666461835,books,credit_card,0,2020-03-12T16:34:31.219637
6c231f14-8256-8da3-0f59-721c9f6d93ef,32,122.46156730298745,electronics,credit_card,1,2020-04-04T04:59:33.907724
01f8701b-0fe0-c20f-21b4-ed1ca68d266d,23,4690.79662262114,clothing,credit_card,1,2020-12-30T07:05:55.972822
9002b78f-0a4a-0a34-27f3-842ffd68b679,24,3433.805747363452,clothing,paypal,1,2020-03-16T15:31:26.921189
dc32b4c9-6ea5-975f-d7db-e22db627ab07,32,1551.2683496932768,clothing,debit_card,1,2020-10-14T01:16:07.726149
ef42e8ca-f221-8c2b-c9b5-90da7277b682,72,3498.9852943392584,food,paypal,1,2020-06-25T22:18:55.084592
a619e3e3-007e-32f3-0f0b-4d9723ce2e81,30,423.2844950133337,clothing,paypal,0,2020-01-23T23:35:33.558417
19e408f4-ef57-d0b5-325b-9df8505a94f2,38,4017.1532776033455,clothing,paypal,1,2020-08-03T09:21:20.330941
2ddab9ca-843b-9421-21a6-f1bc7520aa10,45,3027.795585381577,electronics,credit_card,1,2020-07-18T17:02:25.859789
9595b793-a785-a205-9d06-a6e9a97dc9d1,68,1150.4391969231835,food,debit_card,0,2020-12-16T09:08:53.128261
5cf170b8-850a-3b23-e000-38b2dbc198eb,49,1523.5547233343602,books,debit_card,0,2020-09-29T18:38:47.179855
d46c0044-3dd3-2d28-bfa8-16d254fbc9c6,78,2824.226499689119,books,credit_card,1,2020-12-11T19:35:44.382045
70578b29-bf0c-2f8a-0e0b-51afc341d811,23,582.3897454919965,books,paypal,1,2020-07-06T21:16:22.352574
966452b0-8c89-3ee9-c759-c8489e6fcba7,21,2680.1680903016577,toys,debit_card,1,2020-05-17T14:37:25.507497
b6c77b9b-e67a-c9b4-b3f5-45c496ca90af,54,355.9375237191499,food,credit_card,1,2020-06-19T01:17:06.979600
20ceab1a-be59-ec70-4cc1-6eacba80a2c8,19,4646.259310107346,electronics,paypal,1,2020-09-27T09:56:07.470864
51f479e7-213b-33d5-f8cc-7859e2cbb522,22,3192.068651720675,clothing,debit_card,0,2020-10-21T17:11:48.496783
c638bf4d-540e-be50-a5dc-f95e0b25a67a,21,4666.719033009371,electronics,bank_transfer,1,2020-03-09T15:34:04.736519
dfb4e54d-b704-0480-45a9-455ce4c637a0,74,4738.442775041511,electronics,credit_card,0,2020-03-26T03:25:34.922652
39f9487c-197b-43a3-8b96-e5a141a750ff,20,3599.157634278496,books,credit_card,0,2020-08-02T00:28:43.074375
f14c462f-0b3b-6ed5-fa6c-31dde3cb9d6c,58,2738.5109238735417,clothing,debit_card,1,2020-09-17T02:22:49.434327
49ef9071-6523-c94e-d528-3af98a500224,44,4012.876992545481,food,paypal,1,2020-10-30T06:37:08.903187
9cc3bad1-35ab-9ead-5d88-17854460ef59,21,2851.1669662170443,food,debit_card,0,2020-07-13T19:34:22.922538
e88d17aa-6b32-b3dc-441d-849b7d695b8e,64,1473.8829711295243,toys,debit_card,0,2020-05-07T13:50:03.917448
bb633e35-13fe-ed4d-ffc2-92d136aaf10f,51,4469.010036562842,food,debit_card,0,2020-12-17T08:52:18.209602
0157576c-b9b1-d27c-eb1f-cfbeb9b2832c,22,4392.891177839825,clothing,debit_card,0,2020-12-09T02:11:25.187570
d212819b-4baf-9e84-98f0-1f0c6ab858cb,32,1914.5716263365077,books,credit_card,0,2020-11-18T09:19:05.344555
6b45bd60-ac2d-45cf-035c-b85c6ffb4709,20,2668.090100731069,toys,credit_card,0,2020-07-11T13:29:49.559779
780a58eb-4645-d648-31e7-f774c84e18bb,47,4705.463164743925,food,credit_card,1,2020-11-07T15:12:53.791401
294eef0f-710b-864f-68d4-e2c7f7659763,30,1215.20702812577,food,credit_card,1,2020-09-14T03:31:42.067905
95818613-4fae-1823-df68-478d1074d287,26,3199.2911992825816,books,credit_card,1,2020-10-13T13:03:34.618903
6b1b8970-7441-c798-d35f-a32336bc1cf3,22,1736.418370672815,clothing,debit_card,1,2020-01-26T12:18:40.558836
87b558c0-9896-9a17-a642-077d5ac97deb,24,4522.534205582948,food,credit_card,1,2020-05-26T01:33:43.433404
784be171-a38f-51dd-6b5c-e04110420424,37,1545.0104664323635,clothing,debit_card,0,2020-01-02T11:25:41.564369
719ca4b5-68dd-da22-2339-d4348b5fbc09,30,589.4770357818605,food,credit_card,0,2020-08-06T15:48:47.444340
b6454329-b73c-0614-982e-f7a9dc7b5a91,42,649.9673921387704,electronics,paypal,0,2020-12-23T01:22:08.622031
a17a92bd-4372-06cf-e424-a2e4de448f26,46,4111.874713858951,toys,credit_card,0,2020-08-02T23:02:18.401492
03f00ed4-71fb-6967-5bd7-164ba95c2834,61,4810.649386931438,clothing,debit_card,0,2020-09-07T02:51:07.805485
ad906a76-c365-6ad7-0b92-316b519b6561,38,4608.193668166706,books,credit_card,1,2020-07-06T22:01:53.947519
5c01af46-3ef6-bd83-a8d2-a2928054f8f4,63,877.0838530586365,clothing,bank_transfer,0,2020-12-20T09:30:39.757552
e4a94757-6cfe-fdb3-6221-26ff28c9e0e8,40,1046.762776819184,books,debit_card,1,2020-05-07T13:21:45.589891
2f92285f-5787-c862-fed1-cee73ae02f12,23,4338.299887398689,toys,debit_card,1,2020-02-10T11:43:48.408521
1376f4b8-4169-5016-57b8-ce451f409677,47,1300.6448516816995,food,paypal,0,2020-07-30T03:12:51.692281
248e403c-2f3e-d80f-34de-e4cfc4de3d93,24,1895.99260230601,clothing,credit_card,1,2020-09-01T18:00:07.846108
bc9a6e62-186b-dd10-3499-3be06e10d399,38,1483.3147892274424,food,credit_card,0,2020-02-12T21:47:55.839017
c5343ffd-2cc0-1f89-9d85-168a7f9149c0,31,1397.0215266003536,electronics,debit_card,0,2020-11-19T18:29:23.745616
56cd35e7-eccb-74ce-79e0-ee8c9dc6c97a,44,2733.087550317438,electronics,debit_card,1,2020-04-24T03:10:17.966781
ed6af558-8462-26d2-d1ab-e36bbb82e8bb,22,1581.0755113041464,electronics,credit_card,1,2020-11-06T07:35:18.591590
90c8add4-fc1f-c8fd-f8ca-5d54814e3ec4,27,89.33465693262539,books,debit_card,0,2020-01-04T10:01:37.708234
880cbc14-037f-dda9-fcf9-ca7c729a5d4e,37,4992.221199405151,clothing,credit_card,0,2020-07-16T16:02:32.357548
7fe1e57c-1578-5ee6-b7c4-e8e47dc6a0bb,39,3692.1759220163945,toys,credit_card,1,2020-08-26T06:40:09.433922
477be14c-681d-29bb-e9b6-312ed256f3f8,70,4909.535486318974,clothing,debit_card,0,2020-04-09T14:14:28.623017
9a080830-d198-ab5c-83a2-f1def4c15290,76,373.0960497582858,clothing,debit_card,0,2020-03-29T03:16:13.712075
5df4e57b-f265-743a-8740-4b18dfec9525,38,4610.747873670874,food,debit_card,1,2020-01-26T06:56:15.986204
53ec6fcc-6b74-e06c-f4dc-393ec99daa57,41,990.4450163531367,food,credit_card,0,2020-10-30T07:01:05.098902
4d605d75-6148-5521-f192-40ba7b15fa1c,74,3989.179566719234,toys,debit_card,0,2020-11-05T13:59:30.204313
99fc9255-a782-6c38-a5d2-cd3fee45c896,26,1234.4628664827371,toys,paypal,0,2020-02-03T00:45:53.084083
0b4c6214-1bae-c7a3-3050-4abca592b079,50,3869.6596569028184,clothing,paypal,1,2020-03-15T00:40:29.364600
737e2e92-7e85-741c-8697-e8dc0dcfa998,18,3806.0248178141983,toys,credit_card,1,2020-12-19T07:02:26.564123
006d6b72-56c8-2c40-f6b1-957e1bb78303,75,3353.9959515393034,clothing,paypal,0,2020-10-20T05:25:25.091994
89fa4e28-b750-0882-5581-1833a4ff5f38,66,2909.6887237946216,electronics,credit_card,0,2020-09-04T05:05:37.029107
e1e44bd3-38cd-216b-b6eb-c61ccdc109dd,40,1551.4067371212986,electronics,credit_card,1,2020-07-09T13:05:48.890242
7457ffb7-a6c6-982a-6fc5-de8e0b3efd06,47,3437.858666008529,food,credit_card,0,2020-09-05T13:48:08.276432
04281266-04ed-97e3-3f4b-5280e02bb32e,53,1633.3045339696935,clothing,debit_card,0,2020-05-13T15:49:49.108784
49247b64-8261-30f0-be57-fe6ae4df2f0f,73,4871.845668181845,clothing,debit_card,0,2020-05-08T17:08:01.047755
afbf7486-1516-ff8b-c840-87963d8b7a20,63,2669.8786608047867,books,credit_card,1,2020-07-02T02:44:27.716676
4cd14e03-2c33-5ad8-80bf-ef82047e36fa,30,1668.9396183446504,clothing,credit_card,0,2020-05-15T03:05:36.272565
9abc75ea-a99f-615d-ea1a-21cf8ce08f4e,30,2406.6130205646236,books,credit_card,0,2020-12-12T05:14:45.024578
5d5caab9-f345-ad6b-6995-c4594f6e4358,47,224.12479945620714,electronics,credit_card,1,2020-01-16T00:18:21.479675
74b17370-b5ec-5047-fa78-3a8583054e59,51,1462.2890613954512,electronics,credit_card,0,2020-08-01T18:35:58.306287
ea49b598-58f2-b350-214d-cad90d8d6889,21,155.93584255218167,food,paypal,0,2020-01-11T22:54:46.729816
7c042114-f101-730d-fc12-f5a388daecf5,19,1723.4831859785459,clothing,debit_card,1,2020-01-03T07:36:03.088185
c3f89485-20df-42af-a076-8ffef819fbb3,24,2411.657788183978,electronics,credit_card,0,2020-12-17T19:43:43.993278
38fe1740-78f0-3878-bb8c-601767f2b087,60,3551.6990178217825,clothing,credit_card,1,2020-05-07T04:25:18.000889
60bf3536-2320-bc2f-7b72-c249959b5edf,18,4076.9572395428936,clothing,credit_card,1,2020-08-26T01:05:26.705578
3cd3c5ab-125f-e3b1-4718-45e767038672,25,1831.2642360701398,clothing,debit_card,1,2020-05-28T19:42:39.967376
4552bdb3-3f49-2ca0-92a6-9b8c9ee00ee1,36,4663.134007330788,electronics,debit_card,1,2020-01-03T17:30:45.075492
89db6ae4-55fc-6500-37b8-b188eaa2201a,41,2134.422740604563,food,debit_card,0,2020-06-29T20:47:54.743775
232aeb61-42be-3421-85b4-ab5ede71b7a1,19,408.3008177203007,electronics,paypal,0,2020-10-28T10:47:02.081417
6efc55e9-ead7-9158-c2cd-c75aac16d1c3,30,51.576445437370445,books,credit_card,1,2020-04-24T20:19:11.383472
3535e2c7-f78a-5810-e418-1b3bd4587cea,62,777.3995852979883,electronics,paypal,1,2020-12-05T17:10:18.584205
9e8b723c-2ecc-8761-0340-c9ad05898c20,30,2928.001934403395,books,credit_card,1,2020-05-25T11:43:38.382999
5b803c17-ce11-df6c-926e-074eec309ed4,51,644.182855454563,clothing,credit_card,0,2020-03-13T21:46:49.978005
5393d5ed-ccf6-4c01-7343-262c0aae3ef1,20,1456.7608946237567,electronics,credit_card,0,2020-03-09T01:10:04.875318
5794811e-c50b-37e7-f872-8ba8ae4fe275,80,1804.1326020039362,food,credit_card,0,2020-10-04T02:55:58.698846
f0cc74b5-5c92-47c8-daf9-2052c5d556d7,55,3236.7107767330585,electronics,credit_card,1,2020-01-14T16:11:14.964242
d37056ae-92fe-6166-17cd-c732eb5a0c87,57,1475.3725808016961,electronics,credit_card,1,2020-06-16T12:32:29.849198
e7afee76-2dfd-34ad-75d7-708be50680ba,34,2579.9597827580874,electronics,debit_card,1,2020-09-23T14:37:20.399940
545250c9-08ad-d428-3c4d-65c3284f0d93,21,1041.9191520949832,books,debit_card,0,2020-01-20T02:51:23.743488
e61e502b-c0c5-ac68-ce68-a7f906779101,24,4406.116785799415,clothing,credit_card,1,2020-08-27T11:42:59.653660
3cf22b2c-b24f-1b18-1b3a-15cdfa8d169f,61,1891.960009483125,food,credit_card,0,2020-08-11T16:18:18.574132
a99ca3da-39f6-80de-43ef-15c8311c72f8,65,1588.1772647132568,food,credit_card,0,2020-07-26T00:34:36.857733
f4f4d6aa-674f-28ed-9266-4cc01c3b15e6,59,178.62311682781217,electronics,paypal,0,2020-01-05T15:15:21.452663
07a05ce5-5853-5758-fd49-f755886884dd,66,663.8043367246407,food,credit_card,0,2020-03-27T02:39:07.831854
0ed0e923-4c83-e665-2bd6-991d13012993,36,1348.7506449723069,food,credit_card,0,2020-09-11T07:50:28.880708
94fd694d-364f-29c2-1d59-c11fc131f5af,51,3655.468784717873,toys,credit_card,0,2020-11-06T07:42:16.699745
4318b191-d5f4-d8f1-c601-7c3e6d0cac67,67,3354.3886660802605,electronics,credit_card,0,2020-04-03T18:40:13.623533
b102ff8d-34b6-f073-18d4-e81657b3b911,50,4620.443210553751,electronics,debit_card,1,2020-10-24T08:05:29.472656
97fecdd6-8ccb-3cbd-3340-52922b1d7c9e,24,3679.466070324181,food,credit_card,0,2020-12-02T17:26:47.466115
306a58d1-150f-2a3c-e754-a35674f30559,68,1854.433649364809,books,credit_card,0,2020-05-14T14:50:20.643836
1993ea68-de31-8a81-72db-ca14d008e216,71,3654.7897757946516,electronics,debit_card,1,2020-06-30T22:17:00.715219
a676a947-2ae1-85f9-6b2d-3d750d3551f1,49,4765.962805734962,electronics,credit_card,0,2020-02-22T00:11:35.661150
9db9acdd-9a22-5e37-5849-1977fed42754,52,2759.6178310413297,electronics,credit_card,1,2020-12-28T02:55:17.551407
3b317aaa-68c1-5a06-e3d9-bba6911971f6,44,337.861362197967,toys,credit_card,0,2020-02-23T04:59:40.601953
ec8a4adf-d7b9-7953-3585-397ae470e25d,48,2039.9146719688795,toys,bank_transfer,0,2020-02-26T08:35:05.157672
a4059b2b-5fc9-ef7c-653a-46a69b5f9277,43,1084.0852507943994,toys,paypal,0,2020-03-18T11:32:14.288209
386b71b0-6349-83bb-ebe5-e983e2d91bd4,77,192.8196965076888,clothing,debit_card,1,2020-07-09T02:35:53.598956
45f82778-d8a2-a7e1-108f-2c0831c6c777,21,2100.2589134508953,toys,paypal,0,2020-06-05T14:38:40.838681
bfef41e2-dd37-e620-b4dc-d91a662b1301,51,3176.9786047454954,books,debit_card,1,2020-10-17T01:42:36.942820
0c7ec8ff-f974-bf76-ac5c-38a0f0723459,45,2693.71269626019,clothing,credit_card,1,2020-10-15T03:01:13.986853
3b5b6c20-ce37-2bba-5569-d17ef7778433,57,2584.344457495558,electronics,debit_card,0,2020-09-22T17:33:12.921905
19c65fee-9636-77e8-b027-bd6f6e9c339e,72,1286.5255128256308,toys,debit_card,0,2020-06-01T05:35:31.326256
1a699099-f370-a5af-5de7-51d2b1dc018c,27,4414.749372101622,books,bank_transfer,0,2020-07-05T03:49:08.004886
ee854989-c41f-545e-2755-77ef6bc1783b,60,2826.1855390379924,electronics,credit_card,1,2020-06-11T22:27:04.062345
4091eda0-bf71-c5cc-838b-45097418e2d1,67,4134.141993517682,clothing,credit_card,0,2020-04-17T16:56:25.225116
4b782824-4811-4b3b-a49d-6c86e4c46f47,64,1037.483507714803,electronics,credit_card,1,2020-04-22T10:27:16.948613
ae767dc8-7b17-4d8a-c423-30565e00425d,42,2570.2634031396515,books,credit_card,1,2020-06-22T19:42:39.567240
613180b7-4eeb-6ed0-b046-620562ceff4b,23,3274.7216227580893,clothing,credit_card,1,2020-03-12T21:36:26.364201
ae4b0c14-c5bd-1b50-0ef3-4413223ef59d,31,1384.190653303255,food,credit_card,0,2020-03-04T08:44:29.396182
2d1dd944-2410-de7b-5b21-ba4c5cd9c7b8,58,2215.55404690609,food,credit_card,1,2020-07-29T17:59:36.429517
52414d14-a776-5bbe-fd05-910d003c21ab,76,4823.862725196273,toys,credit_card,0,2020-11-12T19:00:34.863561
6aa8e4f0-8803-c371-b5aa-6d522ed2023e,72,1865.765658632859,clothing,credit_card,0,2020-11-28T00:50:07.024161
13d735b5-081a-f45a-e5b5-0c27f0cc8f67,79,311.2691960035537,food,debit_card,0,2020-03-31T17:54:33.913821
dd82ee3f-f189-1963-6645-5ed636a99d85,74,3742.9548951044076,books,credit_card,0,2020-04-02T23:09:38.630236
6b5ef150-ade3-1ed7-6fd3-a1b308f8ab23,39,936.6014261008335,toys,debit_card,1,2020-04-23T08:55:16.186382
496a1217-5909-b9d4-307c-d84764a9cfc8,58,2542.170767101695,books,credit_card,0,2020-07-10T11:39:17.392964
d41043d1-5eac-c8ea-9cd5-dea10b942ada,76,905.4188910871353,clothing,credit_card,0,2020-02-18T02:33:32.450552
2c1fc3db-e144-5c17-2f01-e58a3a4e4f21,32,3608.4118587857156,food,debit_card,1,2020-06-24T07:20:24.385899
1b154911-536e-7e97-4bb0-45d3293d8479,38,3956.7694445833154,clothing,credit_card,1,2020-12-26T11:08:21.004883
df53be46-361c-9618-93ce-d313559b9582,77,724.9953891709183,electronics,credit_card,1,2020-08-27T10:03:33.689922
b8483e07-eaa6-800b-640f-c78661036639,64,937.2896493059326,toys,debit_card,1,2020-03-02T03:25:29.511753
0aec8606-8bf1-83b4-4ccd-d588f8cda3e0,37,2827.2899510279976,clothing,paypal,0,2020-08-12T18:47:59.931707
63e8d185-c031-e6f0-f2d5-21145b277a00,80,4372.3589728768175,electronics,credit_card,1,2020-07-04T03:09:26.140151
a6098808-daa3-c057-43ac-229cb88d5348,42,1021.6982957077284,toys,paypal,0,2020-05-10T15:52:01.149560
583b9258-6d83-7717-1ef6-399422fac32f,71,3541.24149630726,toys,credit_card,1,2020-10-04T09:45:42.598508
ed8a8286-a3e9-2c27-ed03-74f2f5f2facd,58,2720.2878116468605,toys,credit_card,0,2020-03-16T17:13:52.706056
b0460daa-d545-9a93-23d1-5ab2ba825230,51,853.7064899504722,books,paypal,1,2020-02-14T21:02:03.274672
c5defd01-2e21-2730-e231-141ae2a9aa5d,55,2456.843136994047,electronics,credit_card,0,2020-09-05T06:05:10.384111
5e2771b4-c85a-ac15-a67a-32e81cccb53a,30,1795.043695430581,toys,bank_transfer,1,2020-04-01T10:51:18.271382
1a339acc-6851-ac14-e9c7-c6d0e42a990b,19,2929.8971380324515,books,paypal,1,2020-01-09T05:47:17.637100
b519f989-fb16-7023-0a34-c5ddc3cef311,34,3049.981093575789,books,credit_card,0,2020-03-12T03:13:12.717824
6c18645d-88a2-8638-4c41-e01e2ba574f9,64,4258.63212189411,food,paypal,1,2020-09-17T12:57:52.618172
27282ca3-a731-f05c-5236-9fcef299a146,44,4329.964218155091,clothing,credit_card,1,2020-07-21T23:21:18.522899
bdb893fd-afd3-cb02-4262-88146cc250d0,49,1527.121631794484,clothing,debit_card,1,2020-06-11T15:15:53.267391
7d9f20e3-b673-71e5-b9f6-02f0fccdea77,50,3013.821834582593,toys,paypal,1,2020-09-29T04:24:47.592011
dc13ebc2-e4de-d603-e293-6bf05c43f1ba,58,4535.860373749755,electronics,credit_card,0,2020-06-05T10:14:21.384951
d6765b85-f3be-07fc-6c35-ca77fb85fcc5,50,552.4934995918965,electronics,debit_card,1,2020-01-27T05:47:24.900001
d9eb7800-9f5c-d3bb-7fc4-5e282af9c90c,72,4825.051121008328,clothing,paypal,0,2020-04-20T08:35:06.012157
01eccf9a-f4f8-28a9-9475-9a7ed8852236,36,111.3006966047708,food,credit_card,0,2020-02-17T19:57:52.443446
a16f4b4a-8346-5e36-78aa-3aa308a3faff,59,4200.922021867175,food,credit_card,0,2020-04-13T09:05:53.174825
23c5521c-5c7a-2331-0ffb-1d3473c295cd,51,188.40409383842297,electronics,debit_card,1,2020-04-03T16:13:37.622069
1098a6ca-a1e8-3c7c-f525-40d9e0bb981f,71,2641.490480385104,clothing,credit_card,1,2020-07-08T05:25:03.145024
c2c1e40b-0b21-8f3b-8b9a-78b2c36ebb81,28,513.1420397452378,food,debit_card,1,2020-08-10T02:39:30.568845
22db3235-f678-f373-9dbe-59ff10f02318,25,2348.764245389598,food,bank_transfer,1,2020-12-10T05:34:58.741479
2384fa92-cd49-eee4-081d-92b777cc0a3d,19,3966.8055622247484,toys,debit_card,0,2020-08-01T20:17:14.212467
67a4c277-38ba-9fcf-f760-a1ced7a21736,65,4067.0070546224847,books,credit_card,0,2020-10-05T22:32:53.336951
2d89e075-c80c-dd3a-6c4c-a5e49c434cb5,54,3897.3896449714252,toys,paypal,1,2020-03-18T08:54:06.377794
38e3497b-34ff-a9cc-592f-9796feafc47b,47,924.4986938839228,electronics,credit_card,0,2020-02-05T18:22:17.014154
bc4651ad-e933-242e-04b1-3c77a7f16d1a,33,4061.753449026036,clothing,credit_card,0,2020-08-07T10:08:03.948546
edd99e14-46b3-83bd-231c-abc6a44788e9,59,1508.9573059248935,food,debit_card,1,2020-03-30T15:17:02.706189
d20b720a-cfd2-d3b6-8d7d-25d01f7d1248,29,2122.872342185164,clothing,credit_card,1,2020-08-01T05:30:38.607816
d687fc47-57ec-3dc0-f9a0-e2df8fd5b9f2,48,200.29499090215404,toys,credit_card,0,2020-03-24T04:37:34.559858
68bebeaa-28e2-24ef-4b9b-c096302ab1cc,29,2606.1290745790984,clothing,debit_card,1,2020-12-04T14:52:05.680099
7ab9eb7e-0038-5aa5-65ad-15f83626a580,58,3563.0654047945136,clothing,credit_card,0,2020-11-05T02:48:57.732193
c15a6d9b-f364-5171-2971-f12399e7ca71,44,3513.738972699409,clothing,debit_card,1,2020-07-24T21:24:29.993816
375db894-ae3d-d85b-3314-fe2a203ab359,25,313.323384394059,electronics,credit_card,1,2020-11-24T00:28:44.180164
e239eea3-34f4-c4f7-7103-c02628183b8f,44,4796.106531483895,books,credit_card,0,2020-12-11T03:09:12.785958
29da832d-7fed-d641-c13a-474c02b97460,42,251.2917738406256,books,debit_card,1,2020-02-26T14:07:44.917900
9cdcf3ef-aa73-fad0-8726-ffe5d1267b03,75,903.6963811616843,food,debit_card,0,2020-08-31T06:23:59.466525
0e7d96d3-1a1f-1d5a-957f-d5020003d8aa,19,2095.596675131792,books,credit_card,1,2020-01-16T04:55:52.017965
a9181386-6c32-5194-7584-c57c476ec174,56,1939.8077838384515,clothing,credit_card,1,2020-07-21T20:40:57.252756
b64c6f3d-5c2b-3f2b-9337-8ee429812a36,53,4521.2074426856425,clothing,credit_card,0,2020-03-25T07:47:03.123911
b1839404-401e-4751-6211-26737b8b3c86,23,2070.436392299193,toys,debit_card,1,2020-01-10T05:27:02.041076
84fdfe70-1f17-1853-be33-fbb00cee9e9f,30,4835.634815211846,toys,credit_card,0,2020-03-12T17:58:56.106873
768ba71a-2292-1385-5863-140c54b0b37b,44,2572.198896144737,electronics,debit_card,1,2020-02-29T22:55:14.212170
0271984a-9ee1-104d-15f5-7a10bae2d9bd,26,624.8649230645332,food,credit_card,1,2020-05-01T06:50:00.988881
b6a42825-2cf9-594a-5343-0da04a98a3b8,51,4528.931923528446,food,credit_card,1,2020-06-01T10:31:46.828878
f16ae7e1-337c-f2b4-eb85-91f740431a6d,76,4132.394787707455,toys,paypal,0,2020-08-15T15:18:11.031096
2265d2fb-3e82-1235-3690-3fd07cde5a14,30,4033.7903533825834,food,credit_card,1,2020-03-26T15:54:17.314218
11cc32e3-9d34-8636-a8d6-ffb86729b735,58,3575.329936591938,food,debit_card,0,2020-01-19T20:46:46.003572
bde05c12-aba3-ccc6-c229-27c329440eae,36,2750.405718950981,clothing,paypal,0,2020-12-02T21:17:53.858994
de2acdb9-28b5-ff7d-baf5-8791e246071f,49,174.00112161897889,toys,credit_card,0,2020-04-21T10:58:58.313660
40c00f9f-693f-35df-b4f1-8a6d7041edaf,70,991.8841286067094,food,paypal,0,2020-07-19T19:08:27.568410
62b93995-8df5-8093-18de-44958f5959f5,57,3408.2865055614284,clothing,debit_card,1,2020-09-06T03:24:15.584809
936efbca-1d6e-a290-13cb-ce03643f823e,70,3159.9303448514443,clothing,paypal,1,2020-02-06T18:42:00.146259
a50e835a-c2ef-775b-cefa-9bad3e10a0e6,67,4512.217262220913,toys,debit_card,0,2020-11-04T05:42:29.509777
5459e441-7ebf-961d-d3bd-cd5b8e891587,32,4523.288472399957,books,credit_card,1,2020-09-24T06:02:28.364808
3b720a94-02bc-0041-8b2f-24a0d46284e4,80,4397.1396959326485,food,paypal,0,2020-03-24T16:02:54.659392
68041645-e92d-948f-ab16-3809b99b5a29,19,2200.7330467324923,food,debit_card,0,2020-09-24T16:09:54.538957
6b955b50-7371-9c3d-8802-9ea2f9290b57,42,3405.270070609055,toys,paypal,0,2020-09-07T13:47:34.421071
5a5fc161-53d6-6b4a-0471-58345627999a,31,2359.2702718053033,electronics,credit_card,1,2020-02-14T02:30:52.496494
1d819ea2-ca5c-90f9-0083-535bbb35ec7c,46,2192.056911305793,food,credit_card,1,2020-06-02T14:40:42.409428
05fd5744-3ff6-938a-6917-598ad54403ef,25,2800.876435375212,food,credit_card,1,2020-01-10T09:40:12.982588
400ae817-9424-67e8-7c97-83a9cba36684,70,2066.4154600350553,clothing,credit_card,0,2020-09-18T19:22:42.324942
bbca269c-ef0b-efca-2d4b-41471c6662e4,26,233.84506067544584,electronics,paypal,0,2020-04-04T23:12:21.490940
3f069101-579e-c8f2-0458-02122f741a14,59,1410.0582636282957,electronics,credit_card,1,2020-10-26T07:11:25.986969
a51362ea-bb04-90ae-33d9-bd7266849369,60,970.9385463515583,toys,paypal,0,2020-12-13T08:12:16.495071
5236c15e-fa03-e19f-e467-cd66670c558c,39,1140.0464480623484,electronics,debit_card,0,2020-05-13T03:09:54.470930
e6197aeb-6cfc-0d2b-afce-742e0982393e,52,2915.3571684995527,clothing,credit_card,0,2020-06-04T05:53:18.368260
43ccb765-2559-23cb-9341-7af1cd66088f,39,3881.6896904399714,clothing,debit_card,1,2020-12-25T04:53:56.490563
724805da-c732-0a6a-f24e-6cc4260fc0da,55,2427.6684085150705,food,paypal,1,2020-10-31T14:05:13.453602
0b126d32-fe39-b642-447b-ffe4224845d7,33,424.36751060211645,clothing,credit_card,0,2020-01-10T11:17:41.593023
ed6c0eae-c4e9-54c0-4ec5-131948cb5618,68,3139.906314130559,clothing,credit_card,0,2020-09-07T09:52:47.375080
7b114055-19db-4d78-bf3a-a16f71ed8a22,58,1251.1767754460302,clothing,paypal,0,2020-12-22T15:17:55.980943
0eaeebf2-341f-39e7-b1f9-35218a3f150e,25,3180.8233764838546,food,credit_card,0,2020-06-17T13:28:17.838561
ac253b4e-08a7-b617-63f9-06db839c3665,39,2042.657304765378,clothing,debit_card,0,2020-12-18T16:05:27.582421
91a14915-4391-b7a5-30fd-9cbad26a8544,21,153.0650965918097,clothing,paypal,0,2020-07-17T22:51:20.011322
25df8df3-b2bc-1cca-e80c-3ea69e520122,38,891.3212686625723,electronics,paypal,1,2020-08-23T12:56:59.508088
e0429e3f-ac47-7809-822c-2b4b74edd620,55,3235.048491878352,electronics,debit_card,0,2020-05-30T08:47:55.973661
2210cfa4-6190-4cb4-b3ef-9c1aeefc62f8,80,3380.9582813120305,clothing,credit_card,0,2020-01-20T19:36:44.074753
9c08c198-ef40-3d2b-0a49-bef2c7a74c92,48,755.8129471502835,electronics,paypal,0,2020-04-19T15:09:49.085438
383c007c-f76d-6543-551b-c899595fab5b,71,4340.4913594693935,clothing,credit_card,0,2020-02-02T07:57:22.271163
5aa6c91b-fcaf-c9b0-4cb9-672852823cf2,34,4808.723553084494,clothing,credit_card,0,2020-07-03T07:02:37.681497
49fd2de0-7348-a09b-b083-34b718387d31,69,4666.879330718294,toys,credit_card,0,2020-07-22T01:28:05.358968
afc3e96c-70fa-b3be-ed6b-793c951c8186,21,4844.654023423025,clothing,paypal,1,2020-10-29T07:41:01.979328
a67c8eb6-823b-7da7-07a7-54637ffdbcca,27,2616.197190653871,electronics,credit_card,0,2020-03-27T23:19:46.162524
40f355dd-3eaf-55c5-fe19-4d04c4bf1478,56,2460.607494773842,toys,credit_card,1,2020-05-29T23:16:07.408305
05e0dd34-8bc7-adfb-4ce5-4cfd025855d5,50,871.9214976805404,electronics,credit_card,0,2020-03-26T17:39:00.289893
4e147168-1488-6459-d6d9-a502f525b2c6,28,761.8729828099248,electronics,credit_card,0,2020-02-19T20:58:55.812581
8e6c04f2-0bfd-22f2-0d71-afc321cfbca2,68,2365.411246596661,food,credit_card,1,2020-09-03T23:33:39.734879
5e8f3452-5150-179f-c217-8877705e19d0,18,1914.6879909131824,books,credit_card,0,2020-09-06T21:38:26.897030
7970a626-0b73-0f04-56b4-d239099ea713,38,2720.206922684263,electronics,credit_card,1,2020-11-19T02:32:48.310194
4d28c7f1-2175-ec3f-e01b-8567122f3b3f,70,524.6096474074743,food,credit_card,0,2020-11-14T13:51:19.612033
c28c7c95-a399-ae5c-e30e-fd004c006257,26,1457.8887266549343,clothing,credit_card,0,2020-03-23T13:45:35.351209
820a1aa8-d62f-5817-2488-9aa53da289ed,43,2090.984249504335,electronics,bank_transfer,0,2020-02-29T11:05:13.502861
5fda709a-b1b3-6994-9947-cf2ba274ebc3,37,3398.225974540171,electronics,debit_card,1,2020-03-19T16:01:31.538306
2414a897-4c0c-cf1c-1294-544ded23b5ed,20,4342.100234805242,food,debit_card,0,2020-01-07T13:37:55.811042
392f5545-1df3-805c-b2c9-0d4f78167ca0,34,885.18012734441,food,credit_card,0,2020-08-12T21:09:59.142735
9c1d7f3c-88a0-0bea-86f7-cdf4de8ef9d2,43,4369.834621767113,food,credit_card,0,2020-12-22T17:21:39.064412
b5a2804a-e0e6-f7cc-ff63-c7beedfb597f,69,3826.0000128909937,toys,credit_card,0,2020-11-14T09:10:26.482612
2f172c00-e0c7-a44a-778f-9c5869356502,66,1368.2335690998955,toys,debit_card,0,2020-09-08T19:50:39.599498
1e21a663-6f74-ecfd-36eb-a43e8a92519c,42,1486.6949633542272,books,paypal,0,2020-08-10T15:21:59.031599
19aedc42-9982-6614-394d-736ef17264c2,80,4323.327601362727,electronics,paypal,1,2020-07-02T22:20:02.992927
108c43d4-5f46-5044-47f6-d36abef9782f,37,4798.7091295107375,electronics,credit_card,0,2020-04-21T04:59:20.547649
6e419a3f-bd0b-f20e-f221-4d8f3db400c1,24,1819.0111503934036,electronics,credit_card,0,2020-10-23T18:51:54.955019
735e0342-9dd1-1679-5118-5313e7ea05e1,35,2294.4883859121037,clothing,credit_card,0,2020-07-20T13:29:58.269343
c3ce7d1c-1414-699b-57dd-a6970c624725,74,3950.1595223164945,food,debit_card,0,2020-06-03T12:50:04.939298
2d771f02-48cc-f649-7ae0-e410a1d92676,44,4323.829766470498,food,paypal,1,2020-07-06T04:39:13.503872
f88bc85e-0940-5a6a-3f3b-fff80d728d08,27,3073.6233006848806,food,credit_card,1,2020-10-25T16:44:44.785053
262e730a-4a2a-97c1-54ae-ad73e9fb6a98,70,4815.877842073648,electronics,credit_card,0,2020-04-19T12:46:52.860785
031f87c5-3bd3-1d6e-0bf0-4cd38c8054a6,61,4404.8054242669905,books,credit_card,1,2020-10-29T07:23:12.412536
ff37d493-31ef-f151-9a01-ed47c02d1266,59,4917.247786435238,books,credit_card,0,2020-03-22T08:41:51.379536
4d859ec6-6cf4-4393-90f9-74e93897f013,28,2699.649705485605,clothing,debit_card,1,2020-02-23T03:50:58.696411
4307291b-60c2-7baf-126c-62c94ac5b258,72,1981.8538427698907,toys,debit_card,1,2020-06-20T17:16:09.204491
27fe1cff-638e-e1f0-caad-3cb7057f7a70,67,3843.3186817386295,toys,credit_card,1,2020-10-03T18:59:56.214691
33be2e3a-1e78-fdb9-ab6b-6d9910d4f6fb,24,4093.725540809471,electronics,credit_card,0,2020-06-08T11:36:09.268513
2c918bf2-34ac-8421-4d07-69042e16f97e,39,2080.133998707326,books,debit_card,1,2020-04-24T16:24:07.773493
4d1da6e9-d8dd-e29b-7572-4abb1c0890cb,62,2990.629995833368,books,credit_card,0,2020-07-20T19:41:06.025641
1e435ef3-fb90-89af-107e-3bddde0c1cfb,54,4358.033036736384,electronics,debit_card,1,2020-11-21T23:33:13.606583
a84667c3-5db7-0718-481e-83fc668964c9,80,931.0252795556024,clothing,bank_transfer,1,2020-09-22T20:25:17.925521
369208c5-e54d-efd9-f9da-d626ddae7d61,44,2957.3422632856877,books,debit_card,1,2020-10-25T00:07:15.997433
c60da1ce-5c26-2548-864e-30a6c0ddd203,75,1566.0646563311013,electronics,debit_card,0,2020-07-14T13:22:47.013698
1267934a-86de-7ad4-346f-5978cdc57c94,80,1829.3559489400222,clothing,credit_card,1,2020-12-21T23:46:06.585117
4b9e98ab-2d3e-ea07-6e04-4f57b958d0e2,72,4214.179896042053,clothing,paypal,1,2020-05-27T12:02:11.006510
3a743446-daa8-6600-77c7-fbb172b3f106,54,534.6762956133034,electronics,credit_card,0,2020-01-24T02:40:21.209878
c05c467c-ceda-6d93-afb4-3b73c87b328e,32,1715.5581481409326,electronics,debit_card,1,2020-09-24T13:54:59.072230
c828ef96-9b26-8b60-f83a-19e47d00756e,53,4057.2144777700023,electronics,credit_card,0,2020-03-20T08:08:54.056806
37312c09-0e30-4b43-81cb-17c27c097bc2,42,388.7511538249975,food,credit_card,1,2020-07-16T23:12:29.925225
7c1b3acd-a5a2-c5a2-da5c-e2d292bdee43,44,4619.5797320323545,food,debit_card,1,2020-09-09T23:11:34.992221
a5523de0-0dd4-457c-31a1-b8d5e7b6c6c3,69,1351.5151492559542,clothing,credit_card,1,2020-10-19T22:57:53.316894
db3779e9-a464-52ad-e09a-d5324039b744,43,4887.645534951523,electronics,credit_card,1,2020-08-03T06:25:54.982626
8c128be1-c5b8-4a71-6cf2-3d7f35fb5b98,35,1214.965244047357,books,debit_card,0,2020-12-30T03:55:19.881377
a1ffa258-4516-469c-00e0-e15aecc8ca65,63,4157.654802531889,electronics,paypal,1,2020-06-30T14:13:08.740014
496da0b1-137c-8058-fb78-7b270470385c,53,626.9733232091552,food,debit_card,1,2020-04-20T06:14:57.975488
5d23f72f-c80a-4445-10f5-057424aa6fcd,30,2653.517400555657,toys,credit_card,0,2020-06-25T08:45:30.344588
53767072-5239-317f-587f-608e32a210d7,56,2877.0269355370206,food,credit_card,0,2020-08-29T22:04:25.055760
a8700798-4eea-3d15-3c10-6092a8078111,27,1978.6561879747596,books,credit_card,1,2020-09-13T11:24:23.329956
4525b013-cce1-a51b-bafc-c9cd3a128f35,34,2613.950800738193,electronics,credit_card,0,2020-06-05T07:52:49.212206
0cd8bb62-cf43-436d-76fa-8011ceda138d,66,3030.310757999277,clothing,paypal,0,2020-11-21T02:35:35.196676
9ef17f5a-4dc3-710a-a6e7-3929096ede03,34,3097.0864387441334,electronics,paypal,1,2020-08-12T13:17:16.919488
533c74a9-6c20-3af2-1cc1-82e30838f668,71,3608.404860311126,clothing,debit_card,0,2020-07-20T07:46:02.612237
aec1b3ea-e0f9-ddac-a856-a464ae6aee4a,55,486.4951897504607,electronics,credit_card,0,2020-07-16T04:20:51.540172
bd08a3cb-2742-5e89-4878-bf5194a1e06f,57,3198.56302580269,toys,credit_card,1,2020-09-28T02:04:13.081890
3ff3f93d-f598-6820-0f7e-118d7c08cfcb,67,2765.298853499978,electronics,credit_card,0,2020-02-11T04:48:21.439130
1cacd3f5-4b9d-d5df-524f-4e49e6f5e9fa,52,2613.077439770337,clothing,paypal,0,2020-02-12T19:43:35.251108
ce79376d-1438-f8f9-c495-a156f3d384c0,71,4763.701716345326,electronics,credit_card,0,2020-01-26T22:49:38.174655
31015c76-c514-f5c2-e56d-5e3ad6cf6654,20,1932.769599000223,clothing,credit_card,0,2020-10-04T21:35:51.025763
1a73e473-c8a1-7ff9-3874-ab5ed1108d19,39,4727.507974334415,books,credit_card,0,2020-03-14T07:14:33.146808
21b63396-a110-2e16-3afe-d9a525e3f26a,36,4356.008553841052,toys,credit_card,0,2020-01-23T04:07:14.383253
c4ebb4aa-ba1a-fd6f-37a9-d0bc485a0857,46,3749.8109634944776,electronics,credit_card,0,2020-10-12T23:37:35.305197
a1a05131-498d-7ded-a76c-025780b1bb80,24,2388.013671102079,food,debit_card,0,2020-12-11T16:32:08.114120
d7c04b70-03c5-d8f8-780f-03d13bbc015b,52,2813.6486732765347,food,credit_card,0,2020-04-22T12:38:10.371376
4c75b8da-e8cf-c11b-8b76-c279db636d83,76,337.78344676881403,clothing,debit_card,1,2020-05-24T12:32:16.608991
c1ff1d82-5cc2-4879-8198-71533e8ac215,32,4366.368985108089,electronics,credit_card,1,2020-03-13T10:59:09.862886
af713bdd-6561-6f75-954b-d5ffab0e19d8,29,1723.1539611329363,clothing,credit_card,0,2020-07-24T00:02:36.478322
cf72af55-7ed1-de49-c54b-0fe46fd40dba,37,3369.5624803425903,clothing,credit_card,0,2020-08-30T02:47:45.920295
b356e037-9cba-ff8f-a3cb-794290ad8be3,34,4119.337090154917,clothing,credit_card,1,2020-04-18T01:46:43.284779
29e1dda2-7ed4-8d79-7e20-64359ee1c3d3,69,3324.2910794169807,food,debit_card,1,2020-03-05T22:21:04.479718
e3030601-189e-085d-30e9-1e81dc19b399,50,759.5558638533907,electronics,paypal,1,2020-08-13T10:49:13.373319
457654ae-100c-7b41-9e9a-a11248cbfd69,54,996.5345405487521,toys,debit_card,1,2020-07-04T07:31:39.728154
2f23d51b-e246-417f-2134-d08df33cb474,76,4054.058161663157,toys,credit_card,0,2020-02-14T08:36:17.220766
1d0f7e2b-497c-3369-0a32-4d006e08dabb,63,4197.340438459956,clothing,paypal,1,2020-06-10T05:16:59.813902
a71d1128-8fc3-37b6-f3b7-decaddfdf6d4,31,3168.2676471509812,toys,credit_card,1,2020-02-24T08:16:20.161067
435e2ce3-33e1-5829-5fce-45674216af5f,31,2270.3302429722835,clothing,paypal,1,2020-07-17T04:22:47.879821
9d1d7bd2-513a-7baf-3a2b-1db457f27ab3,71,4932.792951370583,toys,credit_card,0,2020-04-04T14:38:59.235402
88b21dab-ce22-b388-d558-4072bfbbfff0,68,4519.78521756615,clothing,credit_card,1,2020-11-07T14:29:06.843763
b52beda4-870b-3964-5a6d-cf33082d5683,19,4273.33897579033,electronics,credit_card,1,2020-04-15T15:33:24.982328
84175f95-755e-3195-cb2b-e7ba52061dcd,21,1337.5616867144572,electronics,credit_card,0,2020-05-28T10:17:35.420821
326432ee-3296-8a04-e36c-e49765b798be,51,4980.090413380782,electronics,credit_card,0,2020-03-17T13:48:57.230030
9b30888d-923b-44cf-5127-2fba7dd8c134,65,1875.3411454332086,toys,debit_card,1,2020-03-17T16:10:08.630621
6d3aea85-f477-d3b2-5d99-bfc2c551f881,71,353.09037941401016,clothing,debit_card,0,2020-05-19T01:12:02.907402
e39f79c4-aa77-12d2-af4a-31ea50408d8b,24,4431.5200296884495,books,debit_card,1,2020-08-11T04:38:11.910642
24652150-de2c-a2bb-a8ca-72b722db25f1,75,153.82396944410888,food,bank_transfer,1,2020-03-19T22:33:37.138314
22cf2431-d60b-e5c4-2537-165f4d9b783d,51,1802.0485689390985,clothing,credit_card,0,2020-06-02T02:24:27.267698
c1867489-5d6d-66f8-30fb-a46195523f83,22,2259.798589564847,electronics,debit_card,1,2020-06-01T13:25:39.659194
76351a27-bb18-9ddf-f11a-628692b0f897,74,326.26276881367954,clothing,paypal,1,2020-05-10T06:43:27.270399
96598841-8545-0f27-a843-9e2728852f3b,33,1427.1523119032506,electronics,credit_card,1,2020-03-04T00:15:32.139522
1cc4eee0-98a3-ae9c-cad0-148bee9d7287,76,3284.1002371475506,food,credit_card,1,2020-07-17T07:26:24.152346
8f2118fb-5eea-fa7a-c1ef-fe086f9063f9,74,2330.918984248808,clothing,debit_card,0,2020-09-15T16:55:15.415880
abdf1129-2bbd-3ec6-745f-eebf357b587c,28,237.29037776072585,electronics,paypal,1,2020-09-18T12:15:51.164638
d177cf01-9ba8-4e3b-2e46-eeb628035dc8,74,3825.0075720762175,electronics,credit_card,1,2020-06-29T11:15:02.849723
4bd2c028-a2b8-c7c1-20dc-430581320a1c,62,4990.748886779097,food,credit_card,0,2020-10-09T00:09:24.903179
323dd6c6-63a6-7cf6-99e1-d07be1c2ec9e,63,2382.9148150088527,electronics,debit_card,1,2020-06-05T12:43:40.887480
65265267-922e-45df-de0a-fa23aa557170,69,2674.260145059804,clothing,bank_transfer,0,2020-10-01T20:59:50.681492
134805d1-22d3-1d2a-b3d6-cbfe23b137aa,18,2583.373934860224,electronics,credit_card,0,2020-03-20T22:55:51.247472
b04d656e-d05e-ae7b-baf0-88239572493d,53,2525.7622305854093,food,debit_card,0,2020-11-03T07:19:55.757931
71ab3915-1f75-8c1f-90e6-5b80329d1892,39,102.10848524000023,clothing,debit_card,0,2020-07-11T12:53:17.980447
54372197-b89c-45a8-c981-7d13a3dbaf74,70,1283.4118920084945,electronics,credit_card,0,2020-12-07T05:40:59.946606
47341840-8710-ee11-b7b2-4ddc3abc3f9a,62,2256.2369295647204,clothing,credit_card,0,2020-06-30T21:00:35.243110
a0188f62-e148-558f-a1ac-727363876688,65,1619.4543742234716,food,credit_card,1,2020-07-10T16:25:37.185351
d6e29152-2aab-0de6-ae87-2f0f44cdfb22,24,720.9901313548303,food,debit_card,0,2020-05-06T09:27:58.838995
ca601a25-da1a-3eb8-4861-55ee4506bfe0,51,4429.887944549167,food,credit_card,0,2020-09-01T00:38:40.597335
c24bcef8-d458-d748-f2b4-94a1300c246a,74,3896.2992097399,electronics,credit_card,0,2020-09-27T21:43:22.693817
81242dbc-79d7-c946-b52a-7f4181352cf7,26,3818.099811204216,food,credit_card,0,2020-11-12T09:07:08.531006
e36e2f6a-afe2-0639-3ca5-8fcce5c6def3,35,3190.386733061046,toys,paypal,0,2020-10-28T22:20:56.909719
f1e0d1a2-e8fe-63df-17ae-5ce870fae8b1,40,2917.217340250523,electronics,paypal,0,2020-04-04T05:53:01.892617
9ac82ee6-b983-3900-431a-96b62f9411e2,49,277.7172449004819,food,bank_transfer,0,2020-08-27T04:24:15.927542
1b557456-e978-897e-8dd2-d9c1a736bd82,48,3561.9429835559686,clothing,credit_card,1,2020-10-18T00:38:11.644165
524ff733-c7e9-8218-4df6-f643b0f3b5ca,40,623.9387141092116,electronics,bank_transfer,1,2020-07-31T21:53:46.013301
dcfa0308-2b4b-abf2-65d6-b0ec5458bca3,21,1217.1016763254372,electronics,credit_card,1,2020-05-21T12:32:32.216638
ec28f5af-706a-c48d-86d5-db3edaa4db0a,64,1974.7793064020952,toys,credit_card,0,2020-07-01T01:36:58.457413
ba45eefd-3c6d-54a3-9d06-5c4f90351500,54,1614.6237129088267,electronics,credit_card,1,2020-09-22T10:26:17.516228
c273b178-283c-f5b7-3996-8b8a12e2f1f2,65,3178.3992432876494,books,bank_transfer,0,2020-07-21T10:15:29.038210
547f1acf-93b0-5421-0153-8389beedf9d0,26,2914.1236986722765,electronics,credit_card,1,2020-03-09T14:20:17.819031
d6e7b308-4e3e-8a6f-3f85-6fa4093a2a51,35,4764.332176014283,toys,paypal,1,2020-11-07T02:54:37.667424
f3f9a36c-6848-9b0f-5ac7-38107e42bc50,42,3076.882029392911,electronics,credit_card,1,2020-04-04T05:34:54.554860
0db80319-6b9b-2133-13b4-1dc16e0d8106,75,3869.1866666920328,food,credit_card,0,2020-05-21T08:09:35.152336
0ce20a72-3319-611d-52c1-47f4819d7edc,79,3341.3713339954506,electronics,bank_transfer,1,2020-11-12T16:30:23.931079
f618a578-d291-2bc4-8e71-5e0016eccc9d,79,4962.181226863945,clothing,paypal,1,2020-02-23T06:15:18.572739
59126ad8-fdde-7aa8-7c4f-a7d924e589fd,77,4092.0642300961194,clothing,credit_card,1,2020-04-07T13:57:17.141716
0848ef69-1ea5-c0be-9ae7-e2ad10da5c5c,79,1556.3368208841257,food,paypal,1,2020-04-28T23:34:57.234548
154d6137-1f1f-f96b-4a0d-0c08bb28af6a,38,2546.0222772217835,books,debit_card,1,2020-11-03T16:20:44.435217
b5ba30d5-33b4-cc1f-b75c-f0dbbb3e8284,62,3098.1609839998505,clothing,debit_card,1,2020-02-23T12:11:29.003828
519a5882-3465-138d-2ec1-7905c52a8add,27,1253.3968573052443,clothing,credit_card,0,2020-03-29T23:08:41.174960
5a69e146-3a3d-cebf-0cbf-de8c1f9c16ee,72,4366.058116324321,electronics,debit_card,0,2020-05-08T02:40:41.398647
2ef01c21-95d6-517c-0fe2-c93656eb4ad4,74,3661.139683849487,electronics,credit_card,1,2020-07-11T11:13:44.651009
cf0e7fd1-1a63-0088-ffa3-1d2b3b5773ab,46,3944.3719820115957,clothing,debit_card,1,2020-10-24T07:39:36.586545
1cc765de-79dd-db6f-dcdd-8e46d16e5fac,56,78.34082580733306,clothing,credit_card,0,2020-10-13T01:12:34.192772
6bda9f88-2074-fdae-fe61-8a1c98fcc85b,24,275.71966934671883,clothing,bank_transfer,0,2020-03-14T03:12:03.313137
6111a6e0-fb95-57aa-b6fc-79fc4a057cca,41,1551.63443962471,books,credit_card,1,2020-03-05T22:26:29.327890
2c033b0c-0cd8-7961-4dee-874c9273ceea,42,2616.7446714387256,food,credit_card,0,2020-03-30T11:32:45.032798
25c4d7b9-782f-a157-6bcf-f7e5111b16ef,22,2115.7427452601623,electronics,debit_card,0,2020-06-20T08:14:06.923005
b6784926-ac16-f26e-980e-102931cff700,28,4197.466554359192,clothing,credit_card,1,2020-06-23T23:37:06.264205
e61e1b3f-79d0-c8c1-c279-55a873c3bd5d,36,3131.351041499388,food,debit_card,1,2020-04-26T17:18:16.665904
6a7b2726-8654-d227-3d22-7a3baf678f63,76,3763.0041863918177,food,debit_card,0,2020-09-27T10:48:46.052484
6bbe038d-edb6-12e6-36d8-bb476514158a,74,3930.810523219765,toys,credit_card,1,2020-07-14T07:31:35.388868
7e5ef887-5455-fa2d-ec26-5a91e91a41f9,55,1406.2817682638442,electronics,credit_card,0,2020-06-04T14:42:34.390085
b4391222-4efe-880c-c8a2-2e12451f9b3e,29,1642.4751334492285,electronics,paypal,1,2020-02-12T06:32:48.127558
a470e0d0-aec6-5fee-0644-d2cef0fb237d,47,4554.192826041986,clothing,debit_card,0,2020-05-24T01:45:30.261252
16d51b1c-3d80-952d-2b9c-3e20e1162172,47,2566.986234707728,clothing,bank_transfer,1,2020-12-25T12:10:49.638131
a9463505-595f-381d-3716-3116359bd335,18,4620.44584141557,clothing,credit_card,1,2020-03-06T16:56:49.563114
6399e78d-d745-6228-1ae5-03192dd8811e,18,1607.1558891233067,books,credit_card,0,2020-12-29T23:22:09.810100
65d5e3eb-47bc-3b68-e113-dcf16c79ed4a,68,1439.7317248251666,books,debit_card,1,2020-09-19T21:36:43.616675
70d007f7-fc41-26ee-0f58-b3c7d4d80da4,68,2320.9903707637823,books,debit_card,0,2020-04-03T11:13:54.777556
72b224df-89c0-0b95-a8d2-a6e7a1ec18d5,41,4071.037906599143,books,debit_card,0,2020-10-30T20:04:28.192482
9c7cdfbf-f2f7-3ebf-1f10-095df124c9e1,43,4888.135560144401,electronics,debit_card,1,2020-11-17T04:33:08.284386
21fb753b-f3c0-acae-ddd6-0b2c286e4a66,41,2007.5937280609207,food,credit_card,1,2020-11-22T02:23:24.782202
83446dc8-a1f3-b9d5-cbc1-e68bcd618b9d,44,2114.6861186096517,food,paypal,1,2020-02-28T16:36:34.914891
fa36ad4f-1744-e1b8-73f5-edc093320c8e,28,2932.5451768577805,books,paypal,0,2020-05-13T03:25:07.573116
f5b464f3-c194-b961-49bc-b3f153f44367,39,1681.038580471954,clothing,credit_card,0,2020-06-21T19:45:37.309803
79eac2b7-5770-0819-9ca7-f811b6a4a578,60,1134.2828220351144,clothing,credit_card,0,2020-02-15T17:15:44.022929
f9ad330e-8254-d804-eb8b-41045106b807,22,3967.4686930092867,books,debit_card,0,2020-07-23T15:02:30.396089
bd91dfb5-fe0b-1ae6-6b0a-d77d1538a401,74,241.20851168175778,electronics,credit_card,0,2020-01-20T06:14:49.176898
a45a717d-b9d4-7715-212b-84ea1dca0b13,35,4472.054703662609,electronics,credit_card,1,2020-07-03T17:55:21.648010
9899f6d6-259a-d05d-cde0-023aa2070d63,21,126.58291779883342,electronics,credit_card,0,2020-06-21T09:14:45.769739
109a285a-b466-cda2-aae9-4ca20a3d8158,23,2510.6514637609766,clothing,paypal,1,2020-09-08T13:27:46.652575
b61deab3-cf80-8a52-13df-2bee4e5ea470,27,4640.658634472951,electronics,credit_card,0,2020-02-28T14:56:26.286799
714d0acc-36bc-a7a0-96c7-49369495afc4,33,1582.9267430668706,electronics,credit_card,0,2020-01-07T20:34:38.112742
cc50b0c2-fc51-b679-2ad3-1c8e07cf702b,69,486.45083917306295,clothing,credit_card,0,2020-11-27T16:34:49.339171
8b353a03-6e34-6f9e-5f8c-9326ce1fa392,41,1060.1619369648342,books,credit_card,0,2020-04-06T16:52:31.920936
febc7b97-0d34-ba23-1ec7-9f91d324fba2,26,3140.547856566275,clothing,credit_card,1,2020-12-21T16:44:56.664254
e9c0983d-90d6-f060-ad0f-cb27dd92d2ca,25,3684.627406664161,books,credit_card,0,2020-01-17T01:42:13.575320
68ccd1ec-0899-0174-7065-42432b869cda,43,1333.7955108617884,books,credit_card,0,2020-04-18T17:54:15.312524
b0ca8113-12d0-c7b1-de2d-9bb92fc6a336,67,93.98171991051223,electronics,credit_card,0,2020-02-04T10:35:40.094962
80acd6be-e186-c1a1-b903-02e070f50449,71,4069.5452330897356,electronics,credit_card,1,2020-04-13T12:53:52.702079
4a2303b9-842d-5393-c11e-2240ab970898,36,2272.5202056366024,clothing,paypal,1,2020-06-03T04:54:32.757231
aaa9f34e-f857-1793-be41-01faa7be5b18,52,1790.8349476455776,clothing,credit_card,0,2020-08-11T05:09:43.653238
a2a8efc1-abea-4e14-7bc3-625085162c06,35,3147.8897950968376,clothing,credit_card,1,2020-01-06T15:05:47.224020
4f29f5a6-fd56-3999-4092-08d0d8a96272,65,1301.4150832201383,clothing,bank_transfer,0,2020-02-06T00:52:18.236874
8ccdac52-8452-6738-0f5f-b151c811b6a2,75,3141.8420564905227,electronics,debit_card,0,2020-04-21T19:52:09.817682
38d05692-64a5-7bc8-b026-a8c1ec6f8d7a,53,1930.0323828075782,food,credit_card,0,2020-09-26T02:42:46.622312
839015f7-105b-2734-ddbc-9d2f6eb23479,43,323.7072770075259,toys,credit_card,0,2020-05-10T16:05:22.759087
9ce2fd27-8c87-b1ae-65cb-d7c502f32d48,71,4176.762583213665,electronics,credit_card,0,2020-08-23T19:25:59.051524
6aef6ccd-7c8a-bed4-f355-8ccbc62c41b5,65,867.4874226168977,clothing,bank_transfer,0,2020-01-26T20:53:44.275771
9cd2532d-7095-2a82-b404-a633fd48bd60,59,100.39713185195714,clothing,credit_card,0,2020-08-14T04:20:49.623811
1d325c22-b809-5a07-372e-38d9cfbe3827,45,2673.4105705628867,books,credit_card,1,2020-01-31T15:37:23.869255
74cd7798-8eaf-376e-6f0a-c0876f0be367,46,3734.314013210891,electronics,bank_transfer,1,2020-09-27T03:31:27.184111
6034742a-ee9e-b3c5-babe-c88c31fb35c6,48,3724.175355704263,food,credit_card,1,2020-03-18T10:06:09.673658
68c99c14-7ea5-d35d-dcdb-65b1dc05fcad,30,4402.485078482723,food,credit_card,0,2020-12-11T05:00:26.549847
22139b0b-9ff9-a629-49a6-4f0a81b19287,26,2103.733917701543,clothing,credit_card,1,2020-12-15T02:16:46.729647
8fb7375c-ec75-1226-e56c-fc6cea8779ee,55,1391.8025383851348,books,paypal,1,2020-07-24T05:05:51.080480
ff049be6-2e17-c595-c45c-673481056d01,38,2567.0003542502777,electronics,bank_transfer,1,2020-03-09T13:01:12.201608
703e0ebb-11b9-9aa3-6c9b-135acc369c99,37,1447.1370333931175,toys,paypal,0,2020-05-15T18:26:09.786360
3a1faa56-b78a-ab0d-151a-58a62c830c13,38,2898.4229790085265,food,paypal,0,2020-12-16T21:42:59.690226
bb22c891-238f-5c63-a76b-bbfcff5b13b4,59,3118.699029599033,toys,debit_card,1,2020-08-14T10:02:16.455037
33580933-09e0-9102-2ac3-e601901f2145,72,1936.8070476761766,clothing,credit_card,1,2020-07-06T04:19:18.619569
26e4221a-ce07-6a9f-013d-59bfcabe7af3,21,4098.700405093472,clothing,debit_card,0,2020-04-16T07:09:23.484314
bd525b9f-2a6f-da58-1951-83dc32f10583,53,745.2916684467746,food,credit_card,0,2020-09-15T12:18:35.000363
0bfee523-eac9-7574-9743-84d5f70c2069,18,2041.2333001769532,toys,credit_card,0,2020-03-22T13:22:50.219903
97f85f98-b39a-2c3e-fefd-81900551dfb8,60,3847.5266448989237,electronics,paypal,0,2020-03-05T11:54:26.690387
74e16378-56c8-4910-e3f6-c427f89652e0,66,336.8016892343582,toys,credit_card,1,2020-01-21T02:08:27.871944
b738dd79-f9ef-52bb-f221-60cca9968239,75,3524.65151389725,clothing,credit_card,0,2020-08-10T21:49:45.681825
fca4663b-b639-69f2-5d61-a93c4c0696fe,19,3126.9359209667955,toys,credit_card,1,2020-07-27T07:22:31.961687
f0166d1a-3c5e-1443-9569-bcc6360ed3d4,77,4074.7948444585963,electronics,debit_card,1,2020-11-02T18:43:32.158464
84c5d068-fcfd-985b-dcb8-9b3ec9757038,69,3423.01205403163,food,credit_card,0,2020-01-13T10:19:06.986395
f41f9d13-8165-2e3e-5db1-c912ff46f948,44,4323.431573287387,clothing,credit_card,0,2020-08-16T19:29:17.914559
0a89ed25-5d7e-ea0e-448b-58ab477f021c,68,1187.4305957152342,electronics,credit_card,0,2020-12-15T08:17:59.292149
a8d8a76c-a10c-8b35-2e2b-c9511daedb52,23,3191.943018782565,clothing,credit_card,1,2020-01-01T04:58:53.481593
e4c83f43-c2b0-d7f7-bfe4-56ae73c8af71,34,2217.1605243617946,electronics,credit_card,1,2020-10-07T00:11:34.984240
685b28af-d7e4-1fce-d846-97e826081087,35,3006.746001075292,clothing,debit_card,1,2020-08-26T17:29:33.948500
b423bb16-6f2e-311c-9872-fc6d5db70b46,24,134.01047457676378,books,credit_card,0,2020-08-06T23:25:31.541480
cc8bde9f-ae12-9d30-3348-ec53dcd73557,60,2708.596148298096,toys,credit_card,1,2020-09-29T14:32:20.738863
1493f33f-6657-5046-45dd-443461ddb915,34,323.3106329028246,books,debit_card,0,2020-07-17T23:44:25.241600
799680d3-ce4a-d102-fdb2-a5484f11c322,63,132.78384963398946,clothing,debit_card,1,2020-04-19T06:26:01.751930
4fa304ed-5568-3b73-be72-9629548adbad,79,1268.9635249781204,clothing,credit_card,1,2020-02-21T07:28:42.722619
09629b20-4d70-55a4-bd7e-190361e2398b,76,829.4059374274636,electronics,bank_transfer,0,2020-07-18T07:24:49.953353
d74e88d2-7d98-afe8-8496-03f8088b2b58,29,544.0956792761269,food,paypal,0,2020-02-09T08:48:35.887284
6a7191da-6e6f-9ffb-f99f-9a2f7f5617ce,72,1848.8364062971011,toys,debit_card,1,2020-12-01T06:57:12.603606
7511df75-a664-59d4-542d-6bf8c06d86d9,59,425.0098268169991,food,paypal,0,2020-04-11T21:59:52.333461
068fa677-aff2-5765-a055-5ba68159247f,60,4473.132275453036,electronics,bank_transfer,1,2020-07-21T19:14:50.721868
9bc05203-0c72-522c-a155-6671a094c331,18,541.5132984834324,food,credit_card,0,2020-10-25T22:22:28.034665
0fe34b1a-918f-42e1-e892-1f38de74b884,72,327.45777603240407,electronics,credit_card,1,2020-05-31T02:57:20.165197
4fef3174-00d5-e713-5a81-ba9666c4ae30,57,4317.023508935127,books,debit_card,0,2020-06-05T20:59:56.665966
c75a5438-3b68-bd70-84d3-03d1889b7587,79,3309.932773503833,electronics,credit_card,0,2020-07-16T19:24:00.184354
8e4613f0-483f-25df-ce20-288980de8667,59,1557.828014126733,food,credit_card,0,2020-04-16T09:06:38.869725
7cee7830-e377-809a-e4c8-7a6e24516783,40,2183.5333284870517,toys,credit_card,0,2020-01-31T13:28:14.547951
d7c45c16-417b-c6c6-4d4c-c0bcb082cf55,51,1952.3515274095435,clothing,debit_card,1,2020-05-09T16:44:34.988345
7c96f983-439d-7b9f-e619-6dc607e94c22,74,461.2641708132644,clothing,credit_card,0,2020-03-17T19:34:32.760496
17b53295-1d57-bdbf-fe93-5d46b3319f14,29,3276.004890064404,clothing,credit_card,1,2020-10-20T14:35:15.267984
aa6e9897-a964-6b91-6d67-bffb0f43e49b,53,2362.321109908285,food,paypal,1,2020-11-29T03:25:33.060783
b82e65ac-2315-74a4-36bd-51c7536276f3,24,3033.1775934931857,toys,credit_card,0,2020-08-11T21:19:59.598492
315c783b-24e5-e00d-4690-2045ae3ea57a,56,3260.7990811112045,clothing,debit_card,0,2020-07-20T06:28:46.134726
22953fa9-f322-84f7-e380-808c198591fc,56,2116.4330920256184,toys,credit_card,0,2020-09-14T10:50:10.888771
a4e5173c-5ae5-4c69-655e-cdf6c99adf19,68,4086.2715193242093,electronics,paypal,1,2020-08-21T09:37:52.520649
76cc93c7-deb3-dd9a-2b51-eb828ee4262a,76,1741.554952113767,clothing,credit_card,0,2020-03-05T15:52:01.684774
d4c4add5-0a94-9742-4ad7-1dc88fb659e7,75,2413.9740467173087,toys,debit_card,0,2020-07-16T18:32:11.975031
d6163500-7a63-16e3-06fb-bd0e41bacab3,43,1953.2801899881595,clothing,credit_card,0,2020-07-03T07:30:42.914562
1940cd88-5e45-cd43-67b7-41ee945fe1c3,41,3723.490838985421,clothing,credit_card,0,2020-05-05T11:47:34.245383
3fdb893f-6096-096a-4818-c83da43d28c4,73,4609.493515894655,clothing,debit_card,1,2020-06-09T09:12:27.961723
8625adf2-e37f-0565-03fd-8fa14d9c8bf9,42,1320.8117039419533,books,credit_card,1,2020-12-03T12:37:07.426035
ba91704c-1288-fb91-1623-4a76f5ade04f,75,2419.0494502283286,toys,credit_card,0,2020-05-06T10:01:57.548375
73065b45-045a-b79c-cf39-ff8da69b87ca,20,2939.4712039808123,books,credit_card,1,2020-06-17T08:38:00.290807
3310b768-32b6-8bc0-4698-12aaab7172df,19,1739.888139855722,electronics,credit_card,1,2020-08-16T13:16:42.250246
fd985039-95da-3f18-58ae-c7e1d8cbb1f7,72,4508.117387125157,food,debit_card,0,2020-04-15T22:53:48.227244
eec50425-804e-7601-19c2-d36f6a3d7c01,18,2219.7223529273206,clothing,debit_card,0,2020-12-12T04:12:52.603249
47810d46-5e13-3df5-4206-55f5ef66a9c8,35,1097.915572078605,electronics,paypal,1,2020-02-06T08:59:10.256765
78642503-a883-5689-5f11-806b706638d0,34,4049.6746476090066,clothing,credit_card,1,2020-10-09T00:36:30.369882
45b4a677-786a-08df-9028-2962c6b83a9b,31,1682.0699108667861,clothing,credit_card,0,2020-05-08T00:54:23.996848
eb97aac8-1faf-357f-0e9f-d96ff4b9bfa0,30,2822.20972308161,electronics,credit_card,1,2020-12-01T02:39:28.999455
29a10013-7f73-86e5-d57c-82c8063b58d0,22,3518.7485731825273,electronics,credit_card,1,2020-09-22T12:15:56.893416
888adfd1-a4fe-f555-14e0-d23c5830e47c,67,873.9558527978317,food,credit_card,0,2020-09-23T22:15:09.233528
ef327e24-6a41-fd08-7c0e-0d583a8c97b6,79,315.49019518477394,books,paypal,1,2020-05-03T22:13:09.289397
9b23669c-d37a-4019-3491-ce5eaa1a7217,70,3175.587777427741,toys,debit_card,0,2020-07-09T20:54:06.278530
f5fcd99a-dcdb-3194-bb0d-0452f4df0c34,72,3744.8148360055416,food,debit_card,0,2020-11-30T21:57:12.044279
28a81101-e8de-d7ef-4aea-441d59287a4d,60,1113.0414166950472,food,debit_card,0,2020-03-24T09:37:17.750712
9b93ade0-6249-99d1-a0aa-8107d39aceb7,72,2628.684073482127,books,credit_card,1,2020-05-11T11:39:28.731400
f82a9027-c45d-0f9c-c49a-b27b91aabcad,62,1444.9131548254206,food,paypal,1,2020-08-06T13:54:04.351174
a292fcef-3a9c-0fe2-2e4c-f95ed82ea4fb,60,4673.916548665923,food,credit_card,1,2020-06-13T00:20:23.543208
a3e58d78-1904-443b-293f-9d847eba60a5,37,4589.382480342044,clothing,credit_card,1,2020-09-06T05:44:53.591417
9c8ad521-9f40-e9c4-9921-213f9751f2c0,34,2699.1038850747946,electronics,bank_transfer,1,2020-07-29T12:21:59.166677
0320843b-b345-1291-0273-389cd9e8bfa1,58,4542.560854663284,clothing,credit_card,0,2020-05-16T04:58:03.515587
4882c728-bb7c-9161-aabd-188b45474169,78,417.23665093251316,toys,credit_card,0,2020-12-05T20:26:28.958552
b5bdfd2c-180c-e6d8-3a76-6a37a193e5e5,65,4623.307283084963,food,credit_card,0,2020-05-20T15:29:44.806581
ec67c8bb-2ab3-04e1-06ef-1a0b43f5f24a,44,1561.8904465319235,books,credit_card,0,2020-10-04T11:35:50.528036
af1e831f-184f-e883-b94b-14bccb5b2428,39,1057.2279880382023,electronics,credit_card,0,2020-01-20T09:40:32.204069
887c8db7-5f2b-7033-25e7-2c191d1b19c2,60,3227.073840158275,electronics,debit_card,0,2020-05-08T04:36:37.168213
f7652821-4e3d-9496-24f5-5e35e91658b9,55,4597.932580806571,clothing,debit_card,0,2020-06-08T04:57:58.209368
5cd88302-e5f9-2ba5-ed5b-e8bde7b9e56c,33,4781.540632286003,toys,paypal,1,2020-07-20T02:47:58.259226
ca8efa56-0f33-5c16-7007-8a2b1db1a13d,77,3229.0753426647725,clothing,paypal,1,2020-12-12T23:55:28.102966
5d628448-c0de-f551-71c3-8c313a3fdf07,72,1123.7044471208892,food,paypal,0,2020-03-11T07:06:50.591781
b703b5e0-b378-b746-8754-a4e28a48f8d1,72,4476.755159565857,food,debit_card,1,2020-09-05T13:11:05.270229
1be1090b-2378-7655-19b3-2b071b4e8b6d,20,3125.2313699423403,toys,credit_card,1,2020-06-10T23:31:04.823507
6e639226-c47b-8d5b-323e-27998550718c,39,968.4613203084355,toys,credit_card,1,2020-11-06T08:04:35.074772
23008ff4-2ffa-7e65-2a85-c6d5ff8b3e87,26,667.8930544306377,toys,credit_card,1,2020-09-09T02:36:04.054052
3bba267e-69f5-db17-4e26-b305db1926fc,28,1421.5661301783025,clothing,credit_card,1,2020-05-24T20:55:32.118295
95f18c05-1359-0ddb-3247-93771e0cd025,29,4598.434118089945,food,debit_card,0,2020-01-13T14:09:17.251403
390a64cb-8b69-375e-b467-b3362408cc30,49,1624.967237399451,toys,credit_card,1,2020-11-17T21:29:35.406910
4aa57471-6810-b77c-88d0-8646ff259023,38,1647.5165343143062,toys,debit_card,0,2020-10-22T15:04:32.040357
c20e84b2-7da5-8b3f-3793-4a7732a3c9c3,42,247.3517458805343,clothing,debit_card,0,2020-01-14T16:25:41.874739
89a1044e-8d3a-8a27-9aea-b9155e5c5986,71,1184.5351738057661,books,paypal,0,2020-12-14T06:09:32.258356
1bd2b412-f955-e4bc-6076-ee86640c0695,59,130.80565818653577,food,debit_card,1,2020-04-03T23:41:39.330248
d3459f61-73f7-49b0-1845-6101e6328c51,49,1184.277497227682,electronics,paypal,1,2020-05-25T02:38:07.947682
95f401b5-82eb-c212-eb80-ab4ff735b165,51,4296.14137403481,clothing,credit_card,1,2020-05-21T10:41:53.887790
49dfa250-a88a-6a56-770f-682abe161585,23,4633.114441688086,electronics,debit_card,0,2020-10-07T14:40:55.229026
f1c08f5a-f121-3d5d-f18d-c7947d7977de,68,3637.379278792767,clothing,debit_card,0,2020-12-23T13:29:27.173391
55259a41-3635-0d82-1450-b0762e343241,33,1366.0794407176745,clothing,paypal,1,2020-06-14T08:33:26.493673
68427260-edd3-52b4-61f7-7273426b93ad,58,1573.6529230211613,clothing,credit_card,1,2020-05-28T23:33:49.438439
da20d854-8c5a-adab-7408-d7ca31b829e9,75,985.6240896381072,food,credit_card,0,2020-04-12T05:39:02.858491
7d316973-8773-4f74-60fb-300eccb32e15,50,3751.550446236041,books,debit_card,0,2020-01-09T08:23:16.637898
43d761a6-bc8d-df64-ec3f-89962ab7054a,23,2802.378231057156,clothing,credit_card,0,2020-08-21T22:47:50.444596
7cf4aee3-28ea-1c76-9b0f-09dc5f3e12d8,42,3606.83535668264,clothing,credit_card,0,2020-02-16T11:21:11.723686
b3172867-a8f5-69d9-363f-ee2bad2eea0a,32,3995.4383167407286,electronics,credit_card,0,2020-12-05T14:37:22.860641
b39e87b3-0943-faa6-2621-5845397b098b,75,3436.854113625454,food,paypal,1,2020-09-01T01:07:13.564632
7ecc380e-5f0c-da95-6108-8cc191811d7f,76,4936.577177939011,electronics,bank_transfer,0,2020-07-30T05:16:18.987289
4e98a520-2f2c-a7a3-0628-659654a1015f,18,3792.3348542463123,electronics,credit_card,1,2020-01-18T01:10:55.539799
1148fbb9-8f5a-5466-0f95-4476f8a565ad,60,3401.935938301588,electronics,bank_transfer,0,2020-09-03T11:51:52.985856
a3e27dc4-c0dd-1cce-cc3f-d6891d40ebcf,28,3322.0719160783706,electronics,paypal,0,2020-07-11T07:34:45.154959
a724729d-9e11-e408-94cb-71442994af58,20,4804.457088057565,electronics,credit_card,1,2020-02-29T13:24:22.100969
c59cbf03-b667-a1f2-67b6-0ccab24eeeae,24,4582.908421882637,electronics,credit_card,0,2020-08-24T17:10:54.535150
c740e455-6ee2-9690-8e68-d88a8c7e7c7b,73,1529.8482508916281,books,debit_card,0,2020-10-06T05:02:00.485501
8955e075-1399-9ba1-62b9-fc5bae018457,77,991.1352882448854,food,debit_card,1,2020-06-12T22:56:16.973783
9a6faad2-b091-d31c-9360-0f5f639e6bea,27,2437.0351358447256,clothing,debit_card,1,2020-06-21T13:25:31.122199
28a3ea9d-a7b3-07aa-6b3c-722870a75808,75,896.3568612172976,clothing,debit_card,0,2020-12-27T19:56:28.689625
24e75a0b-f5d6-9d0f-f957-4c7003f1c1c9,64,1825.1068191300635,clothing,credit_card,1,2020-11-25T08:39:09.222745
0196a6a5-ee1c-5216-def5-c506fc030e4a,71,1253.3275927576187,electronics,credit_card,1,2020-02-16T03:56:51.630002
d7d644e5-acda-e040-bad4-c36ab78eb3ad,45,2327.2645564521235,books,credit_card,0,2020-10-18T04:39:43.174292
96eb32a6-7356-8fec-4205-20efb9973f7c,39,2183.775229871629,electronics,credit_card,0,2020-02-02T22:34:33.193077
a34c50b8-7ff6-6d5b-3235-e442ad111663,26,4430.986516036099,clothing,debit_card,1,2020-08-06T06:42:14.985191
d5289b16-684f-99a8-d286-2116dae03c34,20,2112.845266214102,electronics,debit_card,0,2020-10-30T23:31:20.281275
e42a1f48-f066-3685-c9b6-4dcf64702bb2,22,1190.0461351989843,toys,paypal,0,2020-06-28T09:39:45.772217
af3fdc11-1894-b1b6-4974-9cfaa3db8d3e,59,3578.590744590799,books,paypal,0,2020-10-07T01:35:32.321231
52ad33cb-abba-a1cf-a20e-244fa528e873,43,2314.978654870997,food,paypal,0,2020-04-09T22:53:54.445444
029b5ba0-0335-cf18-c586-ee8e82cea605,29,1998.3538443870546,clothing,bank_transfer,0,2020-01-04T22:03:59.575253
20ec4453-3548-cdde-8efd-99097e240597,61,1492.6133686657117,toys,debit_card,1,2020-01-20T12:47:46.358627
0525a3cc-6403-c0f7-7fcc-0eb17ef2deeb,65,2836.5930671139854,electronics,credit_card,1,2020-06-06T15:52:57.871639
367b8c10-2058-1df1-09b8-f640aad269ba,38,542.8303814899833,clothing,credit_card,1,2020-10-25T16:34:07.702404
23e360d6-16db-f7b3-8d57-ac7c4131e0f4,40,4259.45610176635,toys,credit_card,0,2020-12-10T23:29:41.265341
1e5d2c9c-664a-c0f6-aa93-70a3edb122a9,72,1007.4781576935148,food,debit_card,1,2020-05-18T09:21:45.949239
60a8e3d3-f4e6-92ce-ad95-7b99c7c34e37,40,3122.3262861885964,clothing,credit_card,0,2020-03-18T19:18:58.388285
a7ad3c2b-cf28-793f-3b87-cf2967914d07,76,716.6609280456788,food,credit_card,1,2020-07-22T08:11:23.474693
efd333de-165f-2055-85ca-c3ac1e586770,44,4762.8291504082945,clothing,credit_card,0,2020-04-23T22:32:18.031556
af4e6775-fa03-5ebf-025b-413f2ffcf532,49,2355.242699739231,toys,credit_card,1,2020-04-27T21:09:55.211303
13f0ed5d-ed6d-3031-70b6-d8fd2e66ccb4,36,1703.4236643564402,food,credit_card,0,2020-05-06T07:24:47.990624
ccd23b9b-e508-f205-0fd1-aaed82968186,70,1435.0479538946804,books,debit_card,0,2020-07-07T16:57:08.206025
e8f05573-07c3-ef2f-17df-b0f092f36138,61,301.6899998162822,food,debit_card,0,2020-01-19T04:42:07.852829
39b756d2-af52-ca02-f103-15d3157cd030,36,4032.591667984153,books,debit_card,0,2020-08-11T07:36:59.655635
41d7fe34-e4e0-6a7b-95f4-94529b86dd61,46,604.4890201588221,books,credit_card,0,2020-10-28T05:52:09.069145
e2966354-1a76-864e-84ed-6f56a29c7bdf,71,2168.180327292182,clothing,credit_card,0,2020-09-10T21:47:54.809348
84c6e8de-27de-b49c-cfdf-b2404023ae96,80,3233.9638883940497,books,bank_transfer,1,2020-07-20T04:38:43.576353
6549b23e-8974-5cb8-52e5-4992330b152e,34,3231.1961545556537,food,credit_card,0,2020-08-16T21:17:31.768777
560ffa5a-e298-32eb-949b-b36f313e32ec,23,603.0861865061436,books,debit_card,1,2020-01-30T06:42:06.746577
967da86a-fdd6-122d-15cb-e8cb341039b0,41,4906.540918749076,clothing,credit_card,1,2020-09-05T06:17:45.591085
5388fc15-ab5f-a291-1720-e8537cef0108,18,3488.4754584035313,toys,credit_card,1,2020-02-21T20:19:29.720579
debe3f2a-ce74-ae4d-52be-be7a6181b4e6,54,1500.0476555295581,electronics,debit_card,1,2020-09-15T14:00:21.463063
b1b1219b-dd8c-aea8-1313-cd47298974be,71,4431.44218238957,food,credit_card,1,2020-11-04T00:48:53.748407
6cf93bb1-ab51-a821-45ee-e52c9396611a,41,867.347353967958,clothing,debit_card,0,2020-11-03T08:15:23.905936
2374f214-97ad-ff36-2609-fa07c05036ed,71,3469.6539873445063,toys,debit_card,1,2020-08-18T16:33:18.002468
00bbdf11-8166-6611-bc72-fdc2b9526fef,68,1536.159298043852,electronics,debit_card,1,2020-01-26T22:11:19.133927
de2b5b0e-6bc0-ea25-926a-352c6accceb6,51,1682.1804426512872,food,paypal,0,2020-10-13T02:32:01.878237
df1da829-f61f-9162-edd5-7665c43d0a79,59,225.53516211683507,food,credit_card,0,2020-07-13T09:47:11.036774
43382f98-1c85-553d-d65d-fb3572c2ee2f,64,3507.1203499770572,clothing,paypal,0,2020-08-01T15:23:26.491318
5dfe3c78-f059-9633-4aa4-0cc7a712835d,41,4980.888498407289,food,paypal,1,2020-11-28T10:25:44.263891
1397755d-a64c-9ad8-af8e-c641102f648f,56,536.7369778335698,clothing,debit_card,0,2020-09-16T11:53:06.525968
6bdf8e4a-85fc-0ec5-357b-549ae3e27676,41,115.85216651182225,toys,debit_card,1,2020-03-14T21:11:31.000958
5f8408d1-5424-86a4-7f78-6dc50037bc79,51,1837.617216681055,toys,debit_card,1,2020-09-13T13:00:28.062069
8a2c839d-e0b9-143d-ff4f-f7136029b250,23,2928.952584474026,toys,credit_card,1,2020-03-20T09:13:03.017531
235a66f5-57f3-5853-8333-b971ec65a803,21,1667.6838984129522,books,credit_card,0,2020-05-11T11:35:37.967097
06e29d2c-2f7b-8ca1-cf41-0cceeb4fd902,67,2361.311040218002,electronics,credit_card,1,2020-03-01T15:56:37.806451
385a25e1-80d4-6bb2-f1e6-04d1e8738cc7,74,3544.2710170330533,books,debit_card,0,2020-07-01T13:59:30.934790
14877178-657c-2f53-6a28-0056b7a29a93,27,4106.3144526585675,toys,paypal,1,2020-04-12T22:58:02.854778
21282eca-838c-771e-116b-1094e38574ca,58,1082.5656270540483,electronics,credit_card,0,2020-10-30T17:49:12.009681
0082ee93-875c-27bf-bf4c-1831370ce4d7,32,4724.548442580731,toys,debit_card,1,2020-10-15T03:04:31.608727
6b92caa7-1ba0-a384-f34d-23539270af1d,69,35.05116336212915,clothing,debit_card,1,2020-08-31T09:39:07.870231
9e30c081-77f5-ba56-5e6a-4f8fd6c29095,27,2917.5379096878655,clothing,credit_card,1,2020-12-10T18:29:58.150944
482fff00-53a4-c787-aa71-f1301159be5f,56,4905.3763284374545,clothing,debit_card,0,2020-12-29T06:19:33.661650
59bc9466-0462-a202-6957-c05642010c11,79,2421.9826845351017,electronics,debit_card,0,2020-03-15T05:58:21.920547
390e6684-6455-4d7a-f43f-acf0d59d8e04,30,765.1888197554802,electronics,credit_card,1,2020-09-15T04:43:43.364185
23f26a75-bf39-df9b-1218-eeab26c694a7,43,3952.2260764411008,clothing,bank_transfer,0,2020-03-29T02:52:32.824540
a76774c9-f2a8-d2c6-6881-a2c4d132c9d3,41,140.09399787362358,clothing,bank_transfer,0,2020-05-25T03:53:50.528152
dc7179f4-8b8b-42f6-4a4c-e1a68bdb3085,76,2708.2982509015183,electronics,bank_transfer,1,2020-02-01T06:57:10.660835
3e75ea59-0ac9-6faa-948e-4f1d725a053c,42,3527.674424714676,electronics,bank_transfer,1,2020-08-16T00:51:00.676890
97c75213-e41b-2131-9ca4-d7776751ca75,65,1981.1879287519955,clothing,debit_card,0,2020-07-08T06:15:13.048048
28e95035-9f7d-bb68-0bdb-6191ca65840f,33,1909.9221753478548,toys,credit_card,0,2020-07-29T05:32:14.841434
8a901d27-d58c-eafc-b59a-79f71ba83593,29,3574.4684929906343,food,debit_card,0,2020-09-17T18:27:46.221664
4e5aaa73-8f6c-5778-2bbe-4c751aa25657,74,1513.4149504992963,toys,debit_card,0,2020-04-01T02:52:10.114542
e952dd63-9ce1-77c0-859d-2f6a539d99cb,61,1022.5454707467322,books,credit_card,1,2020-04-02T01:09:09.956800
f1eafa68-7207-96f0-8b80-7bfc882e1566,23,18.2782786246687,books,credit_card,1,2020-03-21T07:44:52.530491
56f6dcd7-7790-7b8c-6c53-00b21c6c14c1,35,10.785651510233983,electronics,credit_card,0,2020-06-17T22:33:26.949508
ac23679e-df37-0383-b028-766085ce7d79,37,4593.7880645360365,toys,credit_card,0,2020-11-12T23:51:55.819560
d275c46f-2a87-1e57-1115-0c0ffc51c012,22,2078.298912983463,toys,debit_card,0,2020-05-19T10:29:33.206855
ac26b59f-6644-6fda-4c02-a38dac3babd5,50,4672.202593847848,electronics,credit_card,1,2020-05-20T18:17:51.105761
3779c6e9-a99e-bfd9-9253-ebcffffab510,52,2962.7887565272886,clothing,paypal,1,2020-08-17T03:35:32.494001
8723b0bb-8fb5-24a3-996e-949e1a6155a4,67,2867.0748922941634,electronics,credit_card,0,2020-01-04T10:38:22.725591
3c774c04-e50d-95b6-f52f-4677d8a2b41c,43,2541.1336203212345,food,credit_card,0,2020-07-03T18:08:27.236006
2ee32d00-38e7-9d2b-7bda-febc3bd7e39a,50,103.13196499812224,toys,credit_card,1,2020-01-14T09:50:13.098063
3bd338ff-de0a-2f76-5238-2854110972eb,28,3859.006566140406,books,credit_card,1,2020-06-05T07:15:49.676956
228d0bba-8050-8dbf-0d5c-0a80a4c52b4e,77,4329.765799164833,electronics,credit_card,0,2020-08-26T02:00:05.709331
ef8c8a58-71b6-4330-0d26-a2bf0fc8bf62,57,2637.7542544285975,clothing,credit_card,0,2020-12-02T00:05:29.635574
bc29e252-c662-cea9-a920-32212e413d45,55,947.1321444924597,electronics,credit_card,1,2020-02-25T19:59:15.826962
eaa50acc-0caf-b80b-b1f3-4bcd4974ed16,21,4936.879446530793,toys,debit_card,0,2020-04-17T18:57:28.052542
76e681de-2904-0bb5-6b10-425114337c08,35,2342.69093407366,books,debit_card,0,2020-06-02T03:13:36.770878
b640564b-ed7e-f17b-4662-ab36eb68c7a6,61,3841.7490122040203,electronics,debit_card,0,2020-02-03T06:26:33.155992
bd7f53b2-b3cb-2c44-b58e-544ac0522e57,52,162.58750269547286,toys,credit_card,0,2020-03-18T08:26:27.584510
fe7a506e-73b0-c372-ab9c-40e7365c74a6,64,3343.828808689197,food,credit_card,1,2020-08-06T18:29:03.380037
bd22dea5-1628-9de9-a40e-7e54e6d1ed9f,64,119.4013680618683,books,debit_card,1,2020-04-10T23:28:54.092385
38d0ba6d-b785-26f7-362e-6099206e18a0,79,3999.976730431851,toys,debit_card,0,2020-11-27T00:01:30.387316
19cdbe95-ab6c-ce7b-1177-65ef5302de05,34,1578.3449773174484,clothing,debit_card,0,2020-09-01T12:20:23.322585
8265e545-6b9c-98cd-50bc-92f5dcd60b0b,43,3664.4699971743466,books,credit_card,0,2020-05-22T00:18:38.528502
3f439fe6-989f-492a-0c3f-e4965b7a6812,49,4686.456067047005,clothing,credit_card,1,2020-12-30T22:24:17.918799
54327651-6a4b-d626-18c2-ea12eed72847,48,347.4401741120888,books,credit_card,0,2020-08-10T07:03:48.526642
be1ecec8-9d65-f65f-125b-09ba0d2bc2d4,27,2282.5968140440095,electronics,debit_card,0,2020-01-21T09:30:13.131238
a2831b45-e18b-9794-88eb-a8cb292e8ee2,56,3190.2630410831207,electronics,paypal,0,2020-09-27T02:47:39.852713
cc50cb40-feee-cdc4-b624-982e480ab639,40,1015.3442665001579,clothing,credit_card,1,2020-09-05T04:14:31.636007
e72a3ea0-6956-d8e6-2482-5bc45e363a5c,38,452.2039783236628,books,credit_card,0,2020-04-13T21:31:56.233763
c9c4e19a-142b-ab44-fde3-d0a0a7b031ad,23,154.7749300695402,clothing,credit_card,0,2020-01-14T10:44:16.574557
9bfa8694-b6ed-bf41-8375-29ed0356c6fa,62,130.12074515726647,toys,paypal,1,2020-06-25T21:36:50.164158
317cb18b-6cff-0017-e6b2-5415fae5fcd8,56,1569.309515604891,clothing,debit_card,0,2020-09-24T10:36:09.719185
ca52588b-6e29-6842-eb19-a9541cc6c1b9,22,2670.0451391546912,books,credit_card,0,2020-04-10T02:12:48.710149
dcc8df43-7935-9fcf-547e-420444fb419b,75,1181.8952085164642,clothing,credit_card,0,2020-12-01T05:16:09.738195
ba6d3b2b-1517-1353-1520-84d313962917,74,3198.296789698868,food,paypal,1,2020-10-09T19:50:28.373978
8dfb1560-b2fe-5139-363c-3ac007679d34,19,1029.8228976240798,clothing,debit_card,1,2020-01-09T07:34:41.625706
4385e062-74ac-f14d-103b-791670414f58,65,30.278642511116225,electronics,credit_card,1,2020-10-12T03:54:30.406303
f959a417-fafb-332f-5979-0d325565d4d9,50,1302.2932273440058,electronics,paypal,0,2020-04-25T01:45:14.442877
21854c60-5a95-ef44-996d-ae955f17ebba,53,2782.1794754865396,electronics,paypal,0,2020-06-26T14:52:42.533767
a2dcf32d-f4cd-97dc-9e02-2ff98da0787f,67,1710.4521989002951,clothing,credit_card,0,2020-05-16T11:08:18.042279
03bcbad3-7cc0-bf79-23a0-ed60351e6bea,20,4436.849970105211,electronics,credit_card,1,2020-09-02T13:40:57.447225
1fb7d3ba-7750-5359-4f3a-5627eb0b79e8,18,3539.4812494256325,clothing,debit_card,0,2020-07-27T23:36:14.856592
2049496c-e4bd-bff5-e5aa-5180635fec54,63,429.49042403706216,toys,credit_card,1,2020-02-18T04:56:05.825618
85e6e7f9-bcde-68bd-8fc6-0f55ed50ff47,79,1956.3364836601902,clothing,credit_card,0,2020-11-04T09:24:48.966464
63e56e81-aa89-671b-0bc9-fbafb24907b4,34,2658.229314573782,clothing,bank_transfer,1,2020-09-13T22:35:02.640260
6580f6d0-f922-a129-230c-736d41e5437b,76,1000.5567070964704,clothing,credit_card,0,2020-05-29T04:48:24.699982
99ebcbe1-eaa9-2f6a-3701-cbdf8232b90e,74,4221.814674685689,food,debit_card,0,2020-08-27T11:46:17.304506
3d82addb-3a47-9efc-4f3a-ba67d4799553,66,1375.1626462514569,food,debit_card,0,2020-09-30T04:45:54.753002
66d9a2f5-6701-951e-3df6-7d6d5f1908b6,51,3062.5211883233965,books,debit_card,1,2020-04-20T03:50:04.509633
96755b59-2d97-f303-92ae-a27006bce182,67,4245.4587142613245,books,credit_card,1,2020-05-20T11:50:26.040321
9001281c-2b77-877a-40e9-6b81fa431fcb,80,4793.93192217522,electronics,credit_card,0,2020-02-06T13:16:07.508724
047fc3ce-a491-02e0-7fd6-dcbefcdac780,43,3263.4271744228913,books,credit_card,0,2020-12-26T11:33:19.284008
ca66cf2f-4010-aacc-9966-011f3b8ccfa3,40,1453.1625297645246,clothing,paypal,1,2020-01-05T10:23:37.473268
63eda9d7-f18c-3784-c81e-3b57e124b214,69,2637.433875119739,books,paypal,1,2020-11-02T15:27:17.418929
a9781642-de5f-111e-4f1e-b93c2b3d1119,32,2249.9508971334953,electronics,credit_card,0,2020-06-01T22:31:48.584612
7e2200fd-349f-c19e-6ccc-b12adcd2bf72,63,1894.6395205217918,clothing,credit_card,0,2020-03-14T14:58:16.773317
ce4bcad9-c55a-65e5-2326-fb956dc56b2e,44,513.7805081999159,toys,credit_card,1,2020-04-26T12:39:29.535119
665b8ee8-5ea9-410a-5082-beadb5f0d7a8,24,3080.997712554736,clothing,paypal,1,2020-08-08T20:41:50.671262
9803cb11-198a-9921-9262-6e560cc71335,22,1378.714214607849,food,credit_card,1,2020-09-08T09:18:54.964914
5dc28b0e-3758-d944-3d04-30bb4b7d21d2,47,508.60593235304526,clothing,credit_card,1,2020-06-30T12:55:34.212030
c96fd461-6a8a-d438-7944-6b0c0ddcacf9,59,3236.8211356866373,food,credit_card,1,2020-07-20T08:08:14.514323
6eabd5fe-ffb2-9c7d-7e37-99e528a6d9f4,48,495.12470916091735,electronics,paypal,1,2020-03-04T23:00:51.608953
2cf31018-e85f-5c23-eada-4abeb6b52cc1,64,80.66428690922184,clothing,debit_card,1,2020-10-26T20:32:15.465452
01b4d209-c5d9-e93a-6673-7101b497b562,23,2157.46437172632,books,credit_card,1,2020-08-05T02:35:47.150436
d55b04df-a980-4458-1755-4a635b27f497,78,4282.8008434593685,clothing,credit_card,1,2020-09-12T20:37:52.583753
15fdc08c-5567-75cc-0590-ff99553e5bcc,50,126.39339410493902,food,paypal,0,2020-11-25T03:31:58.476300
eb0467dd-d2e1-bba4-8c85-9e4451b73323,25,1523.9905285934765,electronics,bank_transfer,0,2020-09-28T01:21:05.446861
e0dcbb5a-a079-51e1-4a3a-b6f8da7bd61d,62,4632.860656073917,food,credit_card,1,2020-11-23T15:15:17.011786
e3ab02d9-7047-adb5-1f26-da50b608af86,36,2905.110285622099,clothing,credit_card,0,2020-09-10T23:27:36.652704
a4710447-f0a1-3c43-e46a-91c9a78f1722,23,2443.070793828537,clothing,debit_card,1,2020-05-07T20:34:18.339052
ef0dfbe8-177c-e929-d9ab-8e903e1c9d9b,20,2806.920355735554,electronics,credit_card,1,2020-03-03T19:33:06.582048
cb22d9cd-f76a-843b-2cdc-4185cb8c6685,32,1159.064648940182,food,credit_card,1,2020-01-30T09:04:42.035481
869b5da5-c101-717f-30f0-6cb54cdab605,60,4143.524299471935,toys,paypal,0,2020-08-09T02:07:50.941877
eec8ebed-7b44-c2f2-c4c6-248e88c4aff2,77,1588.032527337623,toys,credit_card,0,2020-07-12T15:38:09.869462
b4fa4261-8147-83c6-14de-7d1374601c0a,71,3637.157463290882,electronics,credit_card,1,2020-06-01T01:07:02.383236
07ee714b-17ba-f1d4-c789-056d4302ae8c,36,1769.0739696329463,food,debit_card,0,2020-12-19T22:24:54.901271
6f79090b-8069-56a4-f7ea-e9025f8a157d,63,639.1580890214155,electronics,bank_transfer,1,2020-12-04T13:54:13.973456
28499971-26b4-b9d2-0e4d-9e14ec2df3bc,69,1502.1831837449242,electronics,credit_card,0,2020-08-07T16:31:46.300369
b011f666-cb12-0814-4647-447f5fe61068,74,2142.676393715511,books,credit_card,0,2020-12-05T23:09:30.494761
d4b2d996-0d2b-5bb7-2210-e078d2bbb29e,80,1051.6130119122188,food,paypal,0,2020-12-17T11:22:35.477184
5914f636-dbd9-891b-6f2e-7daeef63a49e,57,3042.0167478154412,food,credit_card,1,2020-05-31T08:50:37.889712
a17330bf-e71c-271b-158b-03b36705f2c4,40,3149.0620883935335,clothing,debit_card,0,2020-12-12T23:07:00.132848
87d9707e-8ae3-d000-7ca0-51756ba089e3,47,504.0332958960199,books,credit_card,1,2020-06-03T00:33:52.407725
c0a893d2-e950-eace-a287-3f00a4e863b5,62,4979.594340007977,clothing,credit_card,1,2020-06-02T17:54:34.401462
967a9c50-435a-a629-c63e-cab619f3aa56,63,205.5990876921864,toys,credit_card,1,2020-01-15T13:04:09.451458
74f408a4-b177-18ff-62e3-09c33c8bd0d8,68,136.49128061525903,clothing,credit_card,0,2020-09-28T09:28:00.511751
0988fe01-15c1-0d74-fc68-95cd0ebca506,67,1521.1659709901096,clothing,bank_transfer,1,2020-05-13T17:58:29.855503
d58e5b4b-3f01-8016-e136-f0eb2733fb49,74,1755.027673806613,electronics,debit_card,0,2020-03-13T01:15:36.219261
08774556-14db-4828-0ce9-b94ae0256ea4,22,4335.589624707469,food,paypal,1,2020-07-04T13:40:57.716800
de895e1b-4174-c28d-9dd4-e9fee7799ddd,28,657.2362125487242,books,credit_card,1,2020-01-05T19:34:12.698178
e59f6723-51aa-41e3-b08d-281cb33a92fc,54,4218.335655803505,toys,debit_card,1,2020-04-25T04:23:18.919663
3acc07a7-815a-0e4d-de13-8437bce60886,24,1082.38129316019,electronics,credit_card,1,2020-03-26T12:32:19.710100
9b3869ae-e885-3610-eaa7-c24c48d28282,71,912.951708233745,clothing,credit_card,1,2020-06-01T08:36:52.165992
dda117d5-b661-29ab-8769-2a23f836314f,19,1438.5705071798598,clothing,debit_card,0,2020-07-15T08:06:48.226785
eb2d06cc-13e5-f27a-0d10-4ea4395c11db,64,4620.508841273822,clothing,credit_card,1,2020-03-04T19:16:02.214296
0e48f07d-7d47-6e94-9f1f-ee12b8087bf2,52,3685.9035652946563,toys,credit_card,0,2020-06-10T01:46:44.893004
1fa312dc-0752-7f8d-3e71-30b2c8806738,30,2163.5850566528798,toys,debit_card,0,2020-10-07T22:28:17.497063
7f0bd028-c39a-5e71-8a82-7a7d84f36b73,29,1461.7283929956457,food,bank_transfer,1,2020-04-27T11:16:43.056577
f0a16f86-be4c-58a5-88be-e9d13d76db37,77,3813.7875783983195,clothing,debit_card,1,2020-06-25T12:38:02.725613
230e3ff7-67ac-aa67-2da3-6d10fca74ab5,22,83.31641849355111,toys,bank_transfer,0,2020-08-09T01:50:44.443047
d4208d2d-d46d-f4e9-90c0-7a79469e62c7,51,2623.42840827404,food,credit_card,1,2020-03-18T22:18:18.630578
8b53deee-2851-2880-54f7-109cf5ea703c,56,2731.463237513172,books,credit_card,1,2020-07-06T17:36:59.894693
2a59b540-7c3a-e475-4f48-a3a2e94519c5,48,2461.8002439461347,clothing,credit_card,0,2020-10-09T06:32:14.056645
e304eca3-8c36-8af3-1921-2339f07801fd,52,1642.0869046567777,books,paypal,1,2020-11-19T17:34:03.658476
28dac235-25a0-f15b-5238-94c37313b90a,19,2658.7006639310707,clothing,credit_card,1,2020-08-29T19:12:50.077778
9e9f2b28-57e3-1d0a-eca8-047cfb64eba2,49,4861.446229995569,clothing,credit_card,0,2020-04-12T12:00:17.360859
1969425a-afd6-1d66-5955-e313301d0a7b,80,999.0975997958454,electronics,credit_card,1,2020-12-19T10:11:11.177250
f0c03b2a-ba00-559a-db35-a03ab51fcd98,36,2058.5105933160344,clothing,credit_card,1,2020-09-26T16:16:26.798303
b05b7be6-4af7-6827-7803-f73b42a51f2b,20,2401.023759890345,electronics,debit_card,0,2020-11-26T22:13:14.507243
2575b887-30de-4bfa-5873-465d544cf25f,21,1291.3146934924898,clothing,debit_card,0,2020-12-28T03:58:24.743191
f1df1891-6d12-3646-6b9a-5840a0d536fd,62,1226.088659779881,toys,debit_card,0,2020-10-18T23:44:34.147782
563c03d9-5f83-9dcd-b8f4-f08456a789ce,20,2147.966257043625,food,paypal,1,2020-02-17T03:55:17.174082
13994ac3-ac90-18e0-d4f1-59467de85771,32,3675.7122893255073,food,debit_card,1,2020-06-25T22:28:44.763503
3796c5e3-5c27-a49d-0c64-5c7c640f5358,80,3298.5283944144726,food,credit_card,0,2020-01-11T15:33:18.216232
41774ab7-f04e-4c29-d78c-aae65228f26d,39,573.3229200552034,clothing,credit_card,0,2020-08-04T22:51:34.070273
d09a1d00-19e0-80c0-955a-5995914633f8,45,2399.1455028049995,electronics,paypal,0,2020-05-01T19:47:58.007934
5624f1c8-fa63-7d26-2960-246cd9447abb,54,1123.8796238904529,books,debit_card,0,2020-11-24T04:02:21.417989
de6bdf5b-14e2-1e16-36e8-5c6f39432698,27,3701.413236062571,toys,credit_card,0,2020-02-03T09:09:20.278674
0bd34636-31a7-8849-050e-90d912780e44,64,3637.481482574426,clothing,credit_card,1,2020-02-01T09:58:40.335574
4665aecc-8048-6376-d424-55e19c9eaa46,76,405.5760658567978,food,credit_card,1,2020-05-14T11:48:56.358154
3ca0461d-1a75-61fd-ce4c-9b1805a728fe,67,646.0274398964225,electronics,credit_card,0,2020-02-17T20:15:10.583479
0fd3773a-3d91-55fc-7e3a-4bfd1b5a7c30,78,2365.9390052029034,books,credit_card,0,2020-12-18T16:31:27.880033
a858ac63-4bab-992c-a528-8d6423745e6d,49,930.3274217423021,food,credit_card,1,2020-10-28T01:20:34.862437
ae4bba3b-fda5-1595-f796-14cb673cd146,51,482.03070214801755,books,credit_card,0,2020-05-22T19:12:53.138132
ff0f2a8d-8d95-08de-b07b-02f7d036d6d2,57,4991.683083311459,electronics,paypal,0,2020-03-28T14:37:59.731993
57d842b2-19a5-dc80-7319-8522a9a31c60,52,4374.024808894843,clothing,paypal,0,2020-05-08T03:15:12.749252
0a3b70d8-4921-388d-7026-c906dd22e848,21,3299.6854017918463,clothing,bank_transfer,0,2020-11-13T12:13:20.016466
bba53283-8bd0-7cda-9673-c73d05efc19e,64,213.3872584284992,electronics,debit_card,0,2020-03-24T10:33:38.934408
99d9d536-6011-edda-c71d-136ea00836c6,44,3449.3417789435834,books,credit_card,1,2020-08-12T19:33:29.329035
acbb5f12-58bf-dcd3-2953-f03ff315e331,59,319.004297443572,clothing,credit_card,1,2020-09-08T06:15:57.247111
cbad85ed-6ab4-b729-4950-fefc4c547062,22,3419.1473493873264,food,credit_card,1,2020-02-09T07:19:04.133109
bb721e15-10b2-5bf0-aa7e-5b8b043dfde4,68,3683.203986674185,clothing,paypal,1,2020-06-07T09:13:14.993723
e14645aa-e8e9-4d2b-edac-23a6ccd0b0f0,37,26.0790234725507,clothing,credit_card,1,2020-01-09T12:41:51.082407
a5c67370-2632-ee28-a65c-761462eda51b,75,129.86546736122042,clothing,credit_card,1,2020-08-09T05:34:10.905127
66b6a952-29c3-829d-00d6-178f80240995,70,3004.8781523163807,electronics,credit_card,1,2020-03-01T19:41:48.086595
4ba7df19-e7f4-4aa6-7c8b-c8020fa63b6a,19,1746.2385866614384,electronics,bank_transfer,1,2020-09-21T00:43:01.732072
3537b448-0b95-92c8-ac16-125e63af226b,55,1506.1855363092675,books,credit_card,0,2020-08-04T07:13:11.056864
06132b99-8745-3778-b809-6d361f34270a,64,2605.2632172394756,books,debit_card,0,2020-10-04T15:24:41.342579
fdeaec74-24f8-77ef-b3cc-6baf460c586c,42,651.6265228689272,books,debit_card,0,2020-05-24T16:06:28.136446
5db9bdd6-bedc-cf08-91d7-d9f23b74e495,72,550.3638297416799,clothing,credit_card,1,2020-10-07T14:59:47.978960
1376b689-cfbe-ee1e-ac95-1ebca3758b85,40,1472.1873272290225,food,credit_card,1,2020-11-03T13:09:19.991630
ca4c878e-0a58-326f-b170-409f5129d448,76,1069.7302336222292,food,credit_card,1,2020-12-22T08:06:20.242962
b228a5fc-2d38-4199-61d7-a29dd9f98177,52,1181.289946789555,food,debit_card,1,2020-07-27T03:07:55.587945
29226bb0-4cfa-9892-c5c8-9ee2bd7adf84,30,595.5703979916311,clothing,credit_card,1,2020-10-11T16:24:05.261049
0c7c748e-e09a-362c-8a81-d09dd666e6bf,69,1331.892876566892,toys,debit_card,0,2020-08-11T23:14:51.775379
3d96667b-b240-1a2c-93ab-030f799dbb23,25,78.72022398687349,clothing,debit_card,0,2020-04-10T20:16:05.139003
6796fa8f-f1f2-9025-e005-6e4df67ab4af,56,3813.6662205632824,clothing,bank_transfer,0,2020-02-06T18:35:13.650658
8dbf8741-a4c6-6ddd-8c9c-30d849b5a658,45,4424.546186564199,books,debit_card,0,2020-06-09T06:00:42.542034
3a616f38-9efe-d250-2c61-ecc8fd64a9ce,56,1872.221357446148,books,credit_card,0,2020-06-20T23:44:17.021728
7f928d56-2c69-7ec0-a09a-5f9629fb6376,21,1344.8689440398746,food,credit_card,0,2020-10-19T07:20:55.576324
1f7585c8-13d0-058a-b081-152e1afe6b8b,73,642.817150098316,clothing,debit_card,0,2020-09-02T20:42:43.988653
4ffaf648-7c9b-7bd6-c2e0-e258565793b9,80,2818.0914468009987,electronics,bank_transfer,0,2020-11-05T09:05:05.584871
18138a91-035f-347c-002f-e2f6e45160d9,47,3624.54489881766,toys,bank_transfer,0,2020-09-27T01:37:16.103854
182224ec-b771-af0f-8dcb-300dd03fff51,31,2631.98023700799,electronics,credit_card,1,2020-12-12T10:10:32.982141
821f9034-3a55-7c5a-4900-204a0a221c66,30,479.9601699807746,clothing,debit_card,1,2020-09-13T12:47:36.780977
e35f0778-c4d7-6d68-e977-d7ac6e263d13,18,3263.0571265889057,clothing,credit_card,0,2020-11-17T00:06:17.069601
3de2d430-e7a8-4f89-b7b4-3eae0e24647c,28,1251.6327769157615,toys,debit_card,0,2020-03-09T23:30:55.139781
4d638383-72dd-df2c-6806-959939986296,22,2685.4671083584703,electronics,credit_card,0,2020-04-09T00:09:38.278288
4c38aa22-4d5e-f0af-2344-1b421d0c40a3,79,1654.6275368714316,toys,credit_card,1,2020-09-09T02:24:47.829244
39c8c1fe-fcf9-a35a-eb4d-252d3ff39994,21,332.8413206415295,clothing,credit_card,1,2020-07-31T18:47:06.485197
425bec7b-9311-7abb-9cb6-41b91282b143,32,3379.953915341947,electronics,credit_card,1,2020-02-17T13:28:22.964695
c7479526-85ac-f198-ef6f-59ab12095a94,22,503.64204435193636,books,bank_transfer,1,2020-04-24T19:31:44.914763
38e8c080-2085-9d42-5bae-300852179ce5,52,2066.8540113164067,food,credit_card,0,2020-02-22T09:44:47.714764
705f7300-4b2b-dff5-1078-ab1555738616,32,161.2238657723539,toys,debit_card,1,2020-12-03T09:27:59.804640
1edc5294-4a21-9b47-d028-141d9a7fa52c,50,1292.8061969955343,electronics,debit_card,1,2020-06-18T05:01:41.225828
43fc1287-c99c-0c0d-3ac6-82bdaa26f0e6,21,3548.812340566186,clothing,credit_card,0,2020-04-12T23:27:30.362222
77b61a97-a8f2-b717-cffd-94782e2efb59,36,2834.1260281445766,electronics,paypal,1,2020-01-17T08:27:54.124054
6e964c41-6d2c-a6d8-79b1-fa10157d02f7,50,4435.68915923741,books,credit_card,1,2020-12-30T05:34:17.372779
9f1e6e60-38d6-722f-1a37-3e31ed6f5407,55,3048.7795983089777,books,credit_card,1,2020-07-19T20:13:24.988532
fa24f470-fc55-3cca-947a-3edbb8fbb9fc,34,628.4012133084549,clothing,debit_card,0,2020-08-08T10:22:29.105889
d5dbdc99-38af-8182-7ee5-a0ccecb3cee7,63,2017.3797341708869,books,credit_card,0,2020-03-31T12:19:01.209190
ca9cf226-a4b4-770b-365c-68912c8762ea,51,2397.153945612362,food,debit_card,0,2020-07-16T23:13:19.982833
421661bd-8b12-082a-a2a0-e1b848865daa,51,3066.970377666683,toys,paypal,0,2020-02-12T02:39:25.403483
0bfe5789-b649-f14c-17b0-d49b1c486e8c,18,2730.3704781785486,electronics,paypal,1,2020-03-29T03:58:47.556357
ee014e62-b2e0-85dd-d7f4-6905eb27edaf,24,4784.022539829132,clothing,debit_card,0,2020-11-26T04:00:00.727977
5192b6c5-1376-6d0a-57b6-8efa2c3071ae,68,2374.799349354465,clothing,credit_card,0,2020-03-11T08:02:05.792069
fdb632cc-fc06-2cac-a60e-8a3691176ba4,33,2143.002780942117,food,debit_card,0,2020-10-28T14:33:42.369004
282efa99-15bd-b27d-daec-0dce17a1af49,51,4299.917155042553,clothing,paypal,1,2020-10-07T10:17:26.184759
7d9580db-9567-f352-9930-d9ac0dd7e7fd,25,3102.320553467331,clothing,credit_card,0,2020-02-21T08:31:57.118767
18f1af52-6680-65dc-12d8-51726a971959,67,3870.573069500566,food,credit_card,1,2020-05-04T05:47:13.502694
9d890e49-4074-a521-6f74-b8cb65b41116,65,3026.4549132687107,clothing,credit_card,1,2020-10-16T21:40:43.490839
e76e1cf1-2405-e4c9-9387-6d23c404c78c,33,2979.9997506996806,toys,credit_card,0,2020-11-19T08:01:21.484910
b92b9c3f-cd39-6fba-d78b-5e33ede4fcdf,50,1383.5516824629613,food,credit_card,0,2020-03-04T10:34:02.180986
d2701b5f-ed37-74ee-d982-7b856836fd4a,27,1477.0676515815687,food,paypal,0,2020-10-10T21:49:59.155360
55921444-0e93-b6fd-37a8-e1e9a71a9e31,63,619.9617821398674,books,debit_card,0,2020-08-18T15:11:24.518326
3c455a3b-6650-00b4-7d68-b860392caf39,63,3096.341320311524,books,credit_card,1,2020-05-31T20:03:27.236030
d330d0e1-a4c8-f38d-72c1-f3fd3c4b7b71,57,620.2191288068343,toys,debit_card,0,2020-01-20T20:24:29.205630
bd3ff75f-c583-2e6a-8519-3978ea62a074,75,2840.500440349162,clothing,debit_card,0,2020-04-12T02:12:40.734036
8baa1bfc-8242-5d0c-7e7e-426c3309f1c7,29,1426.1864610533967,food,debit_card,0,2020-04-16T15:15:01.915747
a0f960fc-a7a9-de72-8821-3695ed89ec2e,74,3383.956642218273,electronics,credit_card,1,2020-09-18T08:57:25.423162
0fd18a1f-4069-e785-80fb-8aeb6981a692,71,587.952066386448,electronics,paypal,0,2020-12-19T05:03:49.499352
f34c7240-0b7d-fa16-2ed4-6ff28907c090,29,2915.5129870619407,clothing,credit_card,1,2020-01-13T17:32:10.475908
113f3c8a-fa24-df56-a9a7-f559d6379865,29,3647.019205610699,food,credit_card,1,2020-01-23T02:28:53.576688
bcbbfccf-cfe9-4a8e-eaad-b64e4bded275,35,2965.795669419773,books,paypal,0,2020-01-11T00:48:31.989122
5b5e4c28-6076-1ad1-2ff9-686b05b0960f,26,3607.9522490510485,electronics,debit_card,0,2020-01-11T15:33:41.193907
f88b4b3e-6ba3-32dc-4de4-4af562e32ddb,30,3907.905743964901,electronics,credit_card,0,2020-06-13T07:52:27.616546
dd059824-b2b5-18f9-ff8d-5f7a2e541adf,60,403.38006266725915,food,debit_card,0,2020-08-15T09:10:44.329095
7a5dc544-ac0c-1820-9aac-8d1e0f8570e6,52,1668.62102499307,clothing,credit_card,0,2020-04-24T00:24:02.285055
f4a0c257-f155-1a8b-9c60-1eccb621cbf7,57,3972.9585406441433,electronics,credit_card,1,2020-06-24T02:01:41.634333
b40dd22b-aed8-8591-6860-ac8978f8a126,61,2110.595538867854,toys,credit_card,1,2020-05-07T03:29:26.127771
6304a9d9-98e9-b76d-9d33-85ce8cf2703e,21,2267.141080883951,clothing,credit_card,0,2020-11-26T15:07:06.724609
17c3ccf7-6e5d-63a8-6860-27c1a4138eba,36,1959.8368189518108,books,credit_card,0,2020-05-07T15:04:02.017306
5fd8bc86-a55c-0a9b-91c9-5949fe8dc716,55,345.99810908002064,food,credit_card,1,2020-04-24T15:41:29.096930
8ae60230-a6a2-138b-015b-e31410d3831d,48,4497.370448629569,food,credit_card,0,2020-06-28T03:46:09.487796
1a60ea26-68fd-2147-d667-523ce0ae4ee7,66,2429.2738836061117,electronics,credit_card,1,2020-06-26T10:11:15.807396
e2128fc6-12cc-eae0-6598-a649f28d9191,22,2047.5548921592324,clothing,debit_card,0,2020-01-06T22:40:36.506045
afa76262-2899-997a-5c93-29cb5719334c,58,131.03221541628747,books,debit_card,1,2020-08-31T06:44:55.311536
9f6d0b01-42c6-60d3-800c-46d3754ef85e,33,4486.826383903775,toys,credit_card,1,2020-08-17T18:15:32.316129
d9ff6752-6775-07d3-7b6d-b15ace52e2c4,54,2957.4197527944484,clothing,paypal,0,2020-04-19T19:11:44.640873
302ff1df-0c62-6f30-aeaf-556a45f2520b,75,655.9083156263204,electronics,credit_card,1,2020-01-25T09:57:47.606205
681a99e8-0e5f-b1b5-be03-d0d663eb2524,58,2052.115581795636,electronics,credit_card,1,2020-12-25T08:57:13.550041
c60a2e5c-0077-fc83-0729-3cb6647a5065,48,785.8105917465851,electronics,paypal,1,2020-01-05T19:54:27.433275
5e2819e7-d223-6666-e59a-ee57147e7c2c,35,2966.319760613206,food,credit_card,1,2020-02-29T15:42:37.325217
970ac355-6b27-332e-79a6-03eae240b674,73,2803.1435257208864,books,debit_card,1,2020-06-11T04:25:50.896220
229c3470-d58b-dd53-b083-b6dc1478dd01,22,3565.4078059734206,clothing,paypal,0,2020-10-10T17:11:46.783395
5673ec8e-e5b2-9007-e441-d5c82ed6a193,76,2127.9360437433497,food,bank_transfer,0,2020-10-24T12:45:13.974583
c0e1bb1f-7646-a558-1a7a-87f47733de1c,28,4994.186189169351,books,debit_card,0,2020-11-20T23:24:36.759984
bc4c4648-4553-efe3-bd2e-7d29409caf9c,79,4531.759735217704,clothing,bank_transfer,1,2020-05-23T20:05:14.075772
fb9963cb-d045-12aa-7c62-dcc8601c54dc,42,2543.586139499425,food,bank_transfer,1,2020-01-31T19:20:23.389633
0d769d86-8821-eee8-491c-5bf044d225be,18,3525.6442136066853,electronics,credit_card,0,2020-05-08T01:15:24.361957
4dfc1ba3-2699-ae4d-3113-f9b0a9b52750,30,2053.458953783572,books,bank_transfer,1,2020-05-11T01:40:49.895255
17ba1b2d-a93b-88bf-60d6-85952d1f4c4a,48,361.72760603977486,food,debit_card,0,2020-05-26T21:44:33.934658
a2d6ea07-48bb-a60a-84db-ef5de3845660,75,755.7558861410503,clothing,debit_card,1,2020-04-25T22:07:53.604886
05db2cce-448e-9701-3184-461466f68204,73,2511.1320311105947,books,debit_card,0,2020-11-30T00:37:03.186566
5cd1fd37-e71a-64c5-da67-b8d36b6db1b5,62,2844.53417560688,clothing,debit_card,0,2020-01-21T02:06:20.603429
8900a37b-31d5-6d14-7457-e3eeb0cd21da,57,1102.578652057163,books,credit_card,0,2020-12-20T11:35:34.893062
2b76955b-8631-84c6-d3b2-d37470544df6,43,2622.010894759078,electronics,debit_card,0,2020-07-24T00:47:38.388957
edb80e40-dd70-d871-3868-962eb84620c1,77,2320.6648679758414,electronics,credit_card,1,2020-07-30T18:45:02.335484
1a50fd3c-6f69-aa8a-90e4-617e2bfc159b,66,3241.6187327434773,electronics,credit_card,0,2020-07-01T18:21:18.971738
b5c35f2b-703b-f1d4-fb09-00a104b9b0af,39,4983.5947767757325,clothing,debit_card,1,2020-11-27T21:47:54.970538
7371a5eb-839b-a195-bbd3-b70d4a813cc5,29,1755.2363771693358,electronics,credit_card,0,2020-02-04T17:06:37.207716
451a784f-2df9-d26e-26eb-654342d09386,38,4363.780780019216,food,debit_card,0,2020-08-01T05:24:53.804831
c0978afd-4eb3-e13b-7006-8679b06e3da2,60,1984.9010996660177,electronics,credit_card,0,2020-10-15T13:10:22.600910
5560d55c-544f-b785-69cb-0e795a2d5c8a,25,2772.7922001064367,clothing,credit_card,1,2020-11-05T19:51:54.352172
cb22bb3b-aa5a-1021-1de1-0d89b8c7cab0,77,1085.2217391771208,electronics,debit_card,0,2020-11-08T01:05:51.827888
a859c61e-6d2e-a288-43a7-f40464659d0a,36,943.5525157034316,electronics,credit_card,0,2020-10-29T13:56:03.333059
18603dc2-d771-42ba-a680-0f534e72ea53,53,4780.089758295602,books,paypal,1,2020-01-31T19:36:04.184045
d918d3ee-a57e-d580-7810-a16c8a370a94,62,787.4074723998114,toys,credit_card,0,2020-11-05T07:44:10.691606
e5c9267f-a956-20b1-c561-159d7a352802,41,175.48614525463276,toys,debit_card,0,2020-03-04T22:31:33.695169
49b34587-6fc0-3ffb-b81d-2c1bab6031e3,42,55.4061367367415,clothing,credit_card,1,2020-07-26T19:20:14.091875
b34ca5d0-741c-e964-ab23-ff43680c911b,44,4215.612102466479,food,paypal,0,2020-07-16T04:51:57.676090
2971809b-7799-ef99-0ec9-7c5705d6686a,34,4536.308148166017,electronics,credit_card,0,2020-06-25T07:44:46.601161
08c6fdb6-48dc-f047-6f9d-9e5b14099823,41,3955.6219450812982,food,credit_card,1,2020-06-13T10:48:53.441934
eed8bf92-76f2-c663-ab05-945462d15bbf,21,755.0963006246259,food,credit_card,0,2020-05-22T19:53:42.166369
be7d6465-fa94-1aa6-d37c-2ad8d28c6fb6,52,1635.4576625023137,books,paypal,0,2020-07-03T03:12:30.861014
bff83a46-0b3b-b005-39b3-ca5f6e461dc7,78,3067.20943425802,electronics,debit_card,0,2020-11-14T11:25:01.244111
98fb27fd-2cd4-2a02-ded2-9e0fe4712538,35,231.93087401748818,clothing,debit_card,1,2020-06-10T12:03:46.412126
34ff18b8-a50e-423e-373e-de372a904f15,38,1857.6866701622487,food,paypal,0,2020-09-18T11:33:02.591354
ac159b08-e7b4-2b09-075c-7f78cacb5475,18,1937.4775760464386,toys,debit_card,1,2020-12-24T22:20:04.800916
bd615e4c-62ed-e199-34fe-c3effdc41f15,37,1315.9067843247728,clothing,credit_card,0,2020-03-06T11:49:03.112401
d82c39cb-042c-ab46-8065-711090706428,61,37.02197206800902,clothing,credit_card,1,2020-03-04T23:40:14.008722
d6cfa17e-d6d9-4041-e00e-26ba90e3eee9,18,4269.337945365261,food,credit_card,0,2020-11-29T04:28:07.294960
52b07544-73fa-9c8c-b582-4b142cf4ce8f,75,3902.580395097277,food,credit_card,1,2020-06-21T05:42:17.016615
ca38f155-889b-843d-def2-4d6232eee601,39,1809.3921331258882,electronics,credit_card,0,2020-05-07T13:19:25.634592
b88bbd51-013e-2ee6-dee8-e1ab1ecf7b26,72,3283.5865935871966,books,credit_card,0,2020-02-05T13:38:19.474350
936f579f-9956-07f8-476f-d070172c2bb5,25,3774.981340472455,books,credit_card,1,2020-07-05T08:31:51.299648
7b1afa06-ef32-d53d-1ac9-06e1ee9cdcdc,77,2355.5919312527894,electronics,debit_card,1,2020-10-09T18:04:32.854364
4a664fb9-2f25-c749-c033-da034827cca8,64,3446.4616171239772,food,debit_card,1,2020-10-16T23:12:19.752177
24316d56-bb33-9281-1b4b-514c8c038f11,43,2700.6995342478713,toys,debit_card,1,2020-02-09T01:09:44.867349
27ab6e36-3197-422e-79f8-a8f7010ec71c,73,2442.048758181491,food,debit_card,0,2020-03-12T07:31:21.501994
635f7f95-c343-1825-7904-f105975e2abd,33,3728.6358549462193,food,bank_transfer,1,2020-05-09T14:32:11.538330
b2901710-a04b-5b3e-556f-2720b1609a01,75,1903.9326370098024,food,credit_card,1,2020-11-20T17:53:27.097211
81fd5959-bbcf-0552-314e-43232690f9bf,58,4459.528951747176,clothing,credit_card,0,2020-09-06T05:50:59.046335
87365664-8b39-f776-16ac-88e925a8c78d,59,2732.478288242706,clothing,credit_card,0,2020-09-16T17:28:26.543418
ff8eacc2-2860-3d98-7a42-24845f39eb8a,42,2748.894129551891,clothing,credit_card,1,2020-08-06T23:11:48.849904
4ce412f2-0957-8f4a-e8d0-1448fbab5b89,51,2249.900892043657,clothing,debit_card,1,2020-04-06T15:34:31.896095
fab45a2e-7f4e-124c-a96d-b0402bfc1c22,18,3302.2798437202136,toys,credit_card,0,2020-04-30T14:57:45.921621
3ce37d3a-1ab7-c010-4025-95b82e137991,55,2103.002610695704,clothing,debit_card,0,2020-12-19T06:32:52.459287
f9658f14-d889-2c6e-e09a-6233298da74f,30,3754.0938866344404,books,credit_card,1,2020-12-07T20:23:55.408632
e7664593-bbce-196e-1809-dbec6edc0054,55,3596.3131614725203,clothing,paypal,1,2020-05-06T17:56:10.350509
a0ab6d4c-154b-c336-fa8c-62088c6c9263,53,1010.8178502812544,electronics,credit_card,1,2020-10-03T17:12:34.030873
9558dff6-42ee-9c72-adbf-d0462c707354,31,2363.3047615063792,electronics,credit_card,0,2020-02-21T17:49:50.304091
ce9cf9f5-2071-b5c1-44a2-ec193ac94d8a,22,852.9581181381293,food,credit_card,0,2020-03-14T02:14:05.907592
fe6c8bd6-7af2-2037-cca2-f45985ecf966,75,3986.1847923558894,food,credit_card,0,2020-10-23T16:58:25.588848
706d2d6a-a341-f4a2-c52c-1e85fccc6c39,68,1147.4289633268354,clothing,debit_card,0,2020-10-19T04:54:46.336446
b6ee8a67-c873-5fad-9ce1-564a66b218a3,71,1861.661696363802,food,debit_card,1,2020-04-12T19:46:55.631201
fc41b8ee-f026-7ad0-6615-1ca91b10f932,70,4943.924943257481,books,credit_card,0,2020-01-09T00:36:14.058932
3501bb8b-be81-04af-694c-e04429da64c0,33,2620.417586592419,clothing,credit_card,0,2020-06-09T23:11:45.294609
3265044f-ffce-d231-fadf-73e0f9fae72c,39,2101.1454275572437,toys,credit_card,0,2020-04-26T11:04:06.647977
56aae35a-2e84-ca33-de32-79f2695dfc50,21,2171.1036189883826,books,debit_card,0,2020-09-28T04:12:33.331558
353e66f2-bcae-2dc7-c972-6fd8e4dbb14b,37,3697.1289522520146,clothing,credit_card,1,2020-08-05T11:44:54.103183
2ca7cc64-9929-dc3c-c7c9-b74d24b3a387,71,966.1035994762163,books,credit_card,1,2020-01-07T11:47:10.696261
addf8fe3-d16e-bc89-21d2-0f8770f4fbb7,30,4331.17011282905,food,credit_card,1,2020-03-23T16:15:51.085994
684bed45-5b78-d246-c3b2-ca7697646b73,39,306.16946694733525,electronics,debit_card,1,2020-10-23T15:16:51.297009
4a099668-3642-409c-0b6e-97ca1716e4bc,70,1255.7237993011854,food,credit_card,1,2020-03-23T18:12:59.315962
4cb22e5f-8aef-7392-e75f-8047d15473bf,71,1853.380529030709,food,credit_card,1,2020-04-03T08:03:50.952683
e1894b71-a676-9cb3-1dfe-43a4e99c0cf0,31,4271.251197305614,clothing,credit_card,0,2020-03-27T16:28:46.392493
7fd1b59d-cef3-ab97-664d-18457d02bdec,31,4888.246327405039,electronics,credit_card,1,2020-11-01T14:56:24.141017
235070d5-2f81-cd00-759c-dd29da7c6152,22,1367.9393158674766,food,credit_card,1,2020-01-25T03:27:02.929571
6daf51bd-e12b-e9bf-265b-1b0231540bdc,65,762.2332970423585,toys,debit_card,1,2020-03-23T13:26:28.009490
3250c59b-956b-a543-d9b3-efd30a236c1c,36,1113.7123079271462,clothing,paypal,0,2020-05-15T21:04:43.988378
66fcb782-e5b2-49fe-a34b-bf6a8ec94550,44,2737.9166003614664,toys,credit_card,1,2020-08-18T18:07:51.274281
c556e563-fc2d-3c5f-463b-4f2d57feae46,74,1491.6828935502285,electronics,credit_card,0,2020-02-02T16:27:48.070788
dd513296-975d-e153-91c8-40be9e95ac0d,79,391.6174325541889,books,credit_card,1,2020-01-21T06:54:01.009513
b3d244fe-32bc-c0ec-f8d4-faf0c25b18a7,52,895.0755190368105,clothing,paypal,0,2020-01-27T07:03:51.904330
5f954f2d-a9b6-205e-65fd-d26d5172080c,69,4604.328249779121,clothing,credit_card,0,2020-03-03T21:26:03.127138
02474d64-0d5b-9903-febf-a9b164319b6a,62,2541.1006903046477,electronics,paypal,0,2020-01-12T16:52:36.882847
cb51d05c-8704-8908-989b-c6e5b61d4d38,77,2615.0149990519703,electronics,credit_card,1,2020-10-10T06:41:11.050400
2e1c7598-f9e7-a14c-de67-110a23a090ed,73,1289.3817598648734,toys,credit_card,1,2020-01-02T11:01:03.095719
1cdb580e-e08e-9c2d-bbf7-a125c42d0f51,49,2670.940873001409,clothing,debit_card,1,2020-12-12T04:12:17.258206
e09986a9-5be3-1b74-5c67-f6c03eb8b1bf,49,4329.648522233583,books,credit_card,0,2020-06-04T03:43:57.136670
5579639c-8023-4200-b9e5-00a5b16e9fcb,23,3416.653148643282,toys,credit_card,1,2020-03-13T04:47:36.243722
bc4ebe37-e19b-efd4-55c9-a294b8408a7c,42,742.4381179292003,clothing,credit_card,0,2020-10-14T10:46:25.232746
d26173da-f4f9-7712-0688-294b2d1ce0d2,32,4710.243476982174,toys,paypal,0,2020-07-04T22:33:30.204981
3fc62aa4-3faa-d0c2-d154-22551acb767c,48,1782.070053313283,toys,paypal,0,2020-11-21T05:05:44.448604
a5fd30ce-b5f3-962f-88d2-cd0f26371aee,56,4823.330269874602,clothing,debit_card,1,2020-03-25T21:16:22.906251
eeadcdb3-384d-2a0a-61e2-dcea8f1e47bb,75,3955.922242982296,books,credit_card,0,2020-12-18T17:10:25.885489
0600508d-b7f9-9253-b441-d9733d74596b,71,2312.199822978218,toys,debit_card,1,2020-09-20T16:25:43.525264
8dff837a-a095-5538-17e6-5d59892e2547,25,4969.794810911298,electronics,bank_transfer,1,2020-12-14T14:33:23.876142
f74103ea-2894-a22a-b0a2-18e75f9f3694,39,4065.323951216806,electronics,credit_card,1,2020-05-06T16:40:27.683869
48e686a6-d235-e867-a1c3-c558bb7a2177,35,2069.0529885252276,electronics,credit_card,1,2020-04-27T06:23:07.077233
a6f3131f-e08b-87da-ed4a-3b246e7f38d2,51,966.086877727903,food,credit_card,0,2020-10-14T04:19:02.074743
fa8cec94-fed4-18b1-fd64-afb299745267,68,2288.168484908502,clothing,paypal,0,2020-01-02T13:46:52.256286
38ee4c32-d5e9-dfe8-02f0-42e5fbc34680,60,3527.295996226616,toys,credit_card,1,2020-12-26T03:51:00.348209
26a6110a-1a36-24be-fff6-b8b281606305,72,3964.5563200143674,toys,debit_card,1,2020-11-17T04:26:55.510726
21c095f7-d462-b160-c269-552cf23628df,33,4698.207278263409,electronics,credit_card,1,2020-12-04T14:46:35.313487
8067fe84-649b-bc62-eee4-4d5e74c4275e,76,2514.5481403242075,toys,paypal,1,2020-11-18T02:44:18.730471
131baec6-43ec-2c69-c5a5-60b18af8c92b,34,2622.7975817179235,food,debit_card,0,2020-12-14T17:29:43.347054
0aa3a9ca-bf65-e54d-7fe9-c13d16f82dbc,53,38.902797395599805,clothing,paypal,0,2020-09-17T17:43:18.168786
f7818f27-26da-65a8-ca03-bb068bcf7093,71,864.6806331686175,clothing,debit_card,1,2020-10-10T15:58:55.742974
85f7caad-7107-4c74-9065-67fe185a0930,19,1656.5493954726287,electronics,debit_card,1,2020-09-25T11:00:20.608231
19b18c6a-3f18-6058-8917-9296e0dfa87b,48,1145.3143936922827,toys,debit_card,1,2020-12-11T09:25:43.278879
150098f2-4782-33a0-4209-59c404b8771c,74,456.5294749135831,food,debit_card,1,2020-12-16T10:34:07.792711
8b68c7eb-d8d5-e6d5-262f-b520670becbf,62,4305.448668703686,toys,debit_card,1,2020-09-27T20:01:21.692171
7883e942-11c1-14e4-634c-677a709ae70f,56,2324.2025818710276,electronics,credit_card,0,2020-03-03T21:40:26.673190
e1e465a4-c424-06dd-5557-a88e9c2dff77,19,3717.9099081955846,books,credit_card,0,2020-05-18T06:13:28.027956
e9efd912-43cb-1188-9220-8106a827a054,38,943.7911397363317,electronics,credit_card,1,2020-09-29T18:41:47.678814
2ed5c26f-6761-51da-f541-b33b53eb73c2,55,602.0435630434782,food,credit_card,1,2020-05-18T18:22:13.336329
ec357290-557c-2e17-bb02-1b71f6a33f96,76,1977.3501443470445,toys,paypal,1,2020-12-11T18:35:13.880417
17af27ca-1aac-1c15-d020-f3ff9ad7cd23,60,2336.0105714743227,clothing,credit_card,0,2020-02-11T10:51:29.648897
27cc771e-adff-76a1-f25d-dbff480b1bf0,18,1785.4837969115079,food,debit_card,1,2020-06-19T18:05:36.833780
9fc66b9c-2784-410d-b822-e409e70107ad,31,3384.9927720560813,food,debit_card,1,2020-02-06T20:35:49.730015
0d181c1a-ffdf-6146-5824-7313f5ff55eb,57,3942.5296421712383,books,credit_card,0,2020-10-24T12:07:51.544488
4e625a31-983d-3605-c334-f75d630b2c46,59,4647.486103712846,clothing,credit_card,1,2020-09-22T18:55:46.030452
c1f5e382-9fec-5e3a-c24a-59854d32dcc7,33,618.4055396528402,electronics,debit_card,0,2020-05-03T04:15:40.004191
4eb03ec3-b8e4-64f0-e41a-29648ee3021b,50,3199.688754700185,books,debit_card,1,2020-08-24T21:43:27.179517
f4267400-0b97-8a10-f603-cce2f404f584,21,2107.3165364628417,electronics,credit_card,1,2020-08-06T05:02:24.312644
93ab9f1e-8997-47c6-37a3-2bcb6139594f,52,971.375068374319,toys,debit_card,1,2020-03-15T04:44:02.835157
4ce53516-7fe4-d6dd-e31c-3b38d75ae3b8,43,1362.6586660736345,food,paypal,0,2020-05-09T04:20:11.144324
c9c63ccf-6b67-0e3a-391f-34ced0a58b8c,64,811.2115455312684,electronics,debit_card,0,2020-05-16T12:31:53.013377
d78bb247-81a3-aeba-5ee9-1ae9f6f280bc,80,3523.6540276249298,toys,credit_card,0,2020-06-12T15:08:37.522693
e89e14c7-0fce-b872-34cf-41eaf2b9d8ee,20,4186.164181009352,clothing,credit_card,0,2020-10-04T00:13:24.856777
4a4cee49-55bb-d3cf-10f7-5fc4698cddc2,28,4953.673673599839,toys,credit_card,0,2020-05-19T19:03:21.378680
10eabdcb-781d-19e6-d213-5375c334215e,64,4042.467730591015,books,credit_card,0,2020-05-31T17:56:04.493816
dc06a2aa-ab06-ecb9-2b60-3db32e60bddd,39,814.0579876018626,food,debit_card,0,2020-08-24T21:15:01.575292
5b627c41-d699-8116-266f-a3e781036dca,28,1689.8805435308677,toys,credit_card,0,2020-05-23T09:56:52.822915
f6bd2d74-6f8d-c0c9-e295-56d6601bf5d2,62,3353.0224029442707,food,credit_card,1,2020-06-16T17:11:01.975476
4db22f5e-802c-f640-1fd3-fbbad0e39ec2,71,4068.462470216766,food,credit_card,0,2020-05-02T18:55:12.683602
5130b49c-ee50-4e74-49c2-9beb7f215eb9,28,4456.025017145206,books,credit_card,0,2020-02-29T20:19:44.232483
68cb6d60-f8be-54c7-60d9-febc44168b6a,55,4449.325471969581,clothing,debit_card,1,2020-08-06T13:25:45.170905
fb35bae3-b641-419d-10ae-6e84017a1e8e,41,1559.975559091775,clothing,credit_card,1,2020-08-25T11:31:14.692842
2446d78e-311f-84e9-4b7a-7144a0fb7f8b,52,1085.3734899396059,clothing,bank_transfer,1,2020-10-08T00:40:42.677431
1ca75851-c836-155e-d994-4c1ba6680e9d,26,4391.826860319836,clothing,credit_card,0,2020-10-15T15:53:57.378508
39f1b6ff-5a45-fae3-2df5-c3c828736701,36,3354.182233454129,electronics,credit_card,0,2020-06-04T13:20:32.299988
a0edc914-0db2-bd9b-2549-72756d6928b8,41,4090.287131433713,electronics,credit_card,0,2020-05-03T17:53:03.818500
67f99f9f-33d0-44e8-e3d9-bb6dc0283ece,24,4491.454718927925,books,debit_card,1,2020-04-15T11:51:09.964841
c5fd1b88-5ff1-00b6-6945-20bd834e19d0,39,3032.6658622087743,food,debit_card,1,2020-09-18T08:59:20.489198
3119790e-4d3a-35e0-3e2b-02663c25113f,63,3502.515285549883,toys,paypal,1,2020-04-22T20:08:08.120343
04cc5158-c1c7-615b-276c-95bfa26d7521,61,2333.594207132954,books,credit_card,0,2020-12-19T15:52:38.648025
2740dc1c-6afd-822b-e632-335f4f3294b3,55,2305.767433142595,food,credit_card,0,2020-05-27T14:14:41.406989
eeef07aa-99fa-2b83-9a6c-cdee7d3ea383,31,2081.089764491919,books,credit_card,1,2020-08-27T20:52:44.446074
c5ce86c9-93d1-623b-c41b-886ee636c6d4,49,1805.63376916012,books,debit_card,0,2020-03-03T03:02:46.015703
b1b7fdc9-45a3-ab8f-3c94-d9dcfc39665c,37,2879.873343637392,books,paypal,1,2020-06-04T10:49:10.676473
92a04cbc-35a8-1929-ba1d-2102c2beb0fc,22,3261.907585128306,electronics,credit_card,1,2020-02-06T00:36:37.605180
58357b5d-a38a-848b-8ef8-1a06ad9521cb,52,1895.2370809153144,clothing,debit_card,1,2020-02-04T15:00:15.405324
ebdd0d42-d993-547f-124d-a92927ac9ad9,66,3728.1986263467234,food,debit_card,1,2020-05-14T03:34:23.406188
c8140ba8-859a-0ab3-703c-a1ec11e1a845,18,961.9179081335271,books,credit_card,1,2020-02-16T05:35:26.469894
f6e62e75-7ee5-15be-8dea-e8b92b8145ea,45,718.6621471958309,food,debit_card,1,2020-05-25T01:59:45.272586
e7acb987-7a16-cd02-3c99-a2e7cd04905c,63,3128.5429332967506,food,paypal,0,2020-08-22T10:33:23.909128
8c9c867e-e67f-5227-6bcf-6a8262b86497,78,3453.0821210848385,food,paypal,0,2020-05-25T16:21:27.774588
5462cc85-64e5-0c91-05c2-e95be1844ac5,33,1694.754924507304,toys,debit_card,0,2020-08-14T15:02:58.172434
3086aa62-b81b-5cad-bd69-873f28c1558e,53,1453.0127865752597,toys,credit_card,1,2020-01-16T01:29:58.698868
cf9bb1f4-7afe-f7d2-b997-3817407b24b1,32,714.9115954649316,food,credit_card,0,2020-08-28T18:31:40.508379
2841029d-4049-de38-b021-419ba0828a11,18,2291.8520106985275,clothing,credit_card,0,2020-07-14T05:42:17.159956
5d108096-fd28-de60-2f5f-c4f78dcedaee,38,3570.6969615428857,toys,paypal,1,2020-10-05T20:23:39.147179
dbba5933-b9fd-5011-3c4e-ac017957e08b,39,1481.2161512765135,clothing,debit_card,1,2020-01-28T21:27:20.554685
57480025-7e4f-b7a1-5909-bf0edee1168b,39,3761.320682127907,clothing,credit_card,0,2020-05-28T08:41:43.083026
b614f260-7be8-e4dd-31d4-6429e2738c87,34,3553.1581170144505,books,credit_card,0,2020-04-29T08:35:18.908194
238ce2d9-ecb1-3873-290a-6684ccbc0090,66,4135.132791175285,food,debit_card,1,2020-12-06T03:44:44.107345
facd0f86-48bc-68c4-22ae-2d28828bf460,31,2728.472682034451,books,credit_card,1,2020-11-09T09:54:18.137862
62049a10-1b82-f648-5d18-8341032d713c,77,14.99482287732365,electronics,paypal,0,2020-02-17T21:46:53.179562
197ab747-7f2c-2627-9d37-48ac5ccf83a6,73,1819.2369138120814,food,paypal,1,2020-07-12T21:37:18.515602
7ef2182f-2947-acba-a0bb-2399b0159f24,71,3325.1813947569617,clothing,debit_card,1,2020-09-06T21:32:50.823009
2bd9dfbe-b5d9-6405-5786-49543f80c2db,28,1305.0930933553195,books,debit_card,1,2020-10-28T00:10:10.403146
8d65a37f-5449-3e76-4d52-e280ca5f82fc,40,3627.87537417398,books,debit_card,0,2020-03-24T02:05:11.648386
b12bc543-a46f-72c0-ce46-603479b95b8e,37,3056.4378176948117,food,credit_card,0,2020-12-25T16:39:32.480737
50724501-694c-f360-6ad3-59fd7787c9df,57,4291.008502344895,books,paypal,1,2020-05-29T00:28:44.951592
4dcf7c70-c58d-82e2-5f30-e5a3f2929186,59,2901.653829970412,electronics,credit_card,0,2020-12-06T14:32:17.810388
e898cb6f-975d-30b2-4167-4bfe491926f0,66,420.1572181171896,electronics,credit_card,1,2020-04-05T20:35:25.367845
dbcdfa50-bc0a-6ec3-9829-9449d2d6b547,24,1573.1989758616508,books,paypal,1,2020-02-20T19:43:53.421876
eab4802b-b28f-9673-da64-9850a205d99d,36,540.8478802505495,clothing,credit_card,0,2020-09-02T04:56:58.511439
b8366e46-9e49-49dc-f921-9e18de4ad320,40,4717.401977087565,toys,debit_card,1,2020-06-26T20:41:58.561759
56c9277c-33fe-ebba-0113-8ae20471800e,37,4441.587258498769,toys,credit_card,1,2020-01-29T21:31:05.311086
408bbb51-bfc2-ed88-19f3-99e0c01fac5b,51,1054.7834497261056,food,credit_card,0,2020-07-21T18:25:25.899714
5fb78165-5389-9cf8-1fe5-5148c61ea918,69,1517.761637905554,electronics,credit_card,1,2020-11-23T01:30:40.345551
a342309a-c522-de7c-6d61-4fe1e58949c6,72,4014.920755516792,clothing,credit_card,0,2020-10-07T04:30:55.773154
58e91103-81dc-2bb9-b6ef-823850c25575,37,223.66621185259305,clothing,debit_card,1,2020-04-15T18:43:46.776869
393cc5c7-1c9e-4462-f6c9-e7c0cbae327c,67,538.6523660165234,toys,debit_card,1,2020-01-03T19:55:01.275692
e5c6135b-6c60-f5f7-2748-ed9fa1de6aeb,75,2493.990567529598,toys,credit_card,1,2020-10-16T17:45:10.747811
1209bb9e-a613-eb58-9dc7-b06c63123b53,53,4100.814696009606,toys,debit_card,1,2020-03-26T15:35:04.128996
5daa5398-97d9-1fa9-fcb3-a3432569ffe8,53,230.7640583277377,toys,paypal,1,2020-08-24T09:26:40.818975
dfe09a81-ba36-b94e-bfdc-0f80c1b3c03b,48,2290.9710790256822,food,debit_card,0,2020-11-02T19:41:10.312359
c36fc8ef-8f64-0120-ca5e-1e0a52761a76,75,371.08689048661665,electronics,bank_transfer,1,2020-07-24T04:51:41.680278
b0ac2be6-946a-de8d-6277-68ff85c3c67b,18,4951.8670598789495,electronics,debit_card,1,2020-05-30T23:14:59.238733
2a8f04c5-f7d9-7e81-1c11-978cf1c70edb,49,281.35382664811345,electronics,paypal,0,2020-01-27T10:32:27.167284
8451b940-c25f-1aad-5c8d-b854a0fa3b58,66,4597.695094431562,food,credit_card,0,2020-01-13T02:23:49.039258
90a25383-06c9-c19d-e6be-0d94cf52625a,71,1710.4041902804079,clothing,credit_card,0,2020-07-10T17:10:51.020093
139d9c23-dd68-bf54-d929-7c606532ea9a,66,4088.7316280758027,clothing,credit_card,0,2020-02-07T02:41:32.352441
82196a52-a045-34b3-4d17-3bb53bc77329,18,2929.7381965878335,food,credit_card,1,2020-11-05T08:34:52.198100
a9d35653-a3c3-4b82-b49a-435cde325963,77,3390.6282847576176,electronics,paypal,0,2020-12-15T16:00:49.627109
95a561cb-23f3-0c31-ab71-c4a19d552c83,66,2579.1743373127215,electronics,credit_card,1,2020-04-23T18:10:38.250892
d19c8c97-72fb-0349-e2ee-bb13da37b73b,67,705.7522610426666,electronics,debit_card,1,2020-07-09T02:49:56.661870
7ff3e440-2321-9579-262b-6a71a05b661f,21,3075.958645558504,clothing,credit_card,0,2020-10-30T08:23:32.674321
f7d25469-503f-1cec-95a6-fd31d6cdd67c,64,606.5130605646013,toys,debit_card,0,2020-03-18T13:53:21.688337
a4675026-9ce8-62b1-2c74-1be2ea7af8c5,61,3203.1083485170766,clothing,credit_card,1,2020-01-17T11:05:05.415179
92020792-9c3f-46ae-743f-8d8bda616409,65,1402.1854361837377,electronics,credit_card,1,2020-09-18T06:40:54.827789
9ff05446-d387-bfb7-184c-2f5cc72ddaa0,30,3644.60844478681,electronics,credit_card,0,2020-06-09T08:34:29.183235
a7fb88ad-d22d-9fea-bfce-8924e5d98182,20,2316.617489431483,electronics,debit_card,0,2020-12-08T12:05:08.955833
bea90cf4-385d-6f1e-0f6c-724845d74f20,54,2572.291081353807,books,credit_card,0,2020-10-31T22:06:21.166249
d8ff9bbd-dec4-9c34-0bda-25820e5e9d27,54,530.7161072140842,electronics,debit_card,1,2020-11-07T05:07:20.877975
ef03b816-0634-10d4-0eef-4e714b7d32be,39,3882.508784748295,clothing,credit_card,0,2020-11-23T20:09:16.380805
79079149-d6c7-8e59-ec35-1256bf0d3b0e,75,3042.7290191272414,electronics,credit_card,0,2020-07-13T17:00:27.367603
93fa4ede-bcdd-3bc7-c75e-aa1c16d52ff3,78,1243.61965273635,food,debit_card,0,2020-11-18T03:10:41.364895
285fce26-a883-47d8-bc4d-ed973b25f0e5,43,1199.800636216012,food,bank_transfer,0,2020-10-25T02:32:32.908256
71473659-c3ec-db46-4460-7b88cdbb0e8c,28,246.06656371312022,clothing,credit_card,1,2020-05-28T21:54:25.804836
da9742e8-c026-56bc-e5ef-f82205f72a37,28,2601.321351320141,electronics,credit_card,0,2020-10-16T11:26:55.418087
29485b50-1f92-3371-1c73-a25fa7bace95,53,540.5589367545806,books,credit_card,0,2020-02-20T03:54:34.525691
362fabc4-91cf-d33e-a49f-a00fd92a0a47,76,4720.531446294869,books,credit_card,0,2020-07-31T05:47:11.210135
43cfa814-9dd3-d6c5-40f6-4a92be2fd6cd,25,4552.380968229047,electronics,credit_card,0,2020-11-07T05:37:19.415552
b284cefb-97b3-b7e0-cc07-4437c824a005,61,1590.3272333217083,electronics,debit_card,0,2020-03-19T10:14:58.094530
22f1516f-724b-ee21-7bfa-e33eb9ace662,22,1894.860223206834,books,paypal,1,2020-04-20T13:49:16.413041
45dff240-ce14-d71f-7ec4-7adbe103540c,45,70.07482830828837,books,debit_card,0,2020-05-01T12:43:54.720882
09a4f743-060e-c394-0cf4-3534bcf722c8,42,3903.070451413736,electronics,paypal,0,2020-09-03T20:51:34.701732
148f422b-3e9d-97e2-d86a-fe89dace2f31,19,1151.3036461395448,clothing,credit_card,0,2020-08-25T16:45:04.444285
aa371c47-b8b1-b642-671c-f734880fff2f,78,4963.39413912578,books,credit_card,0,2020-05-28T18:15:37.949776
fef45295-260e-805c-d8aa-743cea58cca2,19,1646.9472698926772,electronics,debit_card,1,2020-02-09T22:57:58.918644
37bb9b82-b6a3-e3aa-f809-bc7cab366953,45,991.0075243649698,clothing,bank_transfer,0,2020-07-06T01:47:36.602493
076e679f-3157-d21f-a1f7-53d7ba70ebbf,80,321.17126179818905,food,credit_card,1,2020-04-13T11:21:41.846802
9d060b73-5cd4-d7fb-b283-8c7a8eb70497,71,1644.034193236239,books,debit_card,1,2020-11-02T11:42:56.762661
090c6131-7ef3-4686-3a62-703f943b4cc1,57,3273.000401134765,electronics,credit_card,1,2020-07-20T14:47:04.508709
d3e223e5-1697-ffa1-4ee3-d99591f31e52,54,182.75275737889788,clothing,debit_card,1,2020-11-16T08:53:14.649358
8c76559c-486d-96c8-91cf-e64178b20b2e,74,4148.383760063296,food,credit_card,0,2020-01-23T10:46:08.799210
01e2def9-d10e-f0d4-163d-7705bf205007,27,1435.8986188563028,electronics,credit_card,1,2020-06-22T04:54:41.242184
214f0698-40a4-b78b-0339-16c84ddcd8d2,35,1415.3944446526878,books,credit_card,0,2020-09-14T06:07:17.672062
a3f315cd-03f6-214c-4e8c-252d2a9bd10e,67,1012.5023876338486,clothing,credit_card,1,2020-04-15T03:26:08.188989
404afb95-1711-d1f0-be90-aecc49174209,35,4147.438239310464,toys,credit_card,0,2020-11-21T20:08:43.241463
771b3c61-499a-7257-c450-581b20672115,57,4382.59483609492,electronics,debit_card,0,2020-11-29T15:48:37.068681
f9ce1678-988f-d585-73d7-97249bfe0ed3,36,4309.042689026674,electronics,debit_card,0,2020-09-04T15:58:35.551271
72ecc393-f8ba-fdbf-a0be-fa3d6521b8cb,39,1337.6473437819502,books,paypal,1,2020-09-28T04:21:03.840214
c76b6f88-009f-14b1-a9d6-b9cde5d1ae5b,70,3645.540218402293,food,debit_card,0,2020-08-19T01:05:14.039041
6ed0a39e-9c5b-6f64-ba15-48fbd0e9e9a9,33,4557.675106266641,electronics,credit_card,0,2020-10-20T03:07:12.708591
9116d0f0-631c-21aa-feee-e1b7b5f01671,27,1642.9367812300834,electronics,credit_card,1,2020-05-24T07:52:35.400541
81b0c09b-b4ef-5d42-7d90-d528cd90f558,37,2866.4756931934157,clothing,credit_card,0,2020-09-14T00:53:20.110272
6edbd73f-6a30-0e1b-efc7-a51487b1f292,19,3680.640601147556,books,bank_transfer,1,2020-12-04T21:10:37.852653
45622ca0-c2fc-543f-5fd7-36746e2d042b,68,1710.6646111212885,clothing,credit_card,0,2020-07-25T14:31:54.303305
750d175c-3a3e-067f-9ebf-3de5eb024a08,38,621.2895746637206,toys,credit_card,1,2020-06-14T10:36:18.149332
505c87fd-1539-3cd3-bbd6-bae4507083e7,47,1588.8816057470865,books,credit_card,0,2020-11-19T15:23:05.340677
5d4fd5f8-0206-c17f-5f02-d7c6e2282144,28,4001.218243375403,toys,debit_card,1,2020-11-15T08:23:56.037072
4132731e-a5d9-0185-1fa2-aa4e817096a1,44,2594.890777948666,toys,credit_card,0,2020-09-16T01:04:19.417700
12d0b3b4-b6a8-d8ab-de8f-9de4e226eac6,18,3269.7230267569903,books,credit_card,0,2020-09-26T04:58:34.237064
ae7a0f3c-248e-bb94-81c5-d560d1bfa49b,49,4519.136609809776,clothing,debit_card,0,2020-01-24T22:27:54.460603
881daa42-db8e-decf-2253-3e1a52024a62,75,2086.1058456537,toys,debit_card,0,2020-06-20T11:39:23.032379
a6aeec02-3904-abf8-eba1-2b9f19fe0c28,67,4089.691717327865,food,credit_card,1,2020-10-20T15:40:02.645096
2b737960-d535-a438-8181-cadccb091977,30,36.90056969632627,electronics,credit_card,0,2020-04-28T14:50:50.916396
fef5576c-7836-e438-280b-42e1c1b87b78,74,3262.6224030926824,electronics,debit_card,1,2020-02-07T19:43:03.790780
f507d648-9c87-c96a-8766-3e48c9b43a8e,44,2162.6642828109807,clothing,credit_card,0,2020-09-11T21:24:28.225151
1aa37e3c-ea05-9083-ade8-c7fe563034f1,67,4162.90839424622,toys,credit_card,0,2020-09-10T18:17:47.479506
7c995abf-f483-6a4e-88d7-078297ec3150,46,2449.8451703258133,electronics,paypal,1,2020-03-09T18:42:29.887912
80fd562d-40b0-c322-121a-76abe0c7ebdd,18,95.0004561366849,electronics,credit_card,0,2020-10-30T09:58:14.786864
bf27ade4-8de0-5ded-e2b3-4d4da6d66dec,50,2770.445209952508,food,credit_card,0,2020-03-14T04:43:38.370137
567c25dd-d1e3-319b-173a-1659b9f72d57,35,2325.9950875223212,toys,credit_card,0,2020-11-06T23:46:24.228175
fffa4db6-8bf0-1dc2-c6bd-d21998a7cbd1,29,2787.8346734787838,food,credit_card,0,2020-10-25T13:14:33.519486
f6e3ec8a-31d4-6089-0127-025e91cefc42,61,2307.060678352164,clothing,debit_card,0,2020-02-12T23:47:15.799408
c575660a-0c25-a39e-7e4c-aba076c8bccf,18,646.3341295361271,toys,debit_card,0,2020-12-20T22:18:54.620523
aa32f29d-8c45-6cf8-3b5d-9f416bc30d52,78,2554.8294153895235,toys,debit_card,1,2020-10-25T16:30:10.137197
bb6156fe-77be-b152-7345-ceb99a9c4131,25,1986.8096491906842,clothing,credit_card,0,2020-02-09T17:20:00.264839
3250cad0-914d-5937-95f8-cf1ae8d51565,54,4282.827546927435,electronics,credit_card,0,2020-01-12T17:00:43.869517
0d483f77-0ea9-3e6b-bd91-9bb3fc317d13,52,4853.199596665456,food,credit_card,1,2020-08-21T11:01:30.889076
f9afdd7f-b703-2d52-9bec-9eaece4caa5e,39,4147.925362544042,books,paypal,0,2020-05-17T03:25:37.826737
dbd579d5-e6d4-8671-20c0-755109a46a67,69,2353.4725756337198,books,debit_card,0,2020-11-07T07:49:51.388955
1e85eb9e-f3cc-94d5-c0a9-2bda5fba367e,23,2676.1551180875945,books,credit_card,1,2020-02-27T05:43:58.305373
504fa8ca-2a21-a51a-2026-ee27b5edaff1,24,2184.2189151036623,clothing,debit_card,1,2020-12-18T14:42:27.088001
0a06dcf0-4a76-0321-4fd3-7e0693ae7b98,78,3893.739330166569,food,credit_card,0,2020-08-15T22:34:11.276463
21c26809-cfe3-b16b-b3c5-19855ed97fe4,56,4756.158420121731,clothing,credit_card,0,2020-10-31T16:48:34.192630
8a72d907-075c-38b1-eba0-784007d07046,23,213.3520161904564,electronics,credit_card,1,2020-02-28T04:47:33.074318
f240ed2f-27d0-6ec2-bbde-6aa25dc30584,46,3448.2476421583183,toys,debit_card,1,2020-01-29T18:33:43.155125
d753a694-53e1-0f8d-15c1-19f0727a810c,77,4531.242452961518,toys,debit_card,0,2020-02-07T14:53:02.300794
5da29e49-46c9-ec04-ced8-53bc5f36ea7a,64,414.59603447852874,clothing,debit_card,0,2020-12-18T06:00:48.055908
33b6bacf-d265-a6aa-2ad7-68895732d517,40,3762.142924612518,toys,debit_card,0,2020-12-27T18:41:30.156771
093d1d6a-df02-f675-7dc5-755e0a27e2ef,38,4692.930215936144,electronics,credit_card,1,2020-03-23T02:59:58.257753
27e30bb7-54cd-593f-dbf1-8418da413576,35,2046.8856801450627,electronics,credit_card,1,2020-02-06T02:11:07.282147
eafd1785-ee34-8600-4635-242272bca79a,53,904.2154729017925,electronics,debit_card,1,2020-08-19T00:47:03.104972
86ece168-8b0c-3c95-46e4-bc107606cd55,42,4566.246166009479,electronics,credit_card,0,2020-10-30T07:01:16.212559
2b30d3de-b0a4-f023-87e5-1b5da6f25ad6,37,1016.5267317466565,books,credit_card,1,2020-08-19T19:38:00.850085
3bc5ca04-a0db-5ba7-28a8-05728c76c74b,50,1534.137002598833,electronics,credit_card,1,2020-07-03T16:41:17.407075
821b23d3-7ea7-323f-8aa0-be834f5c243c,43,4911.630565170642,clothing,credit_card,0,2020-10-27T06:36:12.149361
ce8deae2-8e38-ff30-eb48-97013d23cce5,19,3747.0369867566455,electronics,credit_card,0,2020-02-26T00:59:32.864226
22b39896-c2df-dcc1-24fd-bcabdae2c24c,37,3015.181505915463,food,credit_card,0,2020-03-12T02:06:33.563899
92242ad5-0190-a6ef-2938-e44cc867608b,63,4091.117630559372,clothing,debit_card,0,2020-07-26T19:09:27.669495
8cea07c8-d02c-9df3-e322-6c692d93d46c,39,2499.3452974758925,books,credit_card,1,2020-11-09T07:14:06.020151
4a362558-2511-086b-3113-017ef258838d,53,544.4310256946857,books,debit_card,1,2020-11-18T15:12:28.860956
eb3012c1-127e-c938-2712-a7c3826e06e1,36,1178.9869537440845,electronics,credit_card,1,2020-05-03T16:26:32.001106
cbee5ef6-4b7b-0005-b446-c44b7e422d77,79,3020.0176281834997,electronics,credit_card,1,2020-03-30T17:50:43.634839
9847b499-8cb7-9308-9cec-0bc4d230f0c2,26,2767.7503607991785,clothing,paypal,1,2020-01-25T16:41:24.790712
cf632111-782f-b164-7147-10b417c3d7ab,57,4959.9417679787375,books,debit_card,1,2020-10-24T18:23:14.716337
5e4a468e-1174-102d-3a8c-435e9cba3722,62,3623.5915921949554,electronics,credit_card,1,2020-09-07T03:09:44.537182
a330305e-553f-5d2e-6ed7-46c2b5973f8b,44,2944.1303750209304,clothing,debit_card,0,2020-02-02T21:17:56.491447
e707af82-92e4-18cc-b810-725701ffa65c,74,4251.981128128243,books,credit_card,0,2020-03-28T04:26:56.865241
31aeee08-e3b9-bd96-6905-5b76f3b0c5a2,75,369.707190377343,toys,paypal,0,2020-12-09T02:41:52.355310
4dafce02-331f-475d-c9f7-3124058198f5,30,2184.342512631357,clothing,bank_transfer,1,2020-07-17T05:26:57.837271
08db0c7a-4b23-a9d6-9b0a-33eda0c06b76,33,2963.3460207741286,food,credit_card,0,2020-08-08T02:06:50.939225
b64d2bcd-70e6-5b79-7bd0-a5994c3e1699,27,4767.14840860237,electronics,paypal,1,2020-06-06T00:54:35.751558
b9fdc85f-2cb2-6e5b-126e-8065781ef65a,60,1173.2476102526741,clothing,credit_card,1,2020-07-01T02:38:51.301431
fb4ebcdc-774f-d179-39a8-021ce6fae5f7,60,1364.100458070225,clothing,credit_card,0,2020-05-20T10:51:19.423713
45c263df-1e57-7730-f79f-6b015dcd9fc2,74,165.51370562534026,electronics,credit_card,1,2020-12-27T10:02:50.853639
6a6802a3-d3b4-cc54-3bdf-2351883f71bb,61,3245.657138192497,toys,paypal,1,2020-05-11T11:05:44.589692
dfce096b-19c3-1d13-800f-40c1f7a94feb,64,2281.1608453349672,books,credit_card,0,2020-05-14T09:15:26.622089
32105b03-a8d5-31fe-83af-b194df3aaf94,37,3178.925437473207,books,credit_card,1,2020-01-29T14:19:27.274861
1450fcdf-6e84-bed8-c138-1682cb71ef58,25,299.01768078419514,clothing,credit_card,1,2020-07-03T21:40:46.060021
bc281b63-da38-9cd1-a94c-358442768f81,57,277.6105708879542,food,debit_card,0,2020-02-05T07:16:54.437605
0eac4269-244d-b0a2-af08-fef58fed64d9,77,4076.941502926091,food,debit_card,0,2020-03-31T10:29:59.586003
0b2ef257-0359-9478-5cb0-3517d8c8cb46,23,2163.241903190446,electronics,credit_card,0,2020-02-13T17:37:02.904298
ca479c11-0724-fcbd-b278-5c9655526eb1,67,855.5318226013214,clothing,credit_card,0,2020-01-27T04:31:25.135719
63a7a3a7-231a-2560-d4a5-fd286c53097d,56,2195.6729716401883,toys,debit_card,0,2020-03-28T10:23:04.293685
5e5f3607-fd80-39b7-7e93-9a3430400d16,50,4288.599428065528,food,debit_card,0,2020-12-02T00:00:55.937549
256108de-05c8-b8a6-c2f9-d7e5e5151155,18,575.0058602221111,food,paypal,1,2020-12-27T02:55:51.715264
44091c28-7c60-da77-8ef3-19505dac0331,79,352.1246750594452,electronics,debit_card,0,2020-08-11T06:29:34.371521
5f0623e9-ad37-00c0-9e41-1caf96b43686,48,2674.188088528318,clothing,credit_card,1,2020-08-29T02:19:06.747187
50593fa8-1477-4b0c-8761-8de98767d98a,54,1063.3914998539428,clothing,credit_card,1,2020-11-02T21:26:32.852914
725d0b9a-b939-c8fc-6fa8-519b3d7cf44d,64,1157.4763610979435,clothing,credit_card,0,2020-06-12T19:33:31.931188
9b016462-ddc1-0212-348b-a6b82c474c12,71,1782.9959579210426,clothing,paypal,0,2020-06-11T03:12:02.054789
8ed468fe-ba70-d85f-053b-da4cae793505,47,3510.8244364577836,electronics,credit_card,0,2020-12-17T14:26:24.791870
e8d99651-9412-4baa-9517-2a96f46ac01e,58,1361.8399727019325,clothing,credit_card,0,2020-05-01T17:28:43.894748
9c14f6ea-d0ff-e940-bf48-8b3ea0f3f484,66,1548.431987972395,books,debit_card,0,2020-10-05T04:36:55.454588
bc5194df-765e-366b-ab90-06657c5bdac2,53,3900.898723292997,books,debit_card,0,2020-09-04T23:47:45.386307
62f8a376-d07a-a478-6502-6e96a3ed22ef,39,4746.493699187505,clothing,paypal,0,2020-02-21T08:25:28.422573
73da7933-cc84-5102-f3cb-ac85b70d77ed,75,1805.1637079708805,food,credit_card,1,2020-06-01T14:09:58.460603
33610e6e-17ea-c43d-62de-d45e6a90dd88,36,3117.447216935059,electronics,bank_transfer,1,2020-05-31T21:25:40.326332
a7e69638-d2bb-d216-d661-55ededff2a16,52,1154.9891315472394,electronics,bank_transfer,0,2020-02-03T06:49:56.628765
da26dd25-6225-e8a0-c0b3-3b20a02f1d2c,28,3082.6524358550455,electronics,credit_card,1,2020-03-02T21:43:57.569215
74d4f21c-2e5f-2704-d31f-728dce263e84,30,161.1207566200452,toys,credit_card,0,2020-04-01T16:16:36.625763
d7fed547-8495-351f-dbe3-3d3cfc2a8abc,67,3996.029550070321,toys,paypal,1,2020-07-27T14:11:07.834667
f7a072a3-8cd1-d557-219b-35a8363bfd7a,78,3405.6067573034,electronics,credit_card,0,2020-08-23T03:13:26.542719
c6b36e34-0028-5dbe-3805-946d8eefb9e7,31,1630.903026383956,electronics,debit_card,0,2020-07-28T08:47:59.754495
e3e9f62f-6693-6b9a-2358-de96f8e8a8c8,36,3006.7985908526825,electronics,paypal,0,2020-02-25T08:00:50.615316
73f73a33-6571-d615-6102-60aca68a7af7,30,3989.7567101211116,electronics,credit_card,0,2020-01-19T06:39:10.225331
0e35cee6-0363-0ee6-87c2-b01651a3b4d1,67,1757.6665141608737,food,credit_card,0,2020-07-19T16:31:48.567653
f71fb221-b7ce-129b-2976-9df47eafed15,64,599.0744918048675,food,credit_card,0,2020-04-28T05:05:03.157535
53a3e9fd-758f-2555-cbf9-34f010e4b011,39,812.1054501750149,clothing,credit_card,0,2020-11-13T20:01:23.189316
2bd7e2d0-fa6f-c06f-7b38-26b635cc8a0d,40,4547.387352442461,clothing,credit_card,0,2020-02-25T18:15:49.658986
3a10c5ab-17f5-933d-b035-42422549eb08,30,2354.242597098802,toys,debit_card,1,2020-10-16T09:20:54.931550
ba2a340d-3eef-2853-9345-ba9b36b61bf5,63,2598.795106681231,clothing,credit_card,0,2020-12-05T03:55:48.234063
66a5f91f-c416-33ed-e270-802b672484ce,75,3030.212287964681,electronics,debit_card,0,2020-09-30T04:15:38.971193
0c9d644c-b308-b595-45f8-013d26ed15b6,30,2455.417082126245,clothing,paypal,1,2020-02-17T08:40:12.268060
e9e9d939-fcee-850d-4ef1-31133390b2c7,44,3421.1320734135184,clothing,credit_card,1,2020-06-15T20:09:40.479776
76121289-9d4d-ebdd-f91e-766f380e6a20,74,4973.823294312181,food,debit_card,1,2020-10-25T07:05:04.031422
d9f7c7ca-9eff-283f-2021-bbee4634a1d6,56,2303.539024215476,clothing,credit_card,1,2020-06-18T11:33:13.865729
1cd331a5-dc66-f425-ac91-d351cb83cb0c,41,4518.399291899243,electronics,credit_card,0,2020-08-08T22:39:11.383373
4313f545-026d-3601-30fe-b1be6960b26a,29,1307.963193442411,toys,paypal,1,2020-10-29T11:51:09.293054
d12a915f-0d6c-9ffa-2178-548511159040,26,656.1982735953247,toys,debit_card,0,2020-01-30T09:38:13.983517
5ea87884-6d5d-84fe-753a-425538f16027,19,32.65237900518974,electronics,bank_transfer,0,2020-11-06T13:22:02.439306
975a34de-cce9-d01f-0a5d-84cc1b3b7dc5,64,1764.7847527181775,electronics,paypal,1,2020-06-11T00:45:29.139459
ce7e027e-8fc5-ac8d-eb34-7b221d323b5c,58,3789.528880272726,electronics,credit_card,0,2020-06-23T07:31:01.601055
f63692db-5479-6ae6-bf01-cb3057029d73,72,1893.1783558884015,books,debit_card,0,2020-06-16T06:04:58.533577
25299ba8-b61e-555a-833b-45093c01b58f,77,1362.745695025725,food,bank_transfer,1,2020-08-10T03:40:00.686964
607bd12a-e259-159e-094f-d578b91ab10f,67,4251.427152257775,toys,credit_card,0,2020-07-12T01:43:22.943872
a8b8986e-ccdf-edab-29ff-9ed47aaff343,37,3426.5867856093605,electronics,debit_card,1,2020-06-10T21:44:58.234037
06a44f0e-eef0-2702-3ad4-aa2928578013,32,2489.2917419758924,electronics,paypal,1,2020-01-01T21:18:43.337152
e3a7d968-afd8-69d0-6a91-bcee9031d615,65,456.74709400723646,clothing,paypal,1,2020-12-16T08:24:23.781631
461d2fab-a838-649d-390d-38ef0880f877,73,40.51448658498497,food,credit_card,1,2020-11-14T08:37:27.436039
6705cf50-8edd-06ad-e58f-2c5fec3bc588,61,3945.576285482802,books,debit_card,0,2020-10-22T10:58:02.360117
22bc349b-2379-bace-9bfd-55e04aa163f8,42,4847.037910635118,food,bank_transfer,1,2020-09-18T03:26:31.142670
8590edb2-37c6-bce8-5df8-ef91c5c6b92f,34,2251.8205215392904,books,credit_card,0,2020-06-22T23:36:38.893629
200cd9b7-999e-e2a6-3d12-46e1ab6c8a8d,41,3811.6420016350357,food,debit_card,1,2020-05-16T04:47:13.720486
5395df1c-11a8-7673-f59a-71f978af9378,71,1972.7342608494296,clothing,credit_card,0,2020-11-05T01:30:01.878447
47ab454a-38ca-e71d-f410-8d3377a9f715,64,246.50429014281264,clothing,paypal,1,2020-08-24T23:11:18.893290
4a16f294-0295-aabd-cc28-88925b0d0238,25,4291.010125288491,electronics,paypal,1,2020-09-27T03:14:34.371202
18edb0dc-1779-6728-0590-442dd2ea783d,36,3897.8562080216907,electronics,paypal,1,2020-08-14T16:48:01.321494
0d5494ca-f673-a4de-5ece-37790d5ab3ac,64,2241.0774188397145,clothing,debit_card,0,2020-06-28T10:04:45.822383
5a9398eb-1f1b-97eb-71f2-3658080b2d33,33,576.9922165045878,books,credit_card,1,2020-09-21T07:06:44.879058
0d3d121c-36d7-25df-95d8-d979d7b04cb2,51,3737.5543870051038,clothing,credit_card,0,2020-02-04T21:11:56.212439
cf00636a-7c9e-8e42-547e-e98c69e9a2f3,68,4418.347192116095,books,debit_card,0,2020-08-25T03:02:16.625929
e372cb7b-dffe-de6f-cab9-5330d189e243,24,4028.5237705724867,toys,debit_card,0,2020-04-04T13:10:39.598383
73deb9e8-09c2-a4e5-0584-1e04bef9aa06,22,2747.5360305178115,books,paypal,1,2020-01-02T21:59:27.161197
aa179f66-ea6b-3496-1570-1f3988628d68,29,753.8346638927472,clothing,credit_card,1,2020-02-20T21:32:13.203563
e65a4121-40ec-2b52-5129-d251ce6c03d7,72,887.7317375921277,clothing,credit_card,0,2020-05-04T21:26:23.989144
ff332398-c39e-6d0c-2b40-ae22ec4861fb,34,882.7339399489438,books,credit_card,1,2020-06-23T00:53:05.927125
840f9a1f-e95e-e39a-7ec4-59b5723400ae,74,357.5582020998172,food,credit_card,0,2020-05-19T05:07:40.267404
602a32bf-b74f-5374-061f-b3d19f0e4962,80,3183.7492671091245,clothing,debit_card,0,2020-03-27T02:29:18.142719
f6e0be86-5815-b29a-ea10-3b2e7bca5bbc,75,4294.804277258813,electronics,credit_card,1,2020-02-18T00:09:27.540515
5274a755-a072-19f1-7340-d13b613d8b1f,39,553.7669107883344,clothing,credit_card,1,2020-06-18T10:12:40.986033
c94cb13e-7f22-c8b8-8c59-68706c8a0fdc,57,1747.8059923622739,electronics,credit_card,1,2020-04-16T20:11:17.193471
cff064bb-d56c-b031-ef10-e04aae55a9ad,57,59.97305899380346,electronics,credit_card,0,2020-11-01T03:32:00.047919
c065eedf-0cb4-6f66-79fd-716eed4513bc,30,83.63609558170887,electronics,paypal,0,2020-10-13T15:15:14.902612
b25853ca-631c-8f49-bb23-b74b3d6fbeb1,73,4646.732419678454,electronics,credit_card,0,2020-05-13T22:43:14.017317
74a43d72-9a95-4c22-3981-663c25f0f8eb,64,730.9934881144591,electronics,credit_card,0,2020-09-29T23:45:32.766492
563a4b3f-fbcb-6883-c3ff-78ad1010122a,18,180.93203647893964,electronics,debit_card,1,2020-01-02T08:58:02.187275
61553796-7405-fa08-47e3-da73148cf568,43,1477.5299795113508,toys,debit_card,1,2020-05-31T10:53:13.089075
46037185-5a6f-1ea0-08aa-c9bcc39523e0,30,3604.5107561239197,electronics,credit_card,0,2020-05-15T14:12:14.506838
a1211c83-6701-a368-6b5f-e6047b020b59,28,1977.3062910750086,books,paypal,0,2020-06-30T08:05:16.429924
34d0c5cf-a678-6e19-6981-a1cffea55da0,80,1129.1160759735121,clothing,debit_card,0,2020-08-04T05:20:37.130549
53f4c6b0-7836-f216-43b3-623bebb9cf78,23,4719.2204158054965,books,credit_card,0,2020-04-25T14:37:44.508626
c492dfd9-7978-a766-6ff1-34b57e1b1830,42,2741.75135467017,food,debit_card,1,2020-12-30T19:31:32.095380
e98d693e-a3d0-9157-1151-a9c4a319bbd0,34,3578.2824157943965,clothing,paypal,1,2020-10-13T01:00:58.073887
5d35a79a-9b9f-c717-6354-b117d0d2fcc5,20,989.8175373195096,books,credit_card,1,2020-05-07T04:09:24.074910
d8502d05-cab6-9b41-d4a9-e07fed42ed58,55,1197.4357661827921,books,credit_card,0,2020-04-02T13:59:20.142177
8e7540c9-dda6-3bea-216d-b2cb88f50bc0,33,421.6995661419343,clothing,credit_card,1,2020-04-30T16:53:15.492706
cf05966e-0047-06dd-3472-81fc963a4a52,59,2646.6318481156127,books,credit_card,0,2020-05-29T11:46:15.932443
a9947b8e-318f-ee34-fb6e-01907e935429,20,277.35322062385086,books,credit_card,0,2020-02-06T19:55:45.325198
2cec5e67-0499-7347-10c0-efec114a8e06,30,4431.429600837451,clothing,debit_card,0,2020-02-26T15:27:23.238410
10a88699-607d-35b5-246f-5a2c74ae110a,47,2585.6392919217433,books,credit_card,1,2020-05-11T09:24:43.642579
335de794-ed1a-c288-754b-ef0210006aba,80,2026.6975026297966,food,credit_card,0,2020-05-10T11:51:14.589411
2d8bbc37-ab6f-a3d1-c728-f23bd68082db,70,4258.027279463079,electronics,debit_card,1,2020-04-19T21:57:13.453675
9151bfc8-1c9d-4878-a86a-979e342f60bf,29,996.2082676015732,electronics,debit_card,0,2020-04-22T14:53:47.382727
c0d1193e-05d2-9844-cd32-48664f96e152,47,619.2566547434435,food,debit_card,1,2020-02-23T23:07:03.616500
8c1aaca7-156e-6866-ab05-2560a9aba21b,37,2204.0337934017857,electronics,debit_card,0,2020-10-07T15:36:39.508465
4bffcaa5-db9d-4df5-0e81-d3aaa2da19ae,40,1772.6050676343489,toys,credit_card,1,2020-10-10T06:20:11.962955
3b1ad992-63de-8c3b-87e8-581475fa8d1f,18,1473.4497375258068,clothing,debit_card,0,2020-02-04T08:56:27.083319
f693fe94-6558-bcbe-8dc7-d943b4125432,61,3009.134959033095,toys,bank_transfer,0,2020-02-20T15:14:16.827564
def3b531-04d6-d931-1a95-d032319a4159,73,2986.4319503488755,clothing,credit_card,0,2020-02-01T18:28:34.328848
c09c6348-b9e9-7ee1-0bc3-b9771f2b965c,77,1979.9952986708065,food,credit_card,0,2020-07-17T11:03:37.302355
1ad85d88-8bc4-10ca-461d-690f0189c40a,79,752.3301450985331,toys,debit_card,1,2020-11-22T06:26:16.724396
f49d3448-9654-f391-66bc-c4c8dbeed401,44,2270.089624904924,electronics,credit_card,1,2020-03-20T00:50:57.731287
c922e464-e469-ebf4-1f3a-fc6f28dc3569,63,2329.595459862557,books,debit_card,1,2020-09-11T04:32:32.929632
8003eccc-2f1b-865f-7313-349bec6d2c94,66,3076.102465833108,electronics,paypal,0,2020-11-16T12:10:30.652831
146160dd-c4f1-262e-0b6a-b2cb6e53854a,61,2687.1015742061095,books,credit_card,1,2020-08-06T23:52:07.392837
c1403b1e-f61f-6b3c-9c40-ff7499012b2d,58,1290.7981053803253,books,paypal,0,2020-07-19T21:21:50.420591
5418842b-22cc-1b07-0973-df1358d9d876,34,3538.5423954193357,toys,credit_card,0,2020-01-24T05:01:08.775429
7eafc119-a394-6b31-0ac0-c92a8b6d37f3,19,3256.666369582419,clothing,credit_card,1,2020-06-26T12:34:54.166008
f283f373-a4c1-21a7-44ea-f48426dc29ff,20,648.8205439895221,toys,debit_card,0,2020-12-19T05:58:33.369341
2cda3da9-335c-a4fc-a2b6-c8624285c2e4,21,2710.748707233317,food,debit_card,1,2020-11-12T16:27:04.711664
152b7dff-5d7e-3c26-2132-1e9479516244,51,4307.88355702483,clothing,credit_card,1,2020-03-02T20:32:01.172152
2b822065-687c-839b-ff2c-5163cec05f96,30,3618.8408012684517,clothing,credit_card,1,2020-05-15T03:28:20.702869
bf854444-edb6-d81c-2bb8-8be168eae0b7,51,2286.902302949528,books,credit_card,0,2020-12-22T23:04:44.539997
8e430448-18ae-0448-a43d-b1646ac50132,76,798.6281965085899,toys,debit_card,1,2020-12-24T11:38:41.557224
41f28498-f00f-3f03-8334-e8c82b7bc80b,68,4415.545581051969,toys,bank_transfer,0,2020-10-23T17:02:15.204990
cbac6dbd-d432-a9b4-0803-604d2e526055,18,4829.505122024535,electronics,debit_card,1,2020-03-29T18:36:40.871019
b72976a2-89f0-f939-8af1-aff3a7815a02,70,91.68744407263466,books,paypal,0,2020-03-23T15:03:47.596521
e7dd671e-ba34-57a4-e5e1-b88abfe2b222,79,3178.7660488944357,toys,credit_card,0,2020-08-02T00:30:23.565550
3ed02732-2072-15a5-55ca-d85ee907638e,34,2385.404977892442,electronics,credit_card,0,2020-11-15T16:06:47.090532
1f421cc9-fd18-b32f-e732-ee6c3e36d770,27,3914.088179704205,electronics,credit_card,1,2020-02-09T22:49:37.556815
07fba455-584f-fe2a-cb08-27070d60abac,29,4986.174010504396,toys,paypal,1,2020-11-28T20:24:49.946048
5f1befb8-5180-9001-0722-24ebae712d81,50,3577.3530262563586,books,credit_card,0,2020-08-14T19:58:25.224554
2cf011d5-9338-79ab-eab8-71ed883fc8ba,41,2850.6614211503666,food,credit_card,1,2020-12-06T05:30:33.493492
81293370-628c-d1f3-452b-80f62877883b,39,3236.790686907988,books,paypal,1,2020-06-29T07:17:17.149695
4b833870-f118-c24e-b393-9946eeb093de,45,4498.451313001616,food,paypal,0,2020-06-13T16:31:09.112235
c0df8c7a-210a-38ac-765c-aa6b591c9284,30,1524.508223159117,toys,credit_card,0,2020-05-09T15:14:30.784688
f2f1059c-2300-60b0-f4e6-6876468bb97f,27,3773.969974624232,clothing,credit_card,1,2020-12-31T14:12:53.478866
25ef6fe9-d315-6402-078d-a9da5507500f,18,663.4652772539171,books,credit_card,1,2020-12-06T14:29:19.972566
3ba202f6-c629-01f7-fae7-d73a65d2c32b,35,4121.060568361466,electronics,paypal,1,2020-01-19T06:04:29.268096
776873d3-1c71-1afd-cd31-713f4f49a535,46,4373.089595595648,food,paypal,1,2020-04-08T13:31:31.555727
152ba4b3-088e-9149-409c-37f1ab694fd4,77,3968.603373361043,books,credit_card,1,2020-05-03T04:06:06.036858
b7a7839c-e479-f7ce-b9d2-52e4e0353840,77,1394.1606614968618,toys,paypal,1,2020-12-09T17:10:01.512720
d6a895f5-cfda-9126-26cb-c23ca8c5e725,75,2779.4665712123983,clothing,credit_card,0,2020-05-09T14:32:25.913874
452e566b-e7dd-3a1d-1703-2e62500727ee,54,650.3228018515631,toys,credit_card,1,2020-09-19T10:04:28.436782
4c73d0c9-fee3-07fc-2abd-de8460e02c91,28,2130.2768674750905,toys,credit_card,0,2020-11-26T18:41:36.338284
b7810a6c-a618-ed43-6dec-6fc5015cdcba,31,4957.76525111727,toys,credit_card,1,2020-05-28T12:15:07.127425
8658e275-8d0c-3670-bec1-a014108da0b4,77,1157.497295786463,clothing,debit_card,1,2020-03-08T22:11:31.213370
6e15902c-1876-7697-7887-10de6797044b,79,1209.7629858778387,toys,credit_card,0,2020-05-02T04:12:31.582036
bbf7acfb-79d6-2805-e0ae-d237210340cd,57,2664.980188045372,clothing,debit_card,0,2020-02-16T03:46:38.144887
402ec11d-1e1f-b9a1-aefa-4c2fa9e5f13c,18,976.7466116641447,electronics,bank_transfer,1,2020-04-06T12:39:11.157661
5d349546-ef39-280d-6dc5-2d43b60a6764,33,2726.9400769085,books,credit_card,1,2020-11-21T01:32:48.477774
673e1b52-50a2-e121-7ab7-14ff0c2be665,76,2511.404960797988,books,credit_card,0,2020-06-16T04:51:02.786010
49b54244-47ce-0d66-e875-49cb7dd68edc,68,269.42595753255046,food,debit_card,1,2020-08-09T23:05:44.391874
abb7bcca-4b1f-77da-ab26-ef65194b6534,41,1478.097334328919,electronics,credit_card,1,2020-03-25T09:47:32.879846
edfa5aec-47e0-9344-ae16-3f34a3d4769a,69,4453.170945333917,clothing,credit_card,1,2020-06-06T08:00:30.924574
fe6ceb08-9909-ec73-b2ea-2d25b4025dbf,37,3816.4957164365173,electronics,credit_card,0,2020-08-22T00:49:33.656431
1cdb80f0-951e-3cfb-036c-8f6f432714e7,48,808.8157236396366,food,debit_card,0,2020-08-20T07:42:16.616046
173a68c8-1309-5566-f012-04151b2f4dc0,21,1428.5943347654973,clothing,credit_card,0,2020-07-19T18:08:56.079412
1b4cf67f-e4c7-3c92-c970-0aca05717fc2,79,2930.283638565878,electronics,credit_card,1,2020-09-07T07:19:05.074696
3e93456c-9303-383f-7b4d-be219ab2d4d1,18,3762.867293337543,food,debit_card,1,2020-05-07T10:18:52.518844
248fa778-6a5e-245a-76b2-512617f7f553,25,3371.8387818013593,clothing,debit_card,1,2020-03-12T10:04:28.545433
24aa2cee-d8e9-4ceb-760e-922dffecf179,64,3287.815773304371,clothing,debit_card,1,2020-01-08T17:14:23.423460
84d4fb25-9dd1-5d34-cae4-bb03c8cdf4d5,35,4442.773379427202,electronics,credit_card,0,2020-04-11T21:56:10.481658
dc65f243-c90e-35f1-e829-1b8358b4c440,23,434.1663883588123,toys,debit_card,0,2020-06-17T14:12:07.616826
a8b804d4-06c4-b157-3e54-3f186db61930,35,2678.0096728061444,food,credit_card,1,2020-08-29T05:45:47.996820
60bf39de-5191-7145-2805-0d62f60909b3,19,1539.9790184313767,books,credit_card,0,2020-07-04T06:53:13.583837
f1291678-bb2b-1f44-4515-bec2d58d22d9,36,4489.208586453609,toys,debit_card,1,2020-03-26T22:28:44.843047
918c1f9e-2835-030b-5ebe-c366508fc3b9,24,3948.1041725311693,books,bank_transfer,1,2020-11-11T18:54:05.681761
c7981e78-d558-8c90-25fa-4c698dd81af7,65,2703.980276043555,clothing,credit_card,1,2020-04-16T08:03:10.808134
569c7309-b655-0c37-061c-7d412472a585,42,134.41989667688017,toys,debit_card,0,2020-06-25T14:58:44.462330
d892bb96-074a-7282-ee23-d7d00f27540b,55,2733.4600502196354,books,debit_card,1,2020-02-18T02:42:20.307233
30215398-85b3-a266-5537-d8ecc5e6b5d9,55,2880.5248811288698,books,credit_card,1,2020-05-29T04:51:21.088556
0e267a02-0035-35e7-6571-e0385a5ebdf5,25,2561.1345915003294,electronics,credit_card,1,2020-04-13T12:55:21.740391
9ed10a29-39d9-f151-fa19-c65f9cc2ea0a,44,2862.2851216894605,clothing,credit_card,1,2020-08-10T19:57:44.556474
e5e11f76-f5c1-e549-7e35-934dbe2d12cb,56,96.85178190572556,clothing,credit_card,0,2020-12-30T08:58:48.716908
ded4fecc-a76a-4748-7733-499a85c6f32e,79,1968.9802345201429,clothing,debit_card,1,2020-06-09T04:11:16.441198
5ca38d6e-e793-a61d-c7bd-c1a3d40188fb,59,1743.6067868892924,electronics,debit_card,1,2020-01-10T15:12:00.441328
78fa9aeb-7fb6-b59b-59e7-1ee388ec4d18,72,1959.3082359674177,food,credit_card,0,2020-08-04T22:51:57.121072
844ede4f-0db3-d7f5-ac1d-09efe3238be2,72,157.88751796328387,books,credit_card,1,2020-03-28T04:52:40.112994
17831662-3c36-a187-be57-2a0c8c6b4e4c,70,553.1330537137752,electronics,credit_card,1,2020-01-20T11:06:17.037269
f147e415-cf83-ec89-867c-6bdc0899a7e1,67,3960.677104799077,books,debit_card,1,2020-03-24T21:15:02.632548
00b473ec-bc5e-b6e6-1390-00f686a137f6,77,1579.0755109314453,clothing,credit_card,0,2020-07-06T06:37:00.990816
5c6ac55e-41c3-e2e8-c187-8758ff46e75e,51,902.1824557860024,clothing,debit_card,1,2020-02-20T04:55:04.620304
e2242831-9154-4f3a-2600-64579f1c8110,44,1496.4532393076065,books,credit_card,0,2020-02-11T21:12:34.160418
e7dec4ca-ca66-809d-a87f-c58c729406c2,53,2295.0374633109896,electronics,debit_card,0,2020-02-08T23:46:21.020529
807a3441-918d-b9c1-0097-2c2dde1b8e6c,18,3593.6807606727343,food,bank_transfer,1,2020-09-27T21:46:08.729261
799f9435-a83b-ed23-1860-29192e75611b,62,2567.201839869581,food,credit_card,0,2020-11-24T15:29:03.091724
8992d3c9-5617-e032-5e1b-bbe1f30c6dbd,35,4926.640427033122,toys,credit_card,0,2020-03-28T08:28:17.940359
85ef244d-22bc-20c3-0c1e-f6b23ce85886,36,1891.0078541004218,electronics,credit_card,1,2020-09-26T01:22:19.037936
b5b3330b-3fb0-03e7-cf3c-4a2639c76e9a,71,3746.0759789391923,toys,paypal,0,2020-06-25T05:22:57.962287
d964606e-eb50-a7a6-7264-636716bf460c,39,4505.53359210267,electronics,credit_card,1,2020-08-11T00:43:36.561624
ba3d6bbe-cb7f-ff1b-dc3b-7b9e08452b9c,45,3556.88632475013,electronics,credit_card,1,2020-08-29T15:37:30.156095
78d8c57f-8e9f-577e-91b5-249acf556ae4,77,4602.121642224246,toys,debit_card,1,2020-03-16T07:43:26.614798
6f168fa5-bd97-6fc6-4e06-4517637bccf3,68,625.4184150317813,clothing,debit_card,1,2020-11-28T14:12:20.149908
d0afbdc2-036b-7326-0d6c-d5a7e3a82db9,51,1885.6183331309012,food,credit_card,0,2020-04-13T00:57:32.783702
2d2879ab-f29e-8eba-17c3-680db5ed4f82,60,2828.507020986593,food,debit_card,1,2020-01-17T15:41:44.365728
372c257e-99ab-01ae-bb29-9eb00ea7d60d,80,494.64633759576236,electronics,credit_card,0,2020-04-11T20:05:30.910366
bed4a94e-6fb6-3435-8c6b-84dfc59fb62e,71,715.3021195698229,electronics,credit_card,0,2020-06-22T03:18:59.730916
d98d509d-1816-cc21-fdde-95b98f359b07,30,2709.9612020060417,toys,credit_card,0,2020-10-25T20:58:36.344627
10150af3-3669-fb39-e164-57364df57897,43,324.6250103506276,clothing,paypal,0,2020-03-09T06:28:43.060570
1ae14f40-c2cc-9266-c460-a22bf257300c,40,1918.9343953555608,clothing,credit_card,1,2020-10-15T11:11:53.502062
52482d72-ace9-e310-4bad-5b677957f55b,21,2332.887621131761,electronics,credit_card,0,2020-07-08T08:38:40.479455
6b5bc5b2-9b95-ece3-e67b-d45d7ed37be8,56,2359.7693849673014,food,credit_card,0,2020-10-22T07:09:15.988598
7bc32ac9-3fdc-d172-33af-24eb5d0f516a,31,1868.8624507681177,clothing,credit_card,1,2020-10-26T23:14:10.136697
2eb11ac2-fdc0-5877-3c64-9800d1ef0746,32,3518.5438179425537,toys,paypal,1,2020-02-15T22:15:58.983110
9000efe1-d549-5f25-a5d1-c927b864bf7f,77,4564.014500330935,electronics,credit_card,1,2020-01-15T09:04:10.685303
4c05176c-0712-9e39-6d44-774e3a958e6c,29,478.9061160164862,electronics,debit_card,1,2020-02-25T08:10:04.536338
62fb0e1a-069b-0518-0e05-db26ec4aeb5c,19,1063.4699498235977,electronics,debit_card,1,2020-02-25T05:16:22.348318
bdc8f0da-9ccf-7edd-8897-602948cb301f,55,2178.8106471774017,food,paypal,0,2020-11-03T12:21:24.837115
dc1f4335-f5a2-1760-4b2e-94d97596f118,76,913.2765066894376,food,paypal,1,2020-05-22T02:28:54.579951
562beebc-1f59-938e-e602-fe83754f7363,50,4152.059284224015,food,credit_card,1,2020-03-19T13:09:53.973286
ca889a02-e321-ba50-bb21-befaaf72f14d,59,1268.5436293376729,electronics,credit_card,0,2020-12-07T08:35:43.086787
36984683-4535-52fb-2efb-2c946af10f19,43,3474.360319430503,toys,bank_transfer,0,2020-04-25T15:30:15.437927
217e0c48-4695-9a82-900e-b4064c40e36d,37,2337.5573046252216,electronics,paypal,1,2020-03-11T11:15:30.484465
4440a9e8-f2a3-3138-8e29-53b1bdf8ca5d,70,1996.1954005638686,clothing,debit_card,0,2020-03-18T13:39:10.581536
ec2c51e1-3ad5-496d-d7a3-5a281886034f,78,3123.7919236128896,books,credit_card,0,2020-07-06T02:37:47.837161
ca1ef7c5-ace4-55c5-7c71-6410fba13e05,26,2526.7525851712244,books,credit_card,1,2020-10-05T16:48:17.249281
44d5ef70-c93b-1291-e34f-2bf2c2e1f889,28,1604.549040612934,toys,debit_card,0,2020-11-07T14:32:20.493993
52001d22-8a2a-2e9a-5089-d82da45e5238,42,3579.3055597395783,food,credit_card,0,2020-05-30T02:48:58.789324
45e9cee8-74e0-ca29-0ef7-1827ddfd0ac5,80,1800.4157310510122,food,paypal,1,2020-12-08T22:24:44.516412
7c1877b0-6f68-bd48-916f-cc5b4fbdd21e,49,2409.1139319952613,electronics,credit_card,0,2020-09-11T22:01:43.950543
cb3662f7-262a-ffcd-fe22-1aa29e11642f,38,1244.549827772698,electronics,debit_card,1,2020-05-09T12:39:04.457277
94288054-24af-7540-354e-06af64a435a3,28,371.54675615149876,food,debit_card,0,2020-11-11T22:05:30.932643
3d64c973-91b4-fcb7-3b82-f3206e4b067b,59,2948.289878323766,books,bank_transfer,0,2020-02-20T10:19:43.513203
defd74ab-f5d1-131b-01ab-e403d2ac3186,27,3353.1231302138085,food,debit_card,1,2020-04-02T04:14:37.007744
1e66d52b-356b-49a0-0f15-cb98354ca654,62,314.19496280866645,books,debit_card,1,2020-03-31T13:16:20.844092
c6f3bf5a-69e7-5e35-7e27-1dc6bf5d59f7,55,3486.2441521153837,clothing,credit_card,0,2020-08-26T21:20:07.922320
c449a345-9373-f78e-060d-441e197942a1,72,915.1816587761251,toys,debit_card,0,2020-05-11T15:22:44.463153
ae285037-5720-5d10-92db-9c0aa3c10c3c,38,3083.7347635893793,food,credit_card,1,2020-10-20T15:54:14.730363
b2dac16f-a910-f9d1-5321-2da7a593f4c4,36,4327.665971795373,books,credit_card,0,2020-08-08T09:03:50.866908
5889e26a-1ed4-fbf7-77b6-a0f978e6d407,33,1907.9976561401973,clothing,credit_card,1,2020-06-10T05:52:40.589902
46541acf-71c8-c76d-5363-7e195256cdda,74,4673.541779200873,books,credit_card,0,2020-09-25T06:15:50.694832
07a77220-e7d3-9776-fd3e-5ed369a30862,20,3309.837391570568,food,debit_card,0,2020-01-24T16:31:55.329973
af6f0782-506b-d8d8-f5f8-9ff212357da5,80,2415.0342514063436,books,credit_card,0,2020-12-20T01:37:21.880152
9eae6217-1a6a-664b-fc97-adff780fc212,46,2502.0653582806904,toys,debit_card,0,2020-06-12T15:13:19.017994
e396cef1-020a-1e18-7005-5e2747359018,32,4412.738433991797,electronics,debit_card,1,2020-11-06T07:15:58.634921
3252266f-d4ee-f69e-8c6a-870973a1d0d7,35,2156.191626354011,clothing,credit_card,0,2020-12-17T05:56:33.136800
67f45021-60df-0bbe-c131-a8ca1bea45e9,80,357.88401539423216,electronics,debit_card,1,2020-10-01T01:15:11.900850
8ea7ffde-634d-c185-d41b-471f54a747aa,27,1736.0277754977774,clothing,credit_card,1,2020-01-31T00:14:49.734578
de55be77-e120-23cc-e937-02b600715760,70,35.17069339913141,electronics,credit_card,1,2020-03-10T14:57:22.224016
4e9e05d1-3e77-2277-e6b9-219d9abcb20f,36,3076.2651990314907,books,credit_card,0,2020-09-12T05:40:37.716772
3a1f9f1d-f523-4676-3379-168c77b523cb,23,4367.581115517927,food,credit_card,0,2020-05-04T10:08:58.561032
16467b39-1905-7af5-20e1-4d4bb31be826,47,4444.658934484544,clothing,paypal,0,2020-03-22T17:38:44.687940
96040a0a-1b6a-c035-8c70-47dab7a1717d,64,3686.849060423666,food,credit_card,1,2020-06-28T01:11:20.460844
f341bb29-1a50-6ad9-f6e4-6b9134a651f4,67,4259.7496944103395,food,debit_card,0,2020-02-19T16:45:31.915123
493aa518-02df-5a53-16ad-233a458b34ad,36,4125.8280931035415,electronics,debit_card,1,2020-09-15T06:21:16.656166
0ff191e2-21b5-0ce1-4c0a-a5b34e86c522,32,2544.619553360205,clothing,debit_card,1,2020-04-09T05:35:53.423322
e9fbcbce-1b8e-bdb3-f886-b3548977e425,45,2406.3229801082675,clothing,debit_card,0,2020-06-10T17:53:58.987693
173c531d-5a7d-e999-7bc7-1c73d0b129bc,31,1933.4397008154972,clothing,bank_transfer,0,2020-01-11T11:30:33.777987
12e58dba-1f47-02a8-924a-b9857d4c4f2d,52,3224.1359727104846,books,credit_card,0,2020-04-05T14:49:11.465528
4c6fa796-b2f0-c413-540b-1f433e73c63d,75,3318.6786563961173,clothing,paypal,1,2020-06-29T13:52:59.099164
45a4ed49-e85d-dc13-2b71-5a56856860d6,59,374.32157216261675,clothing,debit_card,1,2020-06-17T13:21:13.811545
df17bf33-bd45-ed26-0bba-2692ed4a4658,73,1186.387370338841,electronics,credit_card,0,2020-04-17T09:10:14.161820
19da2f9e-7845-2907-7183-9552ba869de9,76,2823.824460240918,clothing,paypal,1,2020-04-08T20:17:22.386851
dfcac5eb-bdb1-dbe9-3e6b-601511397c4a,59,422.66258477945047,books,credit_card,1,2020-04-20T14:27:52.032694
8c987c9b-d9eb-1fba-1cbb-8a3f61a6fa5d,56,4902.384806738269,clothing,credit_card,0,2020-03-20T00:26:22.013669
53613f99-1573-c7c6-e987-66c16ef29a91,42,106.19637173707235,toys,debit_card,0,2020-01-12T12:35:54.513453
4af1a293-253a-c5c3-92e6-0e6f42178bd4,38,1004.031388195512,food,paypal,1,2020-11-10T00:55:37.185582
c9b7af9a-4710-922f-97d5-e775af424a09,19,4037.3823253286046,clothing,paypal,0,2020-07-13T01:38:39.383748
4398a4b5-8e79-36ff-7b32-86ad27a25a48,36,1395.9702924123862,electronics,paypal,1,2020-05-09T10:10:00.625899
f6ec852a-452b-9bf5-9621-20f1c147f2a0,50,2114.2734665614894,food,debit_card,0,2020-06-08T13:04:45.608885
54c30e3b-9394-8157-2dc1-9c62ec52718d,71,4997.852833470313,toys,credit_card,0,2020-12-14T21:28:19.237571
d463a6f9-7c9d-7153-1bcb-1a3f711c7216,33,4421.688302786067,electronics,credit_card,0,2020-07-25T10:22:07.289176
2f3f3d76-a99c-418b-a912-b890e92f535e,69,284.5509719767952,electronics,debit_card,0,2020-09-22T19:45:51.109745
793e4149-541d-d0de-45b3-2090ee2575d8,29,1956.9393489936556,electronics,credit_card,1,2020-08-24T21:17:08.128444
24f56562-c3a9-7a80-55e6-aa84df64e18f,21,4598.790513690837,toys,credit_card,1,2020-08-03T16:16:02.251197
5c9973d5-d376-fb3d-4e1a-ed0602cd1445,59,462.63068748255193,clothing,bank_transfer,0,2020-09-21T19:18:27.311921
af13ac93-5ab4-20a1-332d-9384d6344b64,46,1203.9488758428486,books,debit_card,1,2020-01-02T15:57:05.867041
47512559-6feb-9f24-b16d-db65242f333b,58,3655.146019524359,toys,paypal,1,2020-05-25T14:37:27.062108
e673cdeb-ea20-3695-f25a-0ef2eeb16df5,18,1788.60392099026,food,paypal,0,2020-09-09T11:10:13.697348
cb257243-d7fb-67bf-e033-e5bac489c626,74,2963.9014237258366,electronics,credit_card,0,2020-06-21T21:08:03.272743
8f1cfddd-4b14-a9fd-d306-2c9396d8217f,68,2325.0191807558563,electronics,credit_card,0,2020-08-23T08:28:36.580172
93eba86a-c490-9d30-611b-025fcb9e7f4f,54,3375.9544033813577,electronics,debit_card,1,2020-03-27T02:18:31.656100
f1c32a55-53b5-6d85-5b37-2ae667d31dc9,63,3414.49633560833,food,debit_card,0,2020-10-16T15:32:49.186695
5383155a-a1b9-e99d-a3f3-87a7a1a08731,65,2777.834143138127,clothing,debit_card,0,2020-02-06T19:11:23.273529
aee8456d-5857-9c84-3d7d-fdf4b98278fe,40,2269.6788263159233,electronics,debit_card,1,2020-05-09T04:34:17.762135
ecc59837-42bd-5b20-0f81-82f51aae4151,44,2812.010935655046,food,credit_card,0,2020-12-22T02:53:23.105875
057b6c1e-17cb-ddde-5f7b-5c0ded4d1c5c,21,2983.739007021026,toys,debit_card,1,2020-10-25T16:06:44.683869
9c297c4f-4b19-35de-bb92-077797b08a2d,39,1837.7824623464708,electronics,credit_card,1,2020-08-18T00:09:30.773633
cc07ad3e-67af-3f60-1e5d-0e99d4c2e683,59,2065.376357992504,food,credit_card,1,2020-03-08T01:48:28.974092
212dbf3b-be64-d4f7-f7b4-609a751060b1,49,3995.274524171838,electronics,credit_card,1,2020-11-24T12:26:47.681328
07dd3789-eb3c-f2aa-3609-9efae5903397,25,3355.3127495471813,clothing,credit_card,0,2020-01-08T05:37:56.572184
86dde3b8-8e25-0ba7-0b29-a9a7a9281abe,64,1669.8294796055832,electronics,credit_card,0,2020-07-07T19:08:01.762928
e5bafdcd-7c52-fd16-30e0-03a2c6ffe625,29,1737.0092431108076,electronics,debit_card,0,2020-02-18T17:27:51.851524
f14cbd78-72c5-73cc-ff90-d01287b2e821,31,2806.7773197434663,electronics,debit_card,0,2020-01-17T06:34:25.681053
6ba252d8-bb6e-7b18-e1bf-34cb62bfc091,66,4757.682851422573,clothing,credit_card,1,2020-05-16T06:40:59.187253
461d6b59-4753-6882-6864-5a2512623f63,52,4351.619227566326,books,credit_card,1,2020-02-17T01:27:03.654299
2aaab7c7-5f0a-3057-4380-1423a221aa11,22,1321.6610719572882,clothing,debit_card,0,2020-07-29T19:28:25.707167
63414bf7-3730-8761-cd68-d12f0500020e,70,3213.134486177405,food,debit_card,0,2020-11-26T13:45:53.106627
bd268288-ea3f-47db-1f20-b79dbcd50b22,51,52.46413566671316,books,credit_card,1,2020-12-07T00:00:50.667801
02eb630b-62bd-d375-ca54-76ce16658dd2,48,3174.9865087446515,clothing,credit_card,0,2020-01-20T07:01:07.025229
6e1a0789-09ed-5e00-daee-a60b6702235f,65,227.7188330692528,clothing,credit_card,0,2020-09-17T11:03:27.216449
7524a4f9-1681-accf-d159-36ae6cdf0384,26,4121.242079941363,toys,credit_card,0,2020-11-24T07:08:40.255885
2b5671a9-da7a-e2c0-5ea6-de72b6ae3abc,78,1929.869875742257,electronics,credit_card,1,2020-02-05T20:54:11.157488
ca1b1d4d-eba9-c0f9-be48-9c0365e6893b,55,564.269265784909,books,paypal,1,2020-07-29T23:05:47.218366
f0159d69-4a15-8c40-372d-5b4742f5aa12,73,357.2125371636617,toys,debit_card,1,2020-01-08T00:33:34.349401
4ebe6d85-da75-7636-36cf-d861477fdf32,38,1631.8975724690783,electronics,credit_card,1,2020-08-12T18:25:12.227896
ad144dec-18c2-d6c9-a889-37afc722c165,78,3523.698646527555,clothing,paypal,1,2020-05-08T10:43:35.460034
f3902e51-9195-9973-7a3b-0d18a6d966da,76,2124.9344130164,food,credit_card,1,2020-01-10T02:50:35.955869
9394b482-ed58-b181-fe21-81f47c511fc6,24,2717.4461597640607,electronics,paypal,1,2020-03-26T15:47:17.499461
aa603531-af35-f609-59d2-1859454d4581,42,3822.712915834641,toys,credit_card,0,2020-08-11T11:29:41.814204
0a16b859-52d6-4490-96c5-a3435ec3e941,22,3128.8222769487193,clothing,credit_card,0,2020-11-17T04:48:31.887665
60495fea-77f5-269a-fbc0-e341d78d7af5,66,3090.7994681265423,clothing,debit_card,1,2020-04-08T05:48:01.985903
d5011f0b-9295-ae07-19f3-161a5cc5bcc0,62,3646.5479944644712,clothing,credit_card,0,2020-04-29T09:10:39.883912
a45ec906-0c1b-d23f-bb41-e16a86294da1,46,3770.3938784200755,electronics,credit_card,1,2020-03-09T07:10:17.105916
dff45d9e-136e-a1cb-0f11-a03bf4f98115,23,279.7770821629711,electronics,debit_card,1,2020-01-17T21:19:00.334678
d7ec99c8-4b70-857e-08ee-0c163deb0460,72,3910.681816000194,clothing,debit_card,1,2020-02-01T20:26:45.820629
57d4e61e-9a87-73eb-88fc-ab93b44d5b0b,40,861.2498325816254,electronics,debit_card,1,2020-04-19T03:55:07.567939
df31a068-bfff-0e02-b0ec-727726075b11,29,843.5512593481777,toys,debit_card,1,2020-02-06T19:27:52.908050
953143c8-c9f8-cbb6-98c6-d986a6509950,73,3416.446708365293,books,credit_card,1,2020-04-20T10:41:05.712120
1269080d-ca0e-dd84-90fa-352752ee450c,67,4413.6319376923475,electronics,paypal,0,2020-06-08T21:25:06.658409
0fa3eb1b-3b43-f047-3ae7-56a063d7a932,79,4029.9412928059965,books,paypal,1,2020-12-06T17:02:53.794981
618726e8-90d5-f32b-04f3-bf20003d35c9,58,4813.077945759259,electronics,credit_card,0,2020-11-28T06:51:37.827979
b2f4fcf7-e122-017c-81d2-0f23b425ccb6,62,400.41420018803063,clothing,paypal,1,2020-09-28T15:27:41.677201
d27c54ea-af51-e014-5863-28e153406682,18,3886.8898563068424,clothing,debit_card,1,2020-09-22T21:39:01.055961
2e26f7b1-2ddc-a47f-1d02-286410fecad0,25,615.7713214821064,electronics,bank_transfer,0,2020-01-09T07:28:09.484035
f74ff7b3-f617-4b5f-b65c-f30fd8514463,49,2811.7925858337694,food,paypal,1,2020-08-29T16:44:57.039780
54807c50-e138-7480-ae6d-8f32f469f217,77,2530.636011928027,electronics,debit_card,0,2020-06-14T12:31:53.818025
ab8bcd08-8198-23c0-ed11-a5450fb1323c,65,3132.3046482875893,clothing,credit_card,1,2020-03-26T19:19:57.543615
492fb69f-204f-ae4b-6988-12f98fe673a2,61,2388.5208781316,electronics,debit_card,0,2020-03-05T03:38:00.860105
a61260ed-697b-f9bd-d58b-f21166e9f837,45,2736.2541072283066,food,debit_card,1,2020-03-14T06:45:31.037151
295a3277-516f-a96b-031c-9cefc85a4f24,28,3032.8780114097153,electronics,debit_card,1,2020-08-24T16:20:22.371178
ee09f53d-f38f-5cab-43a4-d9635b0ad0c7,62,1678.8681960324805,toys,debit_card,0,2020-03-14T05:46:38.265162
0e5f488e-1351-58e0-4b36-c7faede5cfe6,78,4579.767983108085,clothing,credit_card,1,2020-03-09T01:41:30.912022
424830ee-0146-7d5e-cc79-27adf7cfd436,61,887.5828039262199,clothing,paypal,1,2020-06-17T11:35:04.773694
7aaab6ff-09a4-7cf2-69b8-131d39e91c63,37,4560.441382951352,electronics,bank_transfer,0,2020-10-09T12:41:46.521161
0feceac0-8199-076c-a522-054de6e25f33,54,4122.562582608037,books,debit_card,1,2020-09-26T07:59:06.107944
128a4e1b-0d0e-40bd-8bc5-b333aedaf70a,74,2024.9725206476548,electronics,credit_card,1,2020-03-22T05:58:30.683003
32f1adf9-8816-95bf-885e-2bc65c01344e,42,3793.8675192214523,food,debit_card,1,2020-06-07T09:57:32.366155
aa94b565-6123-dd9f-f18b-06f29d673ca1,48,997.3315064688774,electronics,credit_card,0,2020-05-04T04:09:35.692095
480d42f3-14e1-cbe2-3936-3d1c49a96791,51,4047.0527234660185,books,paypal,0,2020-12-25T01:40:10.424581
8f65276b-71ff-a516-5650-da35cc01cafd,45,3811.6339342857473,toys,paypal,0,2020-06-12T21:46:52.226414
9c1cc522-1c22-4d1c-68d0-58654b3c3369,61,431.6314489363445,clothing,debit_card,1,2020-02-01T15:18:19.881912
9f11aebe-b757-031f-e325-7c7acf55cdc7,58,2185.2072823371727,food,credit_card,0,2020-11-23T15:03:42.262207
b13695e7-9fa2-76b6-ff37-939f96f52949,61,2134.3666853924233,electronics,paypal,1,2020-05-16T01:30:57.163087
72826b1a-af3a-02ff-8c9f-0792b1cd7c8f,67,4868.084962534879,food,credit_card,1,2020-07-01T08:30:51.765050
7569e8d1-356a-f23a-bb27-42fd1673b476,65,4478.613043074797,food,debit_card,0,2020-03-22T08:41:04.708123
7c42e2d4-89e9-ebc8-0a3b-9a7b0c81b080,42,421.8769717680436,clothing,credit_card,0,2020-02-07T23:47:09.839766
ed5fa6a7-7101-f05b-4d3c-26f0dc17e75a,58,423.8192316450067,toys,credit_card,0,2020-10-03T13:12:07.685253
6adc3585-b35d-aeef-7b47-cac0ccf88cfe,56,2977.6615031148804,food,credit_card,1,2020-05-25T07:18:31.362755
37304c9a-3dff-3ae0-6b1b-614278550575,70,1999.9439638723727,electronics,credit_card,0,2020-04-27T21:36:55.908250
fe5f2fc8-1b6b-088f-9d20-eda0c910e1b3,65,3446.234842288752,food,debit_card,0,2020-01-03T02:31:49.401044
c8dfc4dc-ee63-521c-1ee0-b6f724c9d4c3,23,2665.03164290918,books,credit_card,0,2020-06-27T22:49:08.682121
6d3fe2d7-25dc-8b6a-d6de-db89a2d240dd,24,2325.54913848019,clothing,debit_card,0,2020-12-03T16:32:38.857421
c66de9e7-98e8-bdab-b05c-53e3dbc041f8,64,4069.9368917970155,clothing,credit_card,0,2020-12-29T23:57:07.614985
ffd76eae-e2f3-827b-eee7-921f0919a770,41,3193.5424298159382,clothing,debit_card,0,2020-04-24T04:40:19.898907
f197a91a-2023-dce5-b8d4-4f6f965ef0eb,37,665.5882418208874,books,debit_card,0,2020-06-01T02:00:53.530969
ca83c3a3-8b15-8698-24f0-42f7b9aa7de6,28,2976.810659182512,clothing,credit_card,0,2020-06-04T02:12:17.452317
bae84051-98ef-f7a7-8406-fd5283e9d67a,64,4197.290608493717,electronics,credit_card,0,2020-04-06T03:53:15.374050
ea7b501c-d35a-7e7e-6d31-d1dc686e8a62,35,414.49042078861106,clothing,credit_card,0,2020-06-26T00:42:50.575557
aa437f3c-01f6-6b50-88fc-dede80f9dbcc,23,3352.567023292657,toys,paypal,0,2020-04-25T20:02:04.843048
ffcd1ac1-8284-2d50-4216-1f2d7c02f3e5,52,2364.0222172076465,electronics,paypal,1,2020-03-21T20:38:37.756355
7a9fa759-92b5-d442-14da-880f938efb1f,37,1779.6049238021951,electronics,bank_transfer,1,2020-09-25T09:13:48.612956
2c0a344f-5f6e-f0c0-34c0-00513456e030,37,4303.123434451426,electronics,paypal,1,2020-10-20T15:45:27.635696
1ad806fc-150f-3bc3-5da3-8dccb1c0cc1a,30,2519.128943725994,electronics,debit_card,0,2020-11-22T21:07:07.696881
27bc05bb-8ea5-ed0e-0390-31fa48e847eb,53,3005.0210125885237,books,credit_card,0,2020-08-20T13:13:55.138775
44b4fdd7-8ba7-9834-f6f3-dd68a5960906,77,2449.6925951609587,toys,credit_card,1,2020-02-28T22:10:02.351833
e88b7b47-e3eb-d3b9-996f-0eaa9ebcecf2,45,2173.1987332104145,food,credit_card,1,2020-04-02T00:39:02.274517
a83f90cf-fd3b-a4db-f4e4-44321960a6f5,62,4681.430434683133,electronics,paypal,0,2020-02-09T05:07:37.508640
6ecf67b6-b52f-e6ef-1705-67e7bd2177bb,42,1525.7947780349175,electronics,credit_card,0,2020-05-23T17:39:46.940712
62a62bf7-033f-59d2-8cdd-eb5523372f8a,57,55.37558942383692,electronics,bank_transfer,1,2020-04-06T01:38:33.930783
df17864c-dbfb-bedb-5eb0-5e944b861ef6,18,408.9271919324612,toys,debit_card,1,2020-11-14T14:55:44.009295
1d895757-d96a-9d6c-df5e-44a23eddf26b,29,1623.206703117647,toys,credit_card,1,2020-03-03T10:03:12.666883
87c3847b-ecd8-2c43-f2d7-1d1a8d34a98d,53,1039.3080504925506,electronics,debit_card,1,2020-03-26T23:09:35.075001
a1641bf1-d93e-7d17-01c0-e0e2e1dd461c,59,4035.267908442139,electronics,paypal,0,2020-03-18T17:36:32.401714
923e5994-34aa-d6f9-87d1-311ccba18fef,40,932.4894181354854,books,debit_card,1,2020-06-29T06:00:07.452212
40769de7-9987-42ba-a9b6-306f560ee5bd,33,1309.7500483795325,food,paypal,1,2020-03-08T16:18:33.656673
f00cae46-65aa-5525-007d-17cfb7490c42,57,4234.049490116522,clothing,credit_card,1,2020-10-26T01:02:21.369140
e41d0c4b-c3d2-a7df-37c7-582f85096438,32,1970.192666947467,clothing,credit_card,0,2020-05-20T02:42:56.737216
867edd08-f405-c2d0-c769-757f9b1cd2b9,37,1677.7768189255326,clothing,credit_card,1,2020-01-22T01:09:35.022532
f6cb0a54-ca30-996d-1139-03bb583d30e7,45,2048.1924011753217,electronics,credit_card,0,2020-12-12T09:12:30.587055
218e3869-4489-7523-0e16-e646ac21cdb4,76,2151.444287968822,clothing,paypal,1,2020-01-21T17:07:18.854379
bcc5eacc-2658-7650-39ef-119bfd637b32,45,4152.664314794389,clothing,credit_card,1,2020-02-18T08:24:28.867759
89838e58-8653-b7f0-b346-0626934d7d80,53,1944.2073472640293,toys,debit_card,0,2020-01-03T19:07:53.702983
327ab986-4f44-9aa2-892a-f1bed98d5743,65,4564.523589427352,clothing,credit_card,1,2020-08-04T11:35:23.934978
7aa151e2-61ad-b72f-1a46-5f6f50b9c6a2,18,1238.3487326698503,electronics,debit_card,0,2020-03-12T22:24:49.876432
17610ae8-d06f-4a54-14fc-701942a384f3,60,4581.225717716861,electronics,credit_card,1,2020-08-18T08:13:54.937239
55ce125b-3fc7-b160-e4b5-e77a5db29262,47,4924.619258116782,food,debit_card,1,2020-12-30T10:24:46.996972
ce9fba00-44e5-b282-ef0a-a15c165b536e,31,3629.551835957742,food,paypal,1,2020-03-26T22:30:12.469288
d02fd8ef-f322-b00e-c90c-36beec94e9e5,24,1713.421013407605,clothing,credit_card,0,2020-09-14T02:38:55.213359
6c48b0ad-6a9c-44ce-76ce-67584e09f2b1,36,204.81822774509777,electronics,credit_card,1,2020-11-07T03:02:45.817417
965d861f-adaf-cff8-5712-8d5cb27f4f89,76,969.9950883246166,toys,paypal,0,2020-08-06T15:54:53.308266
e7cccb54-2004-1b7f-7c91-25ad9d1a2754,38,3794.631296599768,toys,paypal,0,2020-05-07T08:32:52.948356
17ae3b13-6ab6-418c-ab77-ec520efc2fc8,51,4725.619551242267,clothing,debit_card,1,2020-05-30T08:47:13.892607
4b9b3ee3-2a58-50c2-f86c-6d6b33a1d85b,65,683.7996431936562,books,paypal,1,2020-07-14T13:33:00.094312
d563ce1e-2736-d7d6-7a73-c7f5c0448a7e,41,2820.0974106287017,electronics,debit_card,1,2020-10-26T16:39:01.575769
0722fc71-6070-2582-c543-5797893d4752,19,2498.998719895367,clothing,credit_card,0,2020-08-19T02:03:14.019213
9c99ff6d-c1f8-fc23-200d-7c97c3f74503,35,1181.4850529505368,clothing,debit_card,0,2020-11-04T03:00:38.303090
939e43ab-3340-81f1-dc48-770d634ab691,79,1059.4409324693374,food,bank_transfer,1,2020-07-25T11:41:40.348629
65800bfb-7f6a-281a-4759-d978f8c2ea17,29,4911.018194953049,books,credit_card,1,2020-04-08T14:40:42.934654
0d68aac0-6194-f911-9b12-43a7b161429c,26,3359.2083612334936,electronics,credit_card,1,2020-07-18T21:56:08.639217
13d0d0a6-c1a7-b1a4-c54d-9ae8eb77f71c,39,57.492151727800945,electronics,debit_card,0,2020-10-06T22:27:33.825561
7e7e1a71-5ef5-877b-854a-0ba37c0e424f,25,4778.847788098956,food,paypal,0,2020-03-08T07:37:19.813599
a3189eb6-90a2-8d87-bfef-11058d57aeb5,60,2121.041975802375,clothing,paypal,1,2020-03-04T23:40:47.135546
1425758c-af38-fa39-ff39-d90159aa9d42,29,3204.6807664221164,food,credit_card,1,2020-08-15T18:13:28.339197
40ed00b5-59a8-c322-ed56-8a1589bd1867,33,1198.0069475645935,clothing,bank_transfer,0,2020-12-26T00:03:24.587525
11486cf2-30c4-fdbf-dca5-5b906d7c12a2,40,2982.983753862695,clothing,paypal,1,2020-04-03T15:49:31.812842
fd1a009f-4baa-bcb7-457b-a710c5390046,46,2886.9188644192122,food,debit_card,1,2020-07-10T15:05:40.109989
92b402ba-971a-4701-4bdd-79e7c6687bf5,38,4379.056298039872,food,paypal,0,2020-11-04T09:46:13.588395
b360ddfd-b5f0-8872-fe3b-32af544e96ab,37,2349.8884889118244,food,debit_card,1,2020-12-23T03:47:25.662411
941a3a33-62e9-7188-9927-ac8e8f15cb2f,30,1042.3688507437041,electronics,credit_card,0,2020-01-22T12:10:54.068563
b03e1916-8a32-3b16-9422-940901e0edd5,35,4089.1704300649294,books,credit_card,0,2020-12-10T19:34:40.902099
648b36b7-a38f-557e-a7f9-522474eab2be,20,1369.0062914842301,electronics,credit_card,0,2020-03-22T10:22:02.251867
c0df9da7-140b-7a2a-d0f9-6430b224e285,78,2994.1120742777516,clothing,credit_card,0,2020-01-22T03:54:55.104054
ea29a1db-88cf-1d11-69be-044a942af9f2,28,1497.7366699963939,books,credit_card,0,2020-03-10T20:38:12.903274
1b7abb6d-bdd5-eb9a-064f-735f0ddfb4a4,60,2307.8047508184345,toys,credit_card,0,2020-02-16T19:27:52.181490
513fe0df-2348-7788-1548-a69cd6288d86,67,2419.546037451209,toys,paypal,1,2020-01-24T10:39:59.097048
1aa03a56-c455-2d2c-e57b-6f3bc1a54f89,67,298.87320033720295,electronics,credit_card,1,2020-06-25T07:10:50.784639
f87bafa1-c6eb-c46e-2ade-c13e7a91b282,27,3029.393433824239,food,paypal,0,2020-02-11T21:44:10.424337
db6162dd-3c62-efc2-625f-4f7268ad0ab8,55,4340.749639218193,clothing,credit_card,1,2020-03-29T01:13:23.696427
ab2fa74b-dd2a-11db-717a-e530f6819fa7,29,3321.3785707316497,food,paypal,1,2020-09-18T06:58:39.641898
03111d90-ad75-837b-ecb1-e7b95f734694,33,1441.0680713520094,food,debit_card,1,2020-04-18T06:30:15.407674
df27713c-99d4-801d-dfc5-df38457dfd54,71,720.9877752269215,electronics,debit_card,0,2020-08-14T09:20:44.038145
3fa16ef2-5b38-3969-73a2-cb08eac3921b,73,4118.704427750007,toys,debit_card,1,2020-02-09T11:03:38.039441
fe990dd3-eb9b-3585-61a4-633e6fe741b7,41,4001.2202562937564,clothing,credit_card,1,2020-01-20T09:32:31.726564
8f13a84e-30e7-a1f4-8d50-4a8c86497aaf,35,3716.032373351774,clothing,paypal,0,2020-01-18T11:08:46.222529
d66cb61e-a6e0-fc77-5e96-9ea94177b8d5,41,3774.530860836601,clothing,credit_card,0,2020-04-23T03:29:01.493967
d685fb1e-759a-591a-6033-fc7d100aa2aa,50,4280.28010995874,books,credit_card,1,2020-02-20T19:22:34.009658
28ee8fd0-9457-6796-452c-0d7ca6c3fe46,60,2380.3108613737377,food,credit_card,1,2020-12-09T15:08:56.019843
020fcf51-5660-0773-462f-d528975dfdc8,25,4472.815370863045,clothing,credit_card,0,2020-10-04T21:13:52.231388
467b78d9-e0e0-71d9-b127-36cf0baa1999,34,2243.54106622367,food,credit_card,0,2020-03-12T05:59:48.288794
3540303c-19fa-d911-3c22-5fc8cae45839,22,1222.5817866753664,clothing,debit_card,0,2020-02-12T13:51:15.128808
fcc8b420-52e3-03e9-2c7a-8131073f6047,68,4606.640049466491,toys,credit_card,1,2020-03-08T22:38:07.082134
7cb95c7a-1dff-b62e-b93e-dd480f6cd0bb,68,385.978281232071,clothing,credit_card,1,2020-09-02T18:13:50.513615
728f2d57-9174-f419-4235-08e23ebf8560,75,1215.724821672286,electronics,debit_card,1,2020-12-25T02:54:18.692491
7ecc260c-8701-b3c1-907e-46659a3d676f,64,3548.988744001669,electronics,credit_card,0,2020-12-06T15:07:50.636268
d432b8d8-1c1b-0a14-e427-0988d9c42824,73,1822.4333335716572,clothing,paypal,0,2020-02-16T10:36:55.140464
18b3fa73-0396-18b2-35c7-2af113122813,46,1509.9912053509845,toys,credit_card,1,2020-02-25T07:59:54.838592
5ecbdc7c-acee-6f91-6c9e-36f902d6de2a,66,1385.2584345337543,food,paypal,1,2020-06-26T03:26:11.002127
ab3f0884-8636-7678-4928-d99f67833f6b,53,1215.7077411928813,clothing,paypal,0,2020-02-06T16:59:39.409667
ed0048ed-e432-bb0d-0afc-01d6efcc48c1,51,1383.3453656177987,electronics,debit_card,1,2020-03-20T18:20:59.011386
255fdf8d-c7e8-fb45-cca2-8b3e3eba5757,45,4116.610569402263,food,debit_card,0,2020-09-23T13:51:16.638987
f16eb88b-e8f5-57da-0002-48136568c095,56,3258.0266547706296,clothing,credit_card,1,2020-02-28T18:16:30.989609
139235c9-7650-84a7-5b8b-eb402ad77aa6,21,1015.7760612460867,food,credit_card,1,2020-06-01T13:10:47.509170
d5e6e96e-d78d-94f4-af75-de53b59306bd,35,4952.461338610465,food,paypal,0,2020-12-27T12:59:02.809707
efc88dd3-fe6b-8f3a-cc61-785bc568d35f,29,4619.233139815588,food,bank_transfer,0,2020-06-02T10:37:18.411677
ee9841ac-bb52-81b1-fb6e-6dab05d069a8,62,3049.285466224833,clothing,paypal,1,2020-08-05T09:15:30.965351
59e99732-972f-e7ba-f764-9c241bc7f1a4,29,1806.2462522205258,books,debit_card,1,2020-11-18T11:58:12.972302
ade969e9-d375-ac72-fff9-a00a856018a0,54,33.28044050663972,electronics,credit_card,0,2020-10-27T16:12:13.677266
7ccf46ef-7b49-8b5f-5234-0b71f17d2b44,35,1907.6758410971865,toys,credit_card,1,2020-02-19T14:23:34.613239
bdb533ba-4da4-3a29-e07e-c96e86d915d5,60,70.1598075176021,clothing,credit_card,0,2020-02-29T15:32:39.304475
0bdd36e7-a37b-4702-186f-6079386d19d3,26,3570.1295190365054,books,credit_card,0,2020-03-12T09:21:50.641858
9aa02574-f5df-5396-49e1-8d5d1a26e2e7,44,1850.9000015638012,electronics,bank_transfer,1,2020-07-24T15:25:47.273837
568b749e-12c0-d205-208d-45c081c2aae0,18,1693.1424701876772,food,credit_card,1,2020-10-11T11:59:11.042954
baefcf47-c54d-5ff2-9f0f-40151ad78048,39,1428.021246043838,food,credit_card,1,2020-02-28T01:10:56.672492
9cf1520b-8978-a52b-0afa-b5e5aa0d2bfe,59,1625.1546552263371,books,credit_card,1,2020-06-08T15:12:07.340942
d41c5439-3d86-10f5-bc6c-e111f8b38ee3,67,1840.5590346983884,electronics,debit_card,0,2020-10-01T22:58:49.102815
ecb6f111-60ae-472f-48aa-07db391a6b85,36,2008.7654934753257,books,debit_card,0,2020-04-16T12:57:01.792203
4a839be9-aad3-976b-3f11-485ddefe72d2,42,4728.176447486748,food,credit_card,0,2020-10-29T21:32:07.589751
6352888e-515c-00e7-fbcc-6f670a2c6c07,45,621.082358266873,electronics,credit_card,0,2020-04-19T01:43:15.626188
f1376d73-4f0b-76f1-05b4-362f8475bd8b,20,531.3959703512163,toys,debit_card,1,2020-09-29T17:53:42.798300
efab0258-1fea-1c15-76a5-283e41c2ea12,61,2902.105647581353,toys,credit_card,0,2020-11-15T06:21:10.079543
801a044e-a093-fa49-b073-896df66cf3ab,27,963.1460896884105,electronics,paypal,0,2020-03-21T17:25:34.442919
ae4b3f7b-2264-6312-ac3e-2fd53fda83d4,44,2976.1838802223,electronics,paypal,0,2020-12-14T13:14:11.562801
ed0ce046-aa21-1e09-b10e-4cb63ec68032,42,3925.6680463443636,electronics,paypal,1,2020-07-12T03:09:31.153780
38e49091-4629-ce4e-44e0-b4bf5c623951,60,157.2875802668328,clothing,credit_card,1,2020-09-30T10:17:22.252315
f3f2ecf9-5c13-dda9-618f-cbac4746e059,50,207.8201338051044,books,debit_card,0,2020-06-10T01:19:17.169675
6ff8dd5f-932f-5bc5-5524-66aab5441bbc,43,4549.050021606611,food,paypal,1,2020-09-16T07:53:32.191963
1063a3d0-5b96-b937-baff-0a44df072716,42,442.34362578060063,food,credit_card,1,2020-04-07T04:01:42.696910
caa2c1a4-bdbc-9ae8-a375-da3c2814fdd0,59,3069.266619416481,toys,credit_card,1,2020-07-13T04:14:41.373691
0a58193e-c84d-fea1-3086-335b53924b18,68,3596.631711310192,clothing,credit_card,0,2020-09-22T19:09:18.584256
a880395b-eb0c-9f53-5ebf-e4082086b8fc,31,34.75490886115526,clothing,credit_card,1,2020-05-24T20:17:09.600681
8b99563f-1d30-ce62-fe54-b5bd54a1c763,19,4290.895905305939,clothing,credit_card,0,2020-06-28T21:23:28.799154
43652e9e-243d-dbfe-3acf-fd31138b85f2,45,1442.2227753427828,books,debit_card,1,2020-05-01T04:33:57.102075
e99fe81a-0547-8567-b39d-072cdc6fd1d3,45,743.593909325887,clothing,debit_card,1,2020-03-18T09:29:59.276856
16fb9352-1c4d-175f-a62b-b7d2b66c0537,47,4214.420635138517,food,debit_card,1,2020-09-06T13:19:18.444270
7a2a0e44-abe0-3794-d6d2-5af3aebf0a2d,22,3785.429277620962,books,paypal,0,2020-04-23T06:58:32.391225
ff47f911-ee3f-a9df-4d5f-92e6d33a8c43,50,278.7410926206543,books,debit_card,0,2020-09-04T19:32:26.251334
4f6e7651-cc24-2a0b-225c-cacadfe75ef3,61,1432.5582449083458,toys,credit_card,0,2020-05-10T18:55:13.458468
7451723a-e752-f98e-3d15-ad23c0d59524,39,3654.956785209129,food,debit_card,0,2020-10-09T01:31:27.200307
490ecebe-25d7-ebfd-e46e-3ba8eff62ab1,73,2459.5662481510444,electronics,debit_card,1,2020-08-10T08:46:44.122044
075c9996-0506-cab9-6efb-9b64c521dfc1,49,2290.1357683795745,toys,credit_card,0,2020-06-09T13:13:19.297699
cb7bc855-352f-0d9f-e2c7-2c6710088d5d,76,3875.557051114899,food,credit_card,1,2020-10-13T16:35:42.836175
546c617a-0a44-b27f-b0ce-c67e5db0df33,78,924.734211850943,food,debit_card,1,2020-07-23T13:29:17.844916
9c414441-c630-df53-f5ee-ba1f3b4697fe,69,4915.829421317187,clothing,debit_card,1,2020-05-14T07:35:30.241542
d08ab095-53a4-2212-6578-0370e2ccdea5,18,1257.183422272801,clothing,debit_card,0,2020-04-05T22:41:11.376173
f476e111-d417-a8b9-720b-661bc9716add,64,3154.991930269041,electronics,credit_card,1,2020-05-10T19:18:09.219173
c959eb9f-e1ed-e889-0eab-7c3718bf1d2d,80,3988.3407988099816,clothing,debit_card,1,2020-01-29T05:44:33.973994
71c536bc-91aa-6f82-f4b1-be80eca57317,53,3375.259741276295,books,credit_card,1,2020-05-08T19:12:32.491078
8e2d0a7b-fb0f-a93b-c722-e577cfcfce1b,63,814.4101381782261,food,debit_card,1,2020-12-21T17:57:00.536181
f75cac4b-7dce-7d20-e8ca-9bc921d05a76,21,4635.150769141545,books,debit_card,1,2020-09-08T19:34:32.256635
84ac9187-d649-c491-1e8c-726eb78846ed,28,1750.9921445413065,books,debit_card,0,2020-12-29T07:49:39.004034
64f892aa-6739-b00c-fb3a-d476f1fdbfe0,22,657.0984269073641,toys,credit_card,1,2020-05-26T08:57:44.797183
b6d60771-2cd1-ed12-1398-0d8491d64d0e,70,2531.780610752602,clothing,credit_card,1,2020-05-03T10:05:34.671253
da129867-daf6-2e7f-dc88-598528fb6e3f,41,2880.432363842468,food,credit_card,1,2020-04-26T06:46:53.631038
407346c6-b52b-4b10-910e-bddef6a1e22c,58,4737.347766386583,food,debit_card,1,2020-04-10T01:42:03.661353
443f6ad3-a2d0-506a-575e-d63b55edc2ce,29,4856.293474255249,books,debit_card,1,2020-01-03T12:45:13.822640
7c58d3bf-d102-53ca-a3a2-988e054909cf,24,2693.1987580760892,books,credit_card,1,2020-05-15T02:50:13.905759
31c1c32f-decc-c366-46f9-86c2a142c005,52,1221.0048143045528,food,credit_card,0,2020-03-13T23:03:21.246810
4586b425-38a5-ed5f-4df9-6d93efffc5f5,77,4555.868911819119,toys,credit_card,1,2020-05-18T16:54:22.628585
b59b6f37-0a30-e4f3-276f-b15a2c6943ee,59,693.5205206806239,toys,credit_card,1,2020-09-02T15:15:04.406101
f4b93844-2609-928f-b0ef-f2b5d0b2c05c,54,3836.269619723071,electronics,debit_card,1,2020-01-24T18:58:18.607936
70771437-fb88-bb14-c902-ef3fa78ca278,45,4814.055544649339,books,paypal,1,2020-09-18T19:16:09.999748
1e408088-f6bd-f35e-ec64-653b7ed1e38a,69,4295.118731063999,books,debit_card,0,2020-05-07T18:38:25.590487
4f632853-1d43-d695-5e4e-74fccf49fdb3,69,2455.4503922084787,electronics,credit_card,1,2020-05-08T09:47:46.469541
fa6eac9c-b44a-6997-f041-2adddefa4588,64,1427.559469518045,electronics,debit_card,0,2020-08-30T02:12:51.985724
2d3286d8-4d99-2380-43c4-94c92a4b44f5,48,3945.1302021174647,toys,debit_card,1,2020-06-25T21:53:50.171246
421f6d13-23e8-b7eb-b901-84e1be45017b,39,62.5894305700279,electronics,credit_card,1,2020-12-18T21:40:08.730372
26b34377-8f0f-7854-eea4-4baeb240ff18,73,2131.010774815586,books,paypal,0,2020-03-11T19:04:00.260729
8b8b7d2e-c24b-00f1-4000-c8c90bb4ad98,60,3735.507842808806,food,debit_card,1,2020-02-10T16:14:51.081102
c7c6f057-bedd-bd47-4bb0-1ac1d9bbd181,75,3319.5394463802486,electronics,credit_card,1,2020-09-04T16:22:47.793053
2f74e82a-2ccf-f7aa-07d3-6e96a810aa05,58,3725.6941377142025,toys,credit_card,0,2020-01-04T10:59:49.335923
edabaeae-2598-7915-0ae0-ae0697181cd2,33,4928.12807249181,food,credit_card,0,2020-04-02T02:08:17.916155
5070d782-d68d-9b05-a85d-41ec14c33d43,70,2086.948408554002,clothing,debit_card,1,2020-06-29T03:15:11.161157
2d5f6a87-b573-046e-8bd9-216b2b826469,51,3331.333574978618,clothing,debit_card,1,2020-04-25T05:05:04.492694
b2d9acfc-e444-3e3b-9215-b0c270e8e262,19,3830.592382967552,clothing,paypal,0,2020-06-03T16:05:42.886225
9aa37d17-e048-b4b5-81e9-2cb95c931da6,70,3449.307144878254,food,credit_card,1,2020-09-10T18:12:01.066964
dbb558c1-fe09-c1b3-5e26-13de41630b11,38,4983.1405347122645,electronics,bank_transfer,0,2020-06-21T03:00:22.660478
0d6ed5ae-b5f5-e4cd-edf9-1b33e82923b9,58,4345.3916569979865,electronics,credit_card,1,2020-10-08T10:00:48.244098
3758c48d-97e7-e372-8ffe-5fecd38cf07b,55,824.0045764264053,electronics,paypal,1,2020-11-24T15:19:23.926161
3deaaef4-1df7-350f-e448-5cd6b3417446,24,1556.6481859156559,clothing,credit_card,1,2020-04-17T22:28:51.859392
6440a2e3-b84b-055e-380e-c94243781ad0,58,4434.4537670281015,clothing,bank_transfer,0,2020-05-31T00:59:57.346658
af3a9b52-c392-da2a-2387-9248cb74c84c,67,2255.395842381495,clothing,credit_card,1,2020-12-21T20:54:59.386093
4b5089d4-658b-a6da-2821-808519423242,79,1293.805547399794,food,bank_transfer,0,2020-06-01T13:01:25.586284
c72da958-8065-1c00-214b-1fac9152a941,49,4766.919436332273,food,credit_card,1,2020-01-29T11:43:27.458989
f0aa32f4-3341-30a7-ffe5-16a5c7889cbc,45,4472.422646250162,toys,credit_card,1,2020-03-30T13:13:06.434805
90277879-82b0-7469-a660-df484badeba7,26,1680.268891420245,books,credit_card,1,2020-02-16T13:49:49.921924
89038b47-0753-9b71-d177-0a3addadb7e9,80,4252.643440133079,toys,paypal,1,2020-11-13T22:27:09.692449
ced2afbe-f63b-760a-5de6-43dbba9a03f5,49,2919.9214603861055,toys,credit_card,0,2020-12-27T23:02:24.589139
c44862b6-9592-09dc-ee17-9e26fe06fadf,64,1602.397098171903,books,credit_card,1,2020-12-07T02:48:12.660627
60b775fc-8cb2-4739-ae34-76f943c476f0,51,4246.540402547331,clothing,debit_card,0,2020-01-09T16:33:32.685613
45b088f2-6725-0ee5-6296-1db962a3eea7,26,4738.350247856562,toys,debit_card,1,2020-02-21T12:07:22.204636
3cc456ed-cf7b-3169-9574-817df8a3f3af,50,2995.8096111065856,electronics,credit_card,0,2020-06-12T11:07:01.831175
1407f94a-de11-7df5-2d10-c7edc43f2917,69,3531.715824921241,food,credit_card,0,2020-12-04T08:55:14.309988
f34c0015-ea0e-8979-99f9-aa6c4a88ecc0,44,2515.701802141757,toys,debit_card,0,2020-11-15T04:37:58.358723
77feeece-a353-b0b2-354e-37d49b34ad10,60,4816.284750571877,electronics,credit_card,1,2020-01-25T14:37:32.434429
45f03af3-4e1c-3b1b-3483-094d41e75f35,74,811.3195880687417,electronics,paypal,0,2020-12-02T06:17:54.994462
731ff3b4-f41b-adfd-8d4d-2b3c2b107ec5,21,2414.262936622557,clothing,paypal,0,2020-01-08T02:25:50.520860
57271fbf-8ed3-f5e6-94ee-2e37996afbe9,26,1188.433923373335,clothing,paypal,0,2020-08-06T21:29:11.594393
23ebba45-ee6c-b398-e742-ad8abcd492c6,68,2706.2231367356035,electronics,credit_card,0,2020-03-15T19:52:34.517440
d72259a9-010c-5663-2499-ab4846183f7a,66,363.0540812752711,clothing,credit_card,0,2020-08-25T10:36:56.224622
81080688-ada8-a97e-55f3-0aa810420c12,32,2290.333341802082,books,credit_card,1,2020-05-23T10:26:30.208500
faf76da0-379e-f178-61ce-9492260691c8,72,4579.506603897848,books,paypal,1,2020-02-22T10:32:31.335907
04864299-88d6-a87e-0422-663a2c48fa3d,56,3874.892014649705,food,credit_card,0,2020-11-12T15:15:19.845851
2da998a6-f0e4-cd84-9e8e-1f8cdca0377e,52,922.5491312657659,electronics,debit_card,1,2020-02-20T14:52:02.962842
3f5e4c4f-0813-119e-c72f-226e1e18841e,54,766.6728299109109,electronics,credit_card,1,2020-07-12T10:31:41.437476
5714e38f-a525-c9e7-d57f-df80964d8fdb,45,2186.680542874576,clothing,credit_card,0,2020-08-27T03:52:58.571841
9c5066ef-5d0c-e876-8af0-5e789c52fe44,59,2245.8818843820623,clothing,credit_card,0,2020-07-28T03:48:08.804401
9f169e18-0ac0-f268-b3eb-11aaffc91479,43,425.82741150680016,electronics,paypal,1,2020-06-09T18:35:57.227778
1e985d5c-1f3a-446a-7bb8-5c7e4c22a16c,58,4981.903517030926,toys,credit_card,0,2020-10-01T18:21:30.796412
fa5af919-4ce5-498f-0607-82c9279b0bcd,22,312.34060032519113,electronics,credit_card,1,2020-04-19T05:49:54.571013
ee7bf019-3a72-fe26-939e-ebd1557f3416,29,3877.701909905534,toys,credit_card,0,2020-01-26T12:17:12.476425
e9b5e9b3-f3c6-e527-010d-7d84ff01c3d5,72,1684.0243588201788,electronics,credit_card,1,2020-07-25T13:36:33.126926
78e20af8-81da-b6c1-9aa6-a40863f2d911,56,3614.869107820234,electronics,credit_card,0,2020-04-18T17:56:09.295569
b40bcacf-bfba-1428-d5da-0b3cdb926daa,60,118.67247851998636,clothing,credit_card,1,2020-05-06T19:33:46.997725
1c4c0e14-1426-fabb-01cb-9b99d57a67ca,31,4527.916418187897,books,paypal,1,2020-02-01T17:56:14.620977
fcf320d5-2e9c-2c42-6a68-b544ba84a90a,70,4022.0850223957877,food,credit_card,0,2020-01-18T05:05:43.758713
387af33c-3f8f-fd2a-76c8-e69d2f626e78,32,2339.0079983740097,electronics,debit_card,1,2020-06-21T15:06:34.512118
aa007fc6-b771-e774-c49c-15350d6c9934,62,1006.4819311996246,clothing,debit_card,0,2020-07-21T07:56:03.243910
c5aef62d-ed2e-99d6-b12c-a63d88cc2f16,52,2167.3303727188145,electronics,credit_card,0,2020-07-10T00:03:56.486132
2ef6a544-24b3-8e52-4d86-3bbcb85fcf98,25,4691.376215304665,toys,debit_card,0,2020-10-16T00:06:28.781753
c8e11173-5682-4aa9-6946-c737af1411e4,38,2504.9409322673328,books,paypal,0,2020-01-06T18:51:46.719871
0f19c88a-4e0e-7416-8e2c-161980cb4c3c,62,2657.9595794425118,books,credit_card,0,2020-05-14T06:43:43.811355
b71064da-1b60-3440-6523-e27c66f282d4,65,2629.924064062942,clothing,credit_card,0,2020-09-20T19:07:21.760492
f8bfbe3e-88bb-a0a6-ba64-1062f0afeca8,74,508.72279395646717,electronics,debit_card,0,2020-12-24T03:48:12.469894
aacd5ad2-95a2-b742-07be-e901e3697b28,55,2689.7942857333082,electronics,paypal,0,2020-12-15T10:06:32.379518
d85da262-46ed-1f6b-8121-c811e33ffbe3,27,4328.582811183142,clothing,credit_card,1,2020-06-28T19:49:28.326697
1db5df40-03c3-eb58-a201-90f974519e2b,62,1874.514414224282,books,debit_card,1,2020-08-24T03:02:38.914662
5d03405a-ae80-6abe-a848-586c2d13f519,54,4309.849027082256,toys,debit_card,1,2020-09-26T19:10:33.187933
3e00a635-be70-edc4-58b4-1cf726754794,28,4659.858309587351,clothing,credit_card,1,2020-09-13T03:10:46.942035
e54ff816-b2d4-33d8-b24a-cd5fcd2ece09,33,1848.0381855539424,clothing,debit_card,1,2020-09-10T17:47:43.450379
9cd28d14-712f-9c7e-a389-486ff25397c6,41,4827.593953080214,food,credit_card,1,2020-09-29T21:05:14.080114
32fbda76-93ac-bba9-3966-d5b8ff734305,51,3170.734818688374,clothing,credit_card,1,2020-10-01T23:15:40.536908
2e329bcc-0760-bdb0-7144-ac4a7e0eee1c,27,1233.9277176800558,clothing,paypal,1,2020-05-30T14:40:14.809289
f63f1948-c5dd-881c-5d9b-26cc2104bfa1,42,657.8671227812604,toys,paypal,0,2020-01-09T07:16:15.136464
148fa45c-b113-acfb-96f5-de6eb3773465,30,1557.650991627353,food,paypal,1,2020-01-22T10:06:09.086368
465efedb-200d-60b1-8211-09a38e0518a2,20,400.1952115493994,toys,credit_card,0,2020-03-22T20:07:02.046506
1590c1b6-839b-0187-70ad-4d1d49ff0dfd,25,3533.686161648271,clothing,credit_card,0,2020-07-31T16:06:38.364184
64207206-fd07-6a98-2222-5b25d4db2399,63,1491.0927591185523,toys,debit_card,1,2020-06-17T12:26:45.169574
8b502707-84ed-0bfa-f88e-14bcf5211da0,60,3424.644279368088,electronics,paypal,0,2020-11-07T11:09:19.455509
ec6f1292-ecc2-4308-8db6-0ad09a99c8ec,37,3417.0394543294988,books,debit_card,1,2020-01-19T19:09:15.378981
33bb9f41-b721-93cf-56ac-504eb1548772,48,3335.597050501771,books,credit_card,1,2020-01-26T23:28:33.851232
caa20a17-3a05-28bd-cdbc-6f2acfe4a7e7,42,4596.795021407732,toys,credit_card,1,2020-05-02T20:07:38.237860
5a68015c-d868-6040-5c92-267827baf5a8,63,4679.190620763926,food,credit_card,0,2020-11-07T20:01:07.477870
d3ad3576-0fd1-f862-58e4-6046bf554811,76,837.1239327242616,books,debit_card,0,2020-04-19T06:46:09.744327
aa74d35b-9381-d9a7-e681-90de247f68d0,54,664.1263075654151,books,credit_card,1,2020-02-04T09:47:26.551546
5cd26cdc-d7d7-3b40-c8cb-0522ff8a1157,24,4545.658761222307,electronics,paypal,1,2020-04-27T20:04:04.271336
1b0f3a54-fec5-fdad-442d-76a06172ebc4,38,1995.454845421468,toys,credit_card,0,2020-08-06T17:30:07.943865
aff1bf9b-a861-072a-3fd0-4a49563c32d4,39,1377.9414147219338,electronics,paypal,1,2020-01-20T07:36:54.717934
dcefd72c-37a6-382b-da81-c6494be818d1,49,3950.13995176406,electronics,credit_card,1,2020-02-07T06:32:56.161759
c588859f-ea9f-80be-98c3-48fc2864560f,59,3730.646817713565,clothing,credit_card,0,2020-05-06T16:29:26.499837
4317434a-9d2b-e256-529b-66e76b358fee,53,849.2897766450498,toys,debit_card,0,2020-06-27T07:57:37.017439
a420adb6-6c9a-0048-2526-34fe5759ca8f,35,2656.3872657178977,electronics,credit_card,1,2020-08-16T09:12:05.877216
fd1de4fa-0ace-2b76-3b90-85a8567e89a5,41,2063.1081932736483,food,paypal,0,2020-01-22T04:59:36.115517
0c367581-da5f-02d8-240b-b30170dabde6,43,4142.950348547943,toys,debit_card,1,2020-08-21T11:55:00.031771
3fa04e2c-3f51-cb95-9ff8-944b88d693f6,27,3384.1649250456117,toys,credit_card,0,2020-08-06T00:23:53.046866
c62373e8-4eb9-256e-0644-726daca530ed,40,3506.2433151932423,food,credit_card,1,2020-06-19T17:18:15.634341
2c02b9bc-42dc-6f4d-1f7d-fde6f70c3db2,73,1415.7334323753034,toys,credit_card,1,2020-02-16T15:39:55.214989
eacf6060-476a-4508-43e4-50c0738a83cb,38,3072.932570074888,books,paypal,1,2020-07-05T04:36:38.482641
6e93a568-32b7-acaf-9421-6acf245fcaa6,27,750.4330748569807,electronics,bank_transfer,0,2020-09-15T11:32:40.367743
95dba0be-a8e8-6cbe-e4e0-cf383ecc2e95,49,375.4623850887878,food,debit_card,1,2020-11-30T06:56:24.600330
49dd1ead-853e-f3a4-6d7d-1ec912800a49,20,4473.548508086645,clothing,paypal,1,2020-01-10T23:01:33.953282
933fba90-c5d2-067d-545b-c239f7379344,64,106.35431894205733,food,paypal,0,2020-03-23T08:32:53.286094
c8ca7020-245b-b908-66c3-bddbf48dc406,65,3676.3729620684394,electronics,debit_card,0,2020-01-20T10:47:26.434073
d9389a2e-6685-c834-46a3-5d13645809a2,23,942.0096791509861,toys,credit_card,1,2020-08-26T23:50:05.660751
443bf535-952b-d2d2-e753-cb5829d2d7bc,73,3029.46306739438,electronics,credit_card,0,2020-08-17T03:36:55.160554
7f892105-4341-8b33-c8a0-4e224ed6ecff,33,2245.4042350757823,toys,debit_card,1,2020-10-29T21:40:28.079569
b7c95ebf-2c9f-0064-ed3c-bf23a9374450,26,2231.170406506476,food,credit_card,1,2020-10-01T06:57:27.323229
4607728f-6514-17e4-a402-955dacf0dbaa,26,3808.8392882388603,electronics,credit_card,1,2020-10-05T12:46:45.220664
03c507ad-dafb-321d-d1a8-94459704055c,61,2954.7776265156185,food,debit_card,0,2020-03-03T21:46:18.944523
f7383418-5b2f-9bf4-5847-b6235ca97379,36,1741.60043777617,food,credit_card,1,2020-08-08T09:36:47.009369
56451bb2-710a-b373-0601-88ea3cdfc5c8,67,1231.2487293512177,clothing,credit_card,1,2020-02-24T11:48:20.205195
d3a5a0f8-ce5d-e590-f806-90bec764f832,64,710.2611339006216,electronics,credit_card,0,2020-02-28T11:23:38.035899
9205390e-21ce-6fba-30a0-1cde3a12f779,80,148.1118683013686,books,credit_card,1,2020-10-28T07:55:58.266260
3dc2c72f-d276-6864-c62b-dcfabbb5912e,43,105.59654696568074,food,paypal,0,2020-11-18T09:06:01.751920
99c1447a-205f-1af9-184f-f294deefafd6,44,1542.675031483658,toys,debit_card,1,2020-01-04T05:17:00.034916
9cb39bd8-2f38-071f-7e5a-4656db3fcc77,35,3627.006976225502,electronics,credit_card,0,2020-02-29T06:03:11.356721
815e6621-f67b-13c2-409d-52ec9c69f4ca,61,753.2105085490497,toys,debit_card,1,2020-06-18T04:11:05.617334
daa0758b-b69f-673f-b397-6a581b39e1a7,30,2090.963842605062,clothing,debit_card,0,2020-02-09T18:21:38.878125
d0f14829-2568-b368-a0f5-2d02ad82dc5f,73,1563.9386190353705,books,credit_card,0,2020-08-31T12:59:36.952285
16b4a581-13ba-e980-3737-1c63c96901c7,53,4854.192308370874,electronics,credit_card,0,2020-09-09T05:57:24.477887
0f196401-4d5f-025c-4bce-42da0a89db9d,46,1267.0141524048677,clothing,paypal,1,2020-05-07T23:39:09.674960
ea787b64-93b9-3ab1-e4ad-bd5466ba156a,77,3375.9362153214543,clothing,credit_card,0,2020-05-23T18:17:34.151950
29626015-3a9a-d2fb-58a7-808290c4af48,32,3348.78573574167,food,bank_transfer,1,2020-12-06T23:31:37.734887
f4f5f781-7c62-4add-56df-8a3b47ed52f8,25,4106.852004610247,toys,credit_card,1,2020-10-07T18:00:49.723920
dfc7f1e0-8d70-ffd7-5ec1-f02cf9e0c009,26,772.1918893016891,food,debit_card,0,2020-02-25T07:14:56.699075
10d6378e-48ea-1a9c-4f42-d9e794369037,65,1704.848201506721,food,credit_card,0,2020-07-14T21:00:52.038772
cb905b4a-5d28-abcd-78c9-e6704909f801,80,2855.47583175954,clothing,credit_card,0,2020-04-07T04:57:55.774371
93a541dd-6469-63b8-2590-61e5a7f70a75,50,3839.50347084105,toys,bank_transfer,1,2020-04-06T13:52:06.029917
8551dffb-d75e-f7d2-dae9-e2864671f35f,27,566.8798196651593,clothing,credit_card,0,2020-02-06T02:31:16.498102
d29897b9-c02e-1b74-f2c0-536c32a11c3c,42,1080.8833170568416,electronics,credit_card,1,2020-04-28T16:55:10.649717
95654040-a303-7ee7-23cb-9d3a42e8106e,31,2607.0604123744192,clothing,debit_card,1,2020-10-16T19:26:58.070993
e6a339e5-f406-335a-afc6-178f70242e78,21,1328.435159099915,clothing,paypal,0,2020-04-15T03:19:19.021978
aed3566a-13ca-0fae-4b5a-f03064befa3c,34,2835.101501902995,books,paypal,1,2020-10-28T01:04:43.219074
83d97a45-844d-f0e2-61b2-1904a24c2392,50,2160.0320525295374,toys,credit_card,1,2020-07-13T10:31:39.337059
f3e83c0a-1ab4-7379-20b8-ca35481d8474,19,1577.6590682440362,electronics,credit_card,0,2020-05-25T03:46:49.822139
aac162a8-2d92-3a5e-af78-2584b766c70d,21,4066.3714245041106,clothing,debit_card,1,2020-08-30T19:11:10.848972
a61fc977-7478-60fa-02ce-a8a680f24efc,22,2955.214826782932,books,debit_card,1,2020-08-22T11:00:14.490325
4a04ce33-97bf-3201-1526-0676a334b015,30,269.167854935217,electronics,credit_card,0,2020-01-25T15:57:15.955184
4ac37f73-6538-fc69-c37a-2b02f9b1ec49,74,3053.850073783096,electronics,debit_card,0,2020-12-02T00:03:24.914257
7f0a5dec-4d1b-43d3-a02f-040bd97948e4,38,4202.3933867861315,clothing,credit_card,1,2020-10-26T07:25:32.382681
171b3964-27bc-fc7b-4549-78c55bfcf6d1,43,3525.696766059384,electronics,paypal,0,2020-03-30T15:13:17.863900
fa17fba8-6618-67d8-e138-8f5a78152cd8,24,3587.668277844599,clothing,credit_card,1,2020-09-03T11:39:05.633996
0fded528-1e52-9b50-796f-8693bb530436,51,4289.241360997577,books,debit_card,0,2020-10-14T03:22:22.886028
47aa1533-1264-02a5-8173-c6bc5feb9815,68,3672.9391499922026,clothing,debit_card,0,2020-06-07T05:14:54.885068
fd30effb-1605-1ac1-6450-5a61ce3907b4,56,3439.806029491805,electronics,credit_card,0,2020-05-06T07:05:52.682485
19e00124-c023-62b0-bf5f-7975da4ec0d5,65,642.2410331145925,clothing,credit_card,1,2020-10-23T08:59:55.135682
dfa2f5af-10d0-e860-d023-5431e3cbf7d5,21,2880.6299606404177,clothing,credit_card,0,2020-01-15T11:06:05.669927
9ae73234-01f0-e13f-91e0-639f7010eeec,63,3115.109846376448,electronics,debit_card,1,2020-06-19T23:15:45.290760
9d2bdc37-f7cd-1cb6-e5ac-0135c86cdb68,20,4338.981235043783,electronics,debit_card,0,2020-10-21T12:44:57.234229
4bdcca85-825a-95d0-4a10-ef2bf4541a71,32,1304.4952886464587,toys,debit_card,1,2020-12-19T14:04:02.377590
e80eeaf4-0d21-c95d-f137-ce342f0b9114,33,3009.919240854015,toys,debit_card,1,2020-01-30T06:59:40.036283
a637e4f6-7c42-bc0d-e7d9-e8fad654a5a0,63,4878.701143290246,toys,debit_card,0,2020-02-04T21:10:46.146538
e0eda0d3-1b90-9d8a-cb07-49ac01b7cc59,80,1593.7691221936864,clothing,credit_card,1,2020-11-17T19:01:49.759393
090539fe-7ad7-ebc2-3c5e-2620fa970a55,62,4256.837887205956,toys,paypal,1,2020-07-25T23:40:42.958435
80a03a16-3483-153e-62e7-c3556c10fc8d,55,1022.8337307816647,clothing,credit_card,1,2020-12-14T21:36:55.024821
8b42a886-8585-7085-42ce-e1fbde4c6685,77,481.4478690021488,clothing,paypal,1,2020-03-05T12:08:04.337356
b489f72a-9157-8726-c5c1-1c6fbbc6352d,56,2352.5937449082057,clothing,credit_card,1,2020-12-08T20:18:11.829059
f826ed2d-0736-fc07-242c-accd5e5d578f,18,438.5351639474485,toys,paypal,1,2020-12-05T12:34:24.734159
a3ccebc4-a7bb-8cc3-803e-d373ab1df15c,74,1047.2109924552726,electronics,paypal,1,2020-07-09T04:50:58.275720
3b39e7e7-9850-2674-9eee-8d312573ac19,49,4971.8391173254395,clothing,debit_card,1,2020-07-23T20:55:41.334160
131abe33-4002-95c9-79e1-d3e0d2c54378,50,3765.2955875775583,electronics,credit_card,0,2020-10-26T18:45:57.449857
2bbef03d-64b2-fda9-fa58-c39fbe93dc7e,30,1838.3886036265371,clothing,credit_card,0,2020-07-27T00:44:12.026151
87ea0454-bc50-c155-a250-adfad9bf9d0e,70,405.0763387144679,clothing,credit_card,1,2020-02-15T13:52:51.727266
ee89ce24-8de8-d9b9-8e34-4f5ea43c85ea,50,540.1970964285351,books,debit_card,0,2020-05-21T10:07:48.753424
d932668b-c0bd-ce15-ed2e-c454948d946b,36,1107.4328418011712,clothing,credit_card,0,2020-07-27T16:09:32.790673
30315384-c23e-2951-0f1b-8a8f4924284d,67,3778.9642767423816,clothing,credit_card,0,2020-05-07T17:40:58.166162
464af696-9865-9354-da09-8d0b52c7dee8,58,3241.781268278499,electronics,debit_card,0,2020-01-13T21:23:51.642269
64cd1c05-001f-9b54-9a2b-d99c805ad8f4,78,2548.4697454207258,books,credit_card,0,2020-03-31T11:14:45.928273
88b6fa12-64b4-b04f-0d36-8e3ca197a038,21,2390.900536915118,food,paypal,0,2020-10-14T19:45:09.578231
c23b8b86-9421-fd26-adda-e2e907e4d317,33,4327.443603762964,food,credit_card,0,2020-02-19T00:58:24.092799
e1c35287-3f2b-0eee-8655-c55827fdeea2,40,1502.644121705465,food,bank_transfer,0,2020-02-03T09:38:25.215862
453be62e-86fc-8d34-45a1-72ea1e962331,69,1236.1449008583045,clothing,debit_card,0,2020-03-27T00:56:34.611240
2c43ecc3-2b6e-dccc-f080-af3c67c323ac,24,181.32016312010109,toys,credit_card,0,2020-08-11T14:37:26.623260
760e0ead-f7d1-9d9e-c10b-087bf437b135,29,2086.4180513073857,clothing,paypal,0,2020-10-09T05:02:25.296526
8f06b2ce-79f7-a894-6ba0-0de63f3efa0b,71,796.9633601250881,food,credit_card,1,2020-03-09T10:56:16.448409
df9ecfa7-181c-4470-25cb-db3838cc87f3,77,1356.7929530812607,toys,credit_card,0,2020-09-21T16:29:36.529462
0913ad1f-c7ad-36dd-c303-b20b159f2d44,37,2735.0530894854296,books,credit_card,1,2020-09-18T01:32:22.137198
3d8e2a70-75cd-2a22-7b62-17d29f068fad,79,1362.5182339379528,food,credit_card,1,2020-06-28T21:24:47.617303
0352d988-5edc-d428-fa80-df55d00a7ba9,70,766.1696169776209,food,credit_card,1,2020-02-28T17:38:16.817462
6212ab5d-4fb6-5682-df21-d20eb3953ff9,67,3203.928013946543,electronics,credit_card,1,2020-06-07T07:44:25.054905
b2c1bdf2-679a-44ec-72c3-47ecf32ed87b,40,3404.931670086001,clothing,debit_card,1,2020-07-21T02:26:37.595396
2e3abffc-35ca-ed35-f5dd-555049071fb7,33,2372.3913439113376,food,credit_card,0,2020-06-30T19:00:41.375713
e1d64100-4305-9a13-7c43-038fbd3f9ff1,24,4483.370608748263,electronics,debit_card,0,2020-02-12T16:57:09.321220
b64cf4c6-2bf0-edb8-a835-ce4cf0c06f23,22,1786.310699650538,clothing,paypal,0,2020-07-09T13:41:52.417527
f9d1b931-b94b-61ef-a8fd-1442226095e8,32,705.0884906434858,food,paypal,1,2020-07-17T11:24:30.551980
803c43a9-2355-b08c-9560-7928058264fd,21,4107.445391363444,clothing,credit_card,1,2020-11-16T11:57:49.187347
e7048571-f44e-76ac-7099-37b6ebc0e495,77,2288.5481520192484,toys,credit_card,0,2020-05-01T00:28:50.221773
e9105ff6-ef06-af01-a1ea-6a1949a4a92a,59,1511.2052297090356,clothing,credit_card,0,2020-04-06T19:31:45.569522
1bee4af5-7149-883d-b482-07118d0cf698,52,2777.1614960106886,electronics,paypal,0,2020-02-13T22:10:02.911978
59da2ddc-2b9d-eebf-112e-e0978060e1f6,29,3674.409306233096,toys,credit_card,0,2020-03-01T03:30:12.539765
dcefde04-14ce-5e96-8e60-83460314bf57,60,3086.5570507171215,clothing,credit_card,0,2020-02-28T23:53:24.243189
e32cf779-4fc6-044c-07b7-613643575e98,34,2399.4107083232693,food,credit_card,1,2020-03-19T03:57:52.413311
1d0eb435-7327-1bca-b102-c7239b26b34d,59,4558.973347656635,clothing,credit_card,1,2020-11-17T16:22:12.436786
f80a8eb2-7612-e89e-ae26-4ec7865117ef,28,422.2050500414449,clothing,paypal,0,2020-11-28T01:03:06.067329
e94e56d8-3226-32d3-cd33-5449702195e8,65,1191.3017870226188,electronics,credit_card,0,2020-08-15T06:01:57.034208
baaa60da-83d3-5420-7545-fe49a6cc3044,46,2577.812944363254,clothing,credit_card,0,2020-02-20T11:15:46.225688
a98619ca-5c15-7abb-545a-5cd4a91e8e29,70,4065.115293394197,electronics,debit_card,0,2020-05-27T06:34:28.705618
d552a621-868e-1e4d-9923-4e3fd04f61bd,72,2988.1015946608145,electronics,debit_card,0,2020-12-24T21:31:43.347523
3094f198-2afa-6f5e-568c-aacba5594905,38,2364.4661431807826,books,debit_card,0,2020-05-10T13:12:05.575863
75d86d60-5dc4-bf4d-c5c9-5a5a8ebbf432,52,984.5352228306187,books,credit_card,0,2020-12-23T07:03:05.251897
db706e94-9ca8-38a3-02ed-35df1b54ad95,56,4508.619527797964,clothing,debit_card,1,2020-08-29T08:55:25.994220
657f6970-1d99-a8df-fdb9-05422253ab5c,53,1099.400318644746,books,debit_card,1,2020-06-22T10:12:33.328652
ebbb6202-76e2-e319-6420-4de4b0c27bbf,24,1399.636584518898,food,bank_transfer,1,2020-01-02T14:19:31.785631
41d51bb9-22e2-8cf9-3e2b-86c7fbf17699,80,4244.594151673847,electronics,credit_card,1,2020-05-28T20:56:15.004253
2ea78fe6-fb2c-6523-28d5-8483f144a51c,78,1807.9397438546182,toys,debit_card,1,2020-08-23T22:41:29.448398
fb98d8b4-d5c0-3636-b942-ec00edfa3ac6,53,1220.8844874356046,electronics,credit_card,1,2020-12-24T16:30:26.869988
055c0081-20a6-649c-d7e6-33efca5e133d,25,3186.370461541335,toys,debit_card,0,2020-06-17T06:20:24.965110
e003557c-8a45-4bba-4079-e010f3fb4685,59,2359.849642981247,clothing,credit_card,0,2020-07-24T04:28:03.624787
9975a514-a2f8-264d-1c3f-f41a0087cd8e,25,2292.1598515663522,electronics,credit_card,0,2020-07-16T18:05:05.923950
aa3f70c8-2fc5-80bf-e81c-5c77342f9cf4,62,3098.9921924996042,food,debit_card,1,2020-10-24T14:03:35.225319
a55bc913-aef0-8126-1108-bcb466c09298,40,182.2508152592505,toys,bank_transfer,0,2020-12-02T23:35:16.947027
88a51277-f45d-5945-5110-cc097ca80c28,42,4978.629453346941,books,bank_transfer,1,2020-07-24T18:19:05.404465
dd9e0a43-4efe-a764-e818-faaf9a4eb059,70,465.1763537221767,clothing,credit_card,1,2020-04-20T17:29:28.477144
eff2acf2-7754-1a3a-078b-ebf79f3adc37,62,3298.475278195834,toys,credit_card,0,2020-07-01T23:29:11.993263
e3485972-b0a5-12a3-5688-9d959b27dc67,55,1059.2965644092396,clothing,debit_card,0,2020-05-21T16:58:04.411814
bb6a49eb-2a92-9914-a8b0-3aafe25196de,57,2904.9145762415983,toys,credit_card,1,2020-08-21T17:23:41.299553
ad825357-2c98-4125-86f4-0211d61ee225,21,2359.51034866204,food,paypal,0,2020-12-15T06:24:55.858501
575d2e80-daf5-6b62-6941-313458935561,42,2921.421949558028,toys,paypal,1,2020-07-20T09:48:09.077886
0f3b9b4f-45d3-0170-629c-876ba182cc83,68,2727.1744703003806,food,credit_card,0,2020-12-05T17:18:50.171644
1327e394-ebab-7479-a978-9d9ef9596382,26,819.7874394451711,food,paypal,1,2020-03-08T08:56:14.131893
6a84aba5-eb81-61a0-e3af-0c66db074b9a,59,657.3019485660008,food,bank_transfer,1,2020-03-08T22:58:34.481106
bb710d69-afcc-76ba-f40c-364be4af24be,36,3874.7231493694226,electronics,debit_card,1,2020-07-29T04:11:49.933259
d482901e-bfb3-9de0-66e4-be61aa38139b,60,1824.1693356472992,books,credit_card,0,2020-06-11T17:57:42.186063
6c3a1546-4ed2-138a-eef7-f55b2deaa364,41,3898.079087984982,clothing,credit_card,1,2020-11-02T16:28:37.266734
b7aed606-ff71-dd0d-a78e-39441169754c,40,4177.56919644868,electronics,credit_card,0,2020-06-12T19:27:42.320515
cb308113-cd1a-0867-62b5-6f029021ad26,30,4608.661120208447,toys,debit_card,0,2020-04-24T16:33:37.796143
88a64a29-9f79-f860-9487-0ec61173fdf2,51,2597.2316587249074,electronics,bank_transfer,1,2020-09-30T11:28:38.108919
bae0f82e-3d17-c9be-e90c-3db13324522b,21,1146.9452860030667,toys,credit_card,0,2020-06-26T05:46:01.385683
3b961b88-395d-2095-2ce3-2d4520f78e3f,56,2281.2068420180917,toys,credit_card,1,2020-04-20T00:56:21.590891
5d6a015c-a00e-9e44-a8c5-3ce9fd673058,42,4988.694655081772,clothing,credit_card,0,2020-07-27T12:44:06.915407
e607e181-edab-b6c8-3bf9-b9e98a06c9b9,21,3998.3849387481623,clothing,credit_card,1,2020-02-06T19:43:23.807414
594ac267-d48a-ad3a-ddfc-d86f49f1baac,64,1875.5633588013109,toys,credit_card,0,2020-02-27T05:57:42.642308
2728492f-c04e-69f1-2507-2722b752bd00,59,3842.3455504506824,food,paypal,1,2020-04-10T21:19:55.845044
1ff9eab9-f3ae-9927-726a-92ec143c300d,46,1358.2449328829714,food,credit_card,0,2020-04-26T17:37:19.068177
67eb58a9-fa65-1c36-78f5-7dbf5cb8c9c9,50,1451.3679658036071,food,credit_card,0,2020-08-29T05:43:19.894400
3dcb9247-356f-39df-b85b-4ef8b06db078,66,3205.668890304977,electronics,credit_card,0,2020-02-27T10:47:24.746312
598f18b3-6f91-378e-aef1-0ad792eb8b75,23,4399.6775912892645,clothing,paypal,0,2020-07-15T14:27:00.159913
c200a64b-866b-f4a8-ae51-79d289914f46,34,1481.7072604052396,clothing,credit_card,1,2020-09-26T23:12:17.215942
0d41e2f0-86e3-2be6-7041-b0be4b3df612,47,2037.286276136538,clothing,credit_card,0,2020-01-20T19:13:41.804936
020a8f3e-9e2a-0a53-fbac-5d9b88d267ba,51,4247.274417825211,clothing,debit_card,0,2020-10-12T23:03:56.152018
efb69267-83db-3a46-bd60-44a43d3ebf44,34,2696.008996071171,toys,credit_card,1,2020-09-15T17:04:56.837854
4ae47255-9366-c255-af30-20e24e969d1e,59,2237.514241010364,food,credit_card,1,2020-05-30T08:43:56.105800
d6351b9e-85fa-1638-409d-655380980d93,26,2840.820582104385,books,credit_card,0,2020-06-17T09:30:40.778114
b78385a3-8eeb-2c71-829a-fb1a8c9eaf7b,20,2473.668024131263,clothing,debit_card,1,2020-12-17T06:11:55.246689
36c81831-9c13-f45e-5857-2658aaed9294,29,4277.175424258418,electronics,credit_card,0,2020-05-10T00:39:04.836854
223beacf-2da8-67e5-5ea5-c991a72f6dc6,40,2343.802396432839,clothing,credit_card,1,2020-03-09T11:53:35.961558
5faa7b56-26a3-e61f-f78d-32d299b354cd,69,3475.1268592079205,toys,paypal,1,2020-06-21T14:37:05.640108
66fdfc5a-9c7e-554c-9d9e-27cdcfff2c9f,65,4516.429207739112,electronics,debit_card,1,2020-06-22T03:11:29.091688
05801115-74ad-6e1e-4910-b51dba528880,50,3160.379917712746,food,credit_card,0,2020-01-09T17:08:42.728027
a910fb82-1086-c66c-650c-76371f5fffc6,46,4020.176624508654,food,credit_card,0,2020-08-29T19:44:07.808885
8142b69e-810e-85e4-bf7b-33ae098d4573,67,2524.291651283116,food,paypal,0,2020-11-12T12:22:11.928644
4d70302a-da60-f788-b0c4-221b45ebea5b,49,3532.4908902266993,toys,debit_card,0,2020-04-02T09:51:14.052354
ef0f6198-2774-72b6-f2b5-32d4169b9537,51,205.12093732568457,electronics,credit_card,0,2020-01-22T23:04:38.503232
a3badfe3-5824-50f5-2251-015d2960c030,70,3903.859058153388,books,credit_card,0,2020-07-16T22:15:39.347939
b5319568-effd-bda3-b8cc-cf87f4da5a87,37,3272.7115649267016,food,credit_card,1,2020-03-08T06:10:31.582331
92096d00-572a-4450-f0e3-75a2361e3d8c,40,2239.3097764280024,books,credit_card,1,2020-01-20T16:01:34.830114
5b8a97fd-e63c-b253-9754-450311ea67e9,57,3259.3210436852564,clothing,paypal,1,2020-05-23T02:15:40.714551
48c2dbda-fbb3-886c-2cf2-c83492b6a1c8,79,3738.8526012196635,toys,debit_card,1,2020-04-07T19:25:03.043649
e88d3b35-ceee-0b2e-427d-00a8b45cc542,58,1782.8972643738418,books,debit_card,1,2020-02-24T20:31:36.391510
b717827a-3f5c-3ac6-4d58-ecbb5ba5ee65,71,720.862559882918,electronics,credit_card,1,2020-04-17T14:47:21.521743
2f592097-fae7-a922-7a7f-f8bcb18e8307,54,2298.4424185147245,toys,credit_card,0,2020-03-07T22:03:12.557455
72b81645-44c9-68bd-a6c5-27cced49ef7d,28,25.432109368405165,food,paypal,0,2020-04-21T01:06:08.888784
c72174a7-5afd-664e-f8b5-ee21ace7d328,69,2650.555258249928,clothing,paypal,0,2020-06-04T07:43:54.508451
41b6e1e4-72f5-1078-ed92-903b72fff9b2,24,1606.1532690842353,electronics,credit_card,1,2020-12-04T18:14:21.917563
dd6693bb-2c05-d8f0-d1f9-75072e084780,72,3418.9867297186147,electronics,credit_card,0,2020-08-21T19:49:37.426140
d8015c54-db54-fabb-a78c-a5c63c4793d9,47,3491.4167762008715,electronics,paypal,1,2020-06-12T19:11:24.980838
2ebbcb92-595a-44d2-7770-4b07005ab44e,28,3083.0281493392654,toys,debit_card,1,2020-01-21T07:47:17.834439
7255a090-ea5c-bc0e-a25a-f3e930afefdd,45,3662.7532647361945,electronics,debit_card,0,2020-09-17T01:16:19.557960
45a3297f-b3a2-38f4-60ec-54cfaf268a7a,38,2701.3618515331996,electronics,credit_card,0,2020-02-08T07:43:31.784535
b1a20264-02a9-02b2-12c4-093f7cf8fbad,49,2559.4045355232006,books,credit_card,1,2020-03-14T21:55:08.027638
4d13440b-35e3-f411-2651-82b3d4fd44ce,55,1128.9352563178516,books,credit_card,1,2020-12-07T01:53:14.839524
ff3b755b-64c4-296c-cf0e-d79b84914bd4,23,3236.014781135196,electronics,credit_card,0,2020-09-05T04:33:40.457887
62b89137-7a6d-9ddb-d744-bf20afc363b2,57,1543.766393606139,clothing,bank_transfer,0,2020-03-29T06:44:02.778670
7c63a0a3-f980-63a9-2451-38886f9d122b,66,2248.455231833908,clothing,paypal,1,2020-11-07T00:44:50.005738
edab8320-61a4-3032-206e-a674677acfcf,59,4437.5029867861995,toys,credit_card,1,2020-05-07T09:36:44.084172
0d565214-f19e-e280-3e51-411da046be03,51,916.9116893101376,clothing,debit_card,0,2020-05-16T13:24:45.898363
53151411-3676-8570-307d-597131221c6d,50,2288.413297910304,food,debit_card,1,2020-10-19T01:05:07.163910
5ec8b755-dd25-0fdd-ca02-5ceaf9899cf9,43,2041.5549167941635,food,credit_card,0,2020-06-07T20:46:48.171837
60f0046c-bdb6-3145-681b-af9b60da8f73,45,1606.7125413229278,food,credit_card,1,2020-08-12T19:53:06.754939
9d401ad1-f2e7-389d-52a2-d765e23d8431,38,1270.8862331651787,electronics,debit_card,1,2020-01-26T07:28:32.751100
bf6a0716-bf40-c78c-0faa-1748b673c775,38,1383.4166589351412,food,debit_card,0,2020-12-30T09:16:14.328518
77bd8651-1bbf-8b7f-eb59-d4d951fe6b93,51,2982.5870282371066,food,credit_card,1,2020-12-16T10:21:31.558831
142d67f0-a725-0bec-5165-40fa34c9ac68,57,3200.743622942613,electronics,paypal,1,2020-10-27T04:02:47.353180
9556e4cd-1378-9ed2-3c7f-123c0c5b6170,78,2746.851301296332,books,credit_card,0,2020-02-23T00:54:43.442731
1f0a1393-cd84-b0f4-a6fa-e53172609105,75,259.2504049681282,electronics,credit_card,0,2020-07-11T13:34:42.521879
8a2ae04d-20af-bbd9-cff5-794438f69ca8,34,1771.3042438585292,food,credit_card,0,2020-06-17T05:51:12.230568
f316c61c-8e0c-48dc-ded7-7478c38b01bc,64,774.8280353626452,toys,paypal,1,2020-10-27T23:06:21.331440
bbb2d8ed-9811-9caf-52b1-184bcfeb2080,38,1045.0050233428012,electronics,paypal,1,2020-03-19T10:05:02.310240
c7be3e08-5d3b-e4a6-a8bb-4518df2339ec,77,3189.504645073452,toys,paypal,1,2020-09-27T12:37:46.558748
2ad40ef9-a4c4-f8f4-7550-ee30127f802c,65,506.90038477476054,clothing,paypal,0,2020-03-10T02:37:47.649131
5345ad16-b198-b6fe-b93c-a97ff5e57215,80,3018.901120340522,clothing,paypal,1,2020-04-21T23:44:09.879613
a2f518d1-f0e6-c824-907c-08e48cd31145,21,3575.005960633279,clothing,debit_card,1,2020-12-26T00:33:01.666866
7db84b44-a563-2392-d1ca-21fcf5a639f9,79,257.0150384829142,clothing,debit_card,0,2020-10-22T21:22:35.578609
88094297-b88f-17bc-4656-c3294ff628b2,55,1949.290257850168,toys,credit_card,0,2020-12-03T05:38:49.580022
6545b7ba-3144-01b6-03bc-e464b26fbb3d,18,2490.5036076189963,clothing,credit_card,0,2020-11-12T19:54:27.567508
c0578fe3-265b-3254-5527-514c64a16d0b,79,2921.463151558654,books,bank_transfer,0,2020-02-04T15:59:56.825939
f14a5fb9-e843-8f32-6b54-103bc1172e25,53,14.67615959523765,electronics,debit_card,1,2020-10-26T10:23:23.541281
95cb4db7-1a15-a099-edc7-73b342500abf,44,741.2218356977744,toys,debit_card,1,2020-06-04T09:29:00.813983
d33a49f8-2152-1144-90ec-fc0c064c6ad6,74,1561.7282840005596,electronics,paypal,0,2020-09-22T17:16:27.917051
a11cc416-60ee-f637-7f2b-9e420201fc5d,53,3805.1468413767334,clothing,paypal,1,2020-08-21T02:49:44.865560
8731275b-f544-efde-84ce-eaba45f19044,70,675.084724273665,books,debit_card,0,2020-11-04T01:51:57.347090
b3b37af4-e906-269f-c3aa-f27068404930,70,781.945035055752,clothing,paypal,1,2020-10-06T13:31:57.896224
ff414a48-60d8-f86e-dafe-2a0b8fd25ca9,40,4825.114009850419,toys,debit_card,0,2020-01-11T11:09:29.967064
94237417-a8b5-989f-df65-d5ff5b558aea,64,3725.020977595328,clothing,debit_card,1,2020-08-20T18:47:59.500417
e77c9026-1da4-8e13-4900-dc9f82c7ed21,55,3888.4865559778323,food,debit_card,1,2020-03-17T05:51:51.173586
3efc978a-1a6d-9886-6504-bbae9ed3b4f3,29,4404.458846723082,electronics,paypal,1,2020-01-08T17:55:09.496574
e496c52a-9217-04dd-e4c0-8554c14431e3,37,1244.9142928645906,food,credit_card,0,2020-12-03T05:53:42.427633
6444b6b0-a1da-ef70-6776-796c300deb2d,52,3651.738350586931,clothing,debit_card,1,2020-09-09T05:07:54.738727
022fa2f9-68dc-d601-136d-dc5517ca2cd0,60,2400.435111129409,clothing,debit_card,1,2020-06-20T09:44:10.252498
73e588b1-1e04-ed8b-704e-afa74f5f3de2,75,1725.2656006761868,toys,paypal,0,2020-07-15T07:53:29.238166
1ac16ff6-89c8-189c-57f6-e2fb518a8dba,18,1325.5559155957426,food,credit_card,0,2020-11-25T23:17:06.981767
c1206213-f16a-33ce-6ee3-f453f86a5016,46,3917.7143108843284,food,credit_card,1,2020-03-01T14:59:46.485328
c6be5b17-1f3e-e4ca-614f-0e42048fcaa0,47,2158.6874879038196,toys,debit_card,1,2020-05-22T15:41:20.289500
3bd79a3a-df3d-d127-f8dd-b28e1765ed69,59,1486.7851402437273,books,debit_card,0,2020-04-17T16:38:24.617961
a9c864eb-454f-7278-da9c-34f6d835f537,62,3121.4394510959505,toys,credit_card,1,2020-03-27T23:26:42.579726
4050eef3-d6ac-4ee8-4dc0-f1a04b4b89c8,45,4178.063927813643,books,credit_card,1,2020-09-03T08:04:52.674517
f970e4f5-ce5a-41f2-7e5d-c5094aa3240c,73,830.512140793074,electronics,debit_card,1,2020-03-07T00:43:35.306906
3664347c-3e11-d8c4-9845-7b156170f802,24,916.7677988088074,food,credit_card,1,2020-03-26T05:19:46.775060
bd936783-b5c5-2af1-2ea6-6791b9325305,65,86.68978975988863,electronics,debit_card,0,2020-02-08T22:35:20.590640
fd7b3336-1fe4-114b-700e-5b5e096a0333,49,3803.3873928118287,clothing,credit_card,1,2020-11-15T14:44:19.084225
03e0841a-e93e-5f0a-f80f-0243416112a6,26,3425.9060913843487,food,credit_card,1,2020-12-24T07:38:40.151115
2d116b24-a162-a49b-c686-260605aa4e63,19,2797.5552073262193,clothing,credit_card,1,2020-11-23T15:02:42.320272
8117fae6-70a4-f21f-72a0-b215e7d7d128,25,4823.649944624636,clothing,credit_card,0,2020-03-07T23:13:09.269704
fb93530d-6af4-8826-49f4-84df1bf3dee7,34,3016.019270072581,toys,paypal,1,2020-11-20T09:49:20.655586
28639b1e-92cd-781a-959e-145b695cf9d0,49,138.53074702193805,food,credit_card,1,2020-10-05T05:32:50.048828
68a36273-ccf9-8ed7-f182-7de23396a205,41,1459.0046454228625,food,debit_card,1,2020-03-22T02:12:36.583422
cea428cb-72cd-ae2c-4032-7bc8b0f2f539,76,2207.396104108898,clothing,credit_card,1,2020-01-27T03:39:27.459633
4f4a7b07-042d-9e07-9f53-57726ee275fb,68,1206.343089070959,food,debit_card,0,2020-09-11T21:05:38.409653
7b35fb7b-09d4-697e-026c-28005673cea1,39,2616.448809927887,electronics,debit_card,0,2020-05-08T05:48:43.735451
1eeb752e-490c-339e-c8ab-d3e1ea973e43,60,53.72426181308879,toys,paypal,0,2020-09-14T01:53:50.519986
ba426253-7ae2-d3b3-6a2a-03edd0d151cd,36,121.25586491171883,books,bank_transfer,0,2020-05-01T17:20:55.754613
cc59d40b-79ad-e1ae-c36e-2234e82a8200,58,4663.8291868966335,food,credit_card,0,2020-01-16T02:13:13.658952
2707e2a0-6f2d-c4af-4ee3-c5f5e99e44de,49,2328.3811667196683,clothing,bank_transfer,0,2020-07-15T18:40:39.195030
052aa251-3c08-ccf9-97cf-ff1039e66271,34,1345.1713238931577,toys,paypal,1,2020-06-13T13:57:21.714455
2ffb5b1f-c404-9b1f-0a62-e2cc981a9db4,21,1517.630567239261,toys,debit_card,0,2020-07-29T11:37:54.648920
d1a58fe6-6b8e-c82a-f2fb-e756f33e4f57,74,1959.2924929141473,electronics,bank_transfer,0,2020-06-11T10:02:10.663709
3f26de81-2ad3-f09d-699a-f03b2131da7a,18,824.5440778302254,clothing,debit_card,1,2020-07-19T20:21:36.789664
3728e554-105f-6cdd-01b2-b7180a11c3d4,70,1728.336546187392,books,credit_card,0,2020-09-11T21:40:35.011749
69dd6919-7a3b-a235-309a-86a20f07404e,47,1933.113701232824,toys,debit_card,0,2020-04-20T14:03:14.009136
f31f7b2f-ceb8-2e53-736b-0ba36038cdd4,75,2474.5178945707758,clothing,paypal,0,2020-01-10T04:26:38.199601
80844946-e447-790b-4a12-a6891bd751d4,53,292.014607570297,clothing,debit_card,0,2020-12-09T03:50:58.366509
57886452-1990-7dcc-034c-dce31b1a4ac6,40,2130.3751424597913,toys,credit_card,0,2020-11-17T19:43:27.729017
5907f9b1-499a-ad46-9bc4-5f3a5c62e49e,65,1741.435824507786,food,credit_card,1,2020-03-26T12:47:27.122972
a41dec06-da1f-9116-297e-89b66e94ba9c,38,3748.1799968884893,clothing,debit_card,0,2020-04-03T11:17:22.543212
1828a420-bb71-6abf-2835-a85b39f3d12b,78,952.151774638642,clothing,credit_card,1,2020-04-05T22:57:23.343914
100176cc-34b1-5c47-8e05-7227fba43d43,47,4729.317531716116,toys,debit_card,0,2020-04-19T17:14:53.790324
1c84a31f-0c4b-a3eb-f309-bf2e7e6165fb,69,2817.9207701495,toys,paypal,0,2020-01-26T16:48:22.089553
0346d6d4-dc0c-5283-ec1e-5f1ff6c948f2,51,390.07078143478554,books,credit_card,0,2020-05-23T05:24:39.751378
98f373c2-2531-a586-b4b8-f0ca3c0fd176,40,2316.510477871015,food,credit_card,0,2020-04-07T23:23:12.949857
b29d660d-773b-eba7-4b20-9ddc235b3944,23,2813.8106965726424,books,credit_card,1,2020-04-08T05:23:52.111903
8ec36a6c-392a-d1a4-bce7-5186be92c407,32,3271.3250509959726,electronics,debit_card,1,2020-11-13T08:27:26.338608
f09597b1-60ba-c9bf-279f-ccf74ef2f766,75,603.5685263098748,electronics,paypal,1,2020-10-03T03:47:40.992910
0aced84e-a28e-810d-1662-395da402d1bb,67,4701.410368782466,electronics,paypal,1,2020-07-02T02:12:26.330305
2ba166df-908f-6835-12c5-9583f8eb06b4,45,1494.1998013502996,books,debit_card,1,2020-10-20T05:01:40.427127
11788159-81a7-12f1-5fcd-701f21cf8aa6,60,66.45313617069132,electronics,paypal,1,2020-11-03T21:40:50.233089
cd6dbe82-9244-fdd9-d6ba-a8838b850ea9,36,3954.451772456155,clothing,credit_card,0,2020-06-04T10:20:46.058425
eed17651-b88e-df14-9184-fbd9307a88b8,67,1583.8535479252653,toys,credit_card,1,2020-12-22T01:34:04.411158
b1bcaea9-fd50-c343-b99b-3a09060afc4d,49,4118.67306004277,food,credit_card,1,2020-01-23T10:11:09.717425
8a577ede-9998-bb6a-cebd-9a6cb6d4f651,58,592.7662882938686,electronics,credit_card,1,2020-10-17T00:11:23.195641
ce5b1426-990e-fc8a-353b-c86921c33ce4,44,2525.5078883051647,food,credit_card,1,2020-10-20T00:51:40.478281
04802085-9060-9b2d-f159-05d17a1230d2,69,3699.801410782582,toys,credit_card,0,2020-01-08T23:56:29.846239
3ec8e069-dd36-2198-07c6-9bb7efb759db,57,4781.714840656019,electronics,credit_card,0,2020-10-24T04:30:30.327393
97dec776-f855-7823-e693-161bd1663a1c,52,191.9922932287359,books,debit_card,1,2020-07-02T03:20:36.726854
1f1c4c60-45f2-b14c-202f-165a8e8a4a4c,35,209.88450335498777,food,paypal,1,2020-09-15T10:48:42.017203
4c2a4f7d-2ad5-7ddc-5330-c6ce32e14a59,78,3708.4517549570523,electronics,credit_card,0,2020-12-18T03:54:15.997163
21c93963-e05f-608d-d6dc-03718b4a34cd,47,2049.960062559653,clothing,debit_card,0,2020-02-10T19:42:39.380156
397756f6-423c-739b-93b6-1fa948dfee38,67,2424.519987078884,toys,credit_card,1,2020-11-12T02:42:30.012607
ae535230-d32c-4428-cb1c-e2e0c3322e09,24,930.6788613764543,electronics,credit_card,1,2020-07-19T21:38:37.337496
19fb6900-94ed-370a-cd83-e1b99b317086,73,1819.8520662269596,food,debit_card,0,2020-01-01T23:34:36.341708
b603789e-9d27-9455-d5a9-2f45a72dc8e9,73,472.67147368940584,books,paypal,0,2020-08-18T18:57:43.262741
78f0e8c4-8651-3881-5c05-a65f12f7daf8,22,1069.4760880255635,food,credit_card,0,2020-12-23T10:38:06.863638
bca17bd2-b9ae-4c8e-ee48-80738518391d,69,4982.829880530975,food,debit_card,1,2020-05-20T23:18:48.069646
37a26ba0-7562-2d0e-6b3d-1a1ca681389e,68,1975.0231708232973,electronics,debit_card,1,2020-10-09T22:46:31.585836
f2788ec0-cfdb-842a-9a5f-b80c5878ed94,54,465.44967945235265,books,credit_card,0,2020-12-13T18:41:21.567642
6f2689a7-f8d4-b954-e7f1-2d6f4b150148,65,617.7935529738578,clothing,credit_card,0,2020-06-21T00:33:54.494335
3f074c22-c096-430a-fdb3-c8ace2f911ac,67,4673.138237766817,clothing,credit_card,1,2020-01-24T15:19:52.766226
137ad9e1-7c62-ea6e-6f28-09c7452d16ee,49,3057.879313922163,food,debit_card,1,2020-09-20T04:05:08.639392
f5fd0091-d4bf-2feb-1249-6a57231acc99,78,3486.5077831200906,clothing,debit_card,0,2020-05-07T14:21:12.017099
787d3171-1d39-073c-e609-19924c840eae,54,2327.321773960713,books,credit_card,1,2020-04-07T18:15:03.355178
66c0f251-f873-d8db-b875-9023a47faaeb,53,4706.409038409514,clothing,bank_transfer,1,2020-07-26T12:05:05.577091
08ad2a23-d108-c218-bb12-c0e13ad6a57b,80,2212.853218938488,books,credit_card,0,2020-09-08T09:07:28.074371
495799cf-9ef4-66cc-417d-d1169864d1e8,77,2564.3233443775807,food,credit_card,1,2020-04-07T22:59:08.460280
15611a4f-29c5-f221-9bc1-a12328fd225c,19,2268.8567082496684,food,debit_card,1,2020-04-15T19:30:38.180749
4c877286-9d14-b258-ca72-722b4c88bcec,80,3390.0989803206476,electronics,credit_card,0,2020-12-21T23:57:41.931143
304a782d-46f2-e24e-ac2a-aab4762fc975,41,393.516825067248,books,debit_card,1,2020-12-11T03:45:06.982303
5004a552-5342-c4b5-239a-d21709863381,64,185.75410736749635,clothing,credit_card,0,2020-12-10T02:37:25.819414
f65c641c-bff7-1ec8-e9a6-0fa2257593a2,57,2131.8007837781893,clothing,credit_card,1,2020-03-22T16:23:44.787773
5282b82c-4dcd-08d8-e337-7be931f175fc,64,1710.1989092015021,toys,credit_card,0,2020-08-23T19:52:27.398282
6e9551db-ac9f-b4b3-0aeb-69f5393cc289,76,4193.483594072576,electronics,credit_card,1,2020-04-04T02:15:08.822113
686d3966-5658-fbeb-c04e-8b97b88f6fd6,32,259.37356282667963,electronics,credit_card,0,2020-05-23T06:06:03.295872
6f62ce11-72cc-6219-3a22-e91eadad3b48,20,3398.3481756782694,electronics,paypal,0,2020-10-17T10:52:58.750729
d10723e4-f2c9-a010-ba82-e97b0672d9f9,64,4714.773959481128,books,credit_card,1,2020-12-25T03:21:28.636824
98ee4ba3-c5eb-90bc-7f3b-5991729fd898,30,4313.004059560306,food,paypal,1,2020-09-12T03:55:15.696531
6e1a5bfb-0afe-6cc9-b0c6-d53ce1891ec9,51,2431.069386959774,clothing,credit_card,1,2020-03-14T16:23:32.275614
19bdeaad-30e1-a128-ccef-4b294b2ffffd,32,151.167142022496,books,debit_card,1,2020-08-20T03:52:02.893251
404906b9-edec-b170-7f72-ba6e9a13ab48,55,2145.3541633066316,books,credit_card,1,2020-08-09T02:28:07.330211
eb3f4155-2377-102c-e18c-59b17d7f0180,25,938.5260414028611,electronics,credit_card,0,2020-06-14T10:08:09.683806
f53bb89f-480d-4414-569f-8e26c50ca52b,45,651.7840691018644,electronics,debit_card,1,2020-04-26T22:43:19.923404
f6b1a485-8793-ee36-30fc-0b7edea5d18a,29,4827.178610725434,food,credit_card,0,2020-05-29T18:37:38.562251
436c1b07-a2c0-399a-aca5-383e54bb7843,25,873.6666018486809,electronics,paypal,1,2020-04-20T06:25:19.160651
637ae16c-f394-918b-4d9c-5c5d7a48cd67,20,4340.803917570831,clothing,credit_card,1,2020-04-25T21:18:41.562306
ac41c5dc-4f1e-bf4e-0e96-58dfa7520c0e,26,113.424844422541,clothing,credit_card,1,2020-12-28T20:40:15.573338
8e2deb43-6492-5831-96a7-5b470f81506c,28,2948.629037241399,toys,paypal,0,2020-06-05T20:46:27.652202
091e180f-def5-1149-0b92-8fd2b4420a6f,58,3970.9614034034776,food,credit_card,1,2020-07-26T10:04:56.480054
e00be316-5b40-cac3-2146-1ccb59ea6af6,74,1483.6066057840833,electronics,debit_card,0,2020-01-05T13:02:35.450406
6757a810-e61a-4a7e-2a93-c4b282eb3de3,18,3771.377255528185,toys,debit_card,0,2020-06-29T09:51:14.621322
577f8612-1b88-4d57-c7c0-c708cdc96c16,40,1219.4406762988701,toys,paypal,1,2020-08-05T09:03:32.346813
246a0972-fb25-d622-9521-ee61ab2bfcda,35,4436.239260098333,books,debit_card,1,2020-05-20T01:33:22.663124
2c93f104-9188-a523-135a-2f92404cb943,35,2956.417242797574,clothing,credit_card,0,2020-01-03T16:57:34.362862
f0446435-76e9-9d6d-5ff9-9c4343a1772d,62,2462.3802455980936,electronics,debit_card,0,2020-10-21T08:44:48.625035
50c070fd-6fa9-ea8b-fb2a-f4924c0b5f6f,18,314.90123782685237,electronics,credit_card,0,2020-06-18T02:06:07.834058
04072451-d171-d93f-c725-098062953128,64,876.377571689136,clothing,credit_card,1,2020-01-16T05:08:37.820502
8b64960c-14c9-207d-b0f5-d76af6902451,72,565.4288502979405,clothing,bank_transfer,0,2020-01-28T01:56:30.808331
c1ca8a2c-e97e-1295-cbad-852689f8dce1,33,4955.884873217881,toys,credit_card,0,2020-09-17T17:50:58.946378
c603ddee-bfab-16d5-afa7-c1fb254b3fcc,30,60.456456109067865,electronics,credit_card,1,2020-12-01T16:37:13.688657
6869efc4-32e1-f28c-f453-6824dd47de68,32,759.9635946637179,electronics,credit_card,0,2020-02-27T23:37:54.021074
7ee2341e-db67-6e7c-b46a-9e65b08e4caa,45,3718.6159657900325,toys,credit_card,1,2020-08-18T07:42:35.921827
5f4e55aa-2f48-fe67-1a73-154dd5864922,47,3568.5595398506243,food,debit_card,0,2020-06-08T20:22:48.287359
631e83fc-9b0a-9b38-6158-2915ac4c4157,56,2921.484966601865,books,credit_card,0,2020-04-30T15:42:10.999797
3d9f55e3-f89f-96b6-f170-7a6f37d2ae6d,43,4165.775429386632,toys,credit_card,0,2020-06-08T08:14:47.458739
edca4d79-eb68-edc8-507b-70712cdc6728,71,850.6863440595947,clothing,credit_card,1,2020-12-18T20:53:47.117642
e46734dc-13f4-9f1c-7ca3-a8054e85cbda,77,933.6318288217947,clothing,paypal,0,2020-10-10T11:14:16.506876
4d0b9bb2-c390-c23b-8f43-12f42272f0d7,32,876.8824715537147,toys,debit_card,1,2020-05-18T21:22:12.663436
af013c21-0d62-c4df-fa8e-fe07aa7cd9b0,33,3029.328779037938,clothing,paypal,1,2020-01-27T10:20:28.227428
2d54e27a-fe2b-2dfc-368a-d3e86b9a46d9,62,837.3580259799874,clothing,credit_card,0,2020-02-02T09:06:58.253596
0155d38c-d37c-c6e4-dd32-40993e6b153d,46,2428.4534504207154,electronics,paypal,1,2020-01-23T19:50:04.968002
8fba09aa-93bd-b50b-8939-3e13efc6ddd5,60,455.93468959933654,toys,credit_card,1,2020-09-14T08:59:30.241631
79b9c4dd-bd61-6965-f2a8-71ebde09a892,64,3042.3870981825585,food,credit_card,0,2020-03-23T16:41:41.788374
81fca285-326a-af98-56d6-b1ddac05c4e1,66,4523.310554972004,food,debit_card,1,2020-09-20T11:53:34.186550
a2b9713f-b10c-93fd-6356-5ad650e11b5b,28,3653.081574075331,clothing,debit_card,0,2020-03-12T01:18:36.853376
3c9b0ad7-b9b7-30c4-4fd9-39e2ad1bbe5a,18,4922.211177270768,electronics,credit_card,0,2020-07-14T02:37:30.145660
ecbdfea5-e93b-0b2a-9890-451a7b35c42c,23,4653.667927129473,electronics,debit_card,0,2020-11-28T07:48:54.768839
fcc97f40-3dac-c935-1836-35dabe157666,80,1178.3332700025878,clothing,bank_transfer,1,2020-06-13T20:47:14.298842
d41467ac-6c7c-80a5-fe81-2737f94e04e9,30,675.9237995396003,toys,credit_card,1,2020-12-25T13:07:58.263681
9f559dd9-cc50-f8c4-18b2-9411f97d2d9f,54,3860.322895936384,food,credit_card,0,2020-07-18T06:05:26.417787
21a60a9c-98ab-2f00-874a-36eec27b4e43,79,1497.4387882941098,food,credit_card,0,2020-11-19T13:39:47.091864
246b112a-1cb7-f702-d970-ef46a87483dc,47,3437.50044112187,books,credit_card,0,2020-12-20T17:41:53.236574
07830e61-a1d1-3fb5-b3a2-d969ee75434d,61,4032.8727525300237,food,paypal,0,2020-07-12T10:25:58.435721
5bd01ef4-4d5d-8ad7-0407-06361af06b72,18,1442.8833754120305,electronics,debit_card,1,2020-10-19T10:53:51.117875
69eefe1e-ec26-d9f8-eaec-567032fbb1f5,38,2038.8034474685305,electronics,debit_card,0,2020-12-02T02:13:28.228606
30b58c94-7071-16ef-8137-01acc2afa441,57,232.05625985724816,electronics,credit_card,1,2020-05-22T11:42:22.138433
56a0892a-c47a-cd2b-17f2-12f5d19e9a97,41,2747.0735790921567,toys,bank_transfer,1,2020-03-24T02:22:54.969391
3cd4a332-a5da-328e-74ab-dd8a7186b7df,33,900.1087282063038,electronics,debit_card,0,2020-11-02T21:13:25.463047
12517543-195e-a445-2a27-7c47ba488b31,51,4550.152512240106,food,bank_transfer,1,2020-05-18T01:21:55.353756
b6f7df71-5b33-fe64-6218-3bbc0827a61f,29,912.3173042384944,electronics,credit_card,1,2020-11-26T12:18:37.619422
84654307-7558-706e-5b90-89308a71b2bf,67,2626.9779668236374,food,paypal,1,2020-10-17T03:08:31.020034
026a87d9-9ac1-112f-2313-d8d9eb671d8b,48,4098.321594024863,food,credit_card,0,2020-06-05T01:24:28.977316
8e6a12ef-d021-ff29-ae5a-ac97815481fb,68,499.3039162928541,electronics,paypal,0,2020-01-18T17:02:26.873120
f4ee81fb-95be-996e-4faa-72d67113f8b2,47,1659.7189618383695,clothing,credit_card,0,2020-01-04T12:41:52.130460
f593d8d7-9155-45cf-1833-af2458361604,48,1176.111187236165,food,credit_card,1,2020-04-14T01:46:35.667633
54abe763-2324-fb05-060e-c67f0d49fbb0,46,2420.772672061312,toys,credit_card,0,2020-06-07T21:07:17.285917
cb519913-0d3b-a393-b3cf-d7941b7901e3,27,3836.119093668559,clothing,debit_card,0,2020-09-28T20:29:22.915018
08cdceba-2eab-93c6-733a-183e96e09aac,49,2900.348650895292,electronics,credit_card,1,2020-11-08T07:56:02.687773
24e63299-061e-f14a-fb43-2f5c43e45273,29,614.4978435317346,food,paypal,0,2020-12-28T00:56:15.578125
57513c6a-3226-9940-710a-2879e215b4ad,55,1052.4860724908256,books,debit_card,1,2020-05-13T12:52:06.768816
a54669a3-4375-294e-492f-67b93bd85e6a,44,1885.5566417343075,clothing,credit_card,0,2020-01-19T04:27:20.157100
06f23405-d25b-21b9-90d6-c3b69aaf12bc,28,1970.2556567689394,clothing,debit_card,1,2020-10-30T05:12:28.111516
b7f6bc05-5a09-8729-b270-02379f7d30ba,32,4167.056977012436,clothing,debit_card,1,2020-03-05T19:17:34.359675
cca83c9e-39af-f438-6123-2c0b7a48294f,48,2800.9432346614653,food,credit_card,0,2020-03-01T06:55:37.667070
ab166574-f0c0-87d8-4eb0-42e6f63cfeea,75,3880.967839467851,electronics,debit_card,1,2020-07-02T16:53:42.436459
1eed04f6-0e06-51ff-e7bc-5a26a61f5c22,62,4033.586928240755,toys,credit_card,0,2020-09-12T22:07:46.542369
9cd08b3c-e422-d200-494f-0dc846840394,20,4276.903854298934,electronics,credit_card,0,2020-02-03T14:33:12.741427
d7474ade-a854-b07e-9d67-d02f4a716fc0,66,3416.2682315698567,electronics,debit_card,0,2020-10-05T09:32:56.135570
81f4ff23-27c6-4100-2dec-45ddc947da66,28,473.99695646290667,books,credit_card,0,2020-10-21T16:51:10.688755
c6b88d8b-8d0c-e211-b8e8-a2f016f38ec7,34,858.6306495409311,clothing,debit_card,1,2020-12-18T16:28:30.865044
e55a12e4-340a-84de-7b55-01df0fd87efb,39,2968.863886165557,electronics,credit_card,1,2020-12-04T20:41:23.130643
1d16dbd1-83b9-929b-21ea-95ab28792a56,28,656.5237778791067,food,credit_card,1,2020-11-27T15:18:26.809968
7a3cd63b-1587-096d-d678-8c9d3a3dbc33,24,2681.631500586835,food,credit_card,0,2020-02-17T12:11:54.740187
e9aca105-6d06-c59d-ae27-a58ef8b364af,67,4092.6731011231295,electronics,debit_card,0,2020-04-07T07:22:59.017740
4113ff85-ff1d-6893-7979-3ad7b9927158,75,1841.1842616125984,food,debit_card,0,2020-07-30T19:31:50.743022
5093a1d2-99e3-e01b-bf4e-c535dfa5a425,23,427.01091418383476,clothing,debit_card,1,2020-05-04T09:49:38.145945
5d003b1d-a887-b10e-6851-2acc151690bf,56,3770.9535156621037,electronics,credit_card,1,2020-02-14T19:47:05.848786
86ed7564-71a4-af36-845f-705854415d93,61,1063.4025112062982,toys,credit_card,1,2020-05-13T23:56:42.171689
548d1f03-7601-1e51-179f-fc2d6eb26506,24,3549.6023033339684,books,debit_card,0,2020-01-23T00:02:44.869952
bfa346e9-9a98-fffe-05a2-9818fd753e33,54,3436.648684196234,clothing,debit_card,1,2020-06-17T23:17:54.960050
1b5569dd-3d20-9f22-ae0d-a98075212612,47,308.82829951029686,books,bank_transfer,0,2020-09-08T03:48:59.469194
febe0d17-0948-6450-946b-0aa4604f804e,68,3771.821745203912,clothing,bank_transfer,0,2020-05-27T00:27:10.628640
de55447b-ac55-1692-9277-758412c65b6c,52,581.4717537340616,electronics,debit_card,1,2020-11-26T10:48:20.247157
497fd2f8-ec83-37ef-0cd4-4e285c75dbb9,62,3384.078631279597,food,credit_card,0,2020-03-14T05:00:30.086062
128a0303-cfe6-55f1-5001-dd73ecc3bc55,47,680.8176043139706,clothing,credit_card,0,2020-04-29T01:07:56.001442
f7eed1e6-ad3a-7bd0-ad71-de1d393087c5,80,691.8859329771209,books,debit_card,1,2020-07-22T19:40:38.539950
c3999f89-51fe-d414-b09a-2caca3b340b7,43,494.82358742490385,books,debit_card,0,2020-03-12T20:49:38.312157
6ba9673c-71a8-ed4b-1701-68d60724b7bd,40,389.4725932007488,toys,credit_card,1,2020-01-10T04:48:31.495001
7c80e612-facf-3976-71d8-bdb9cabe8de0,68,374.6160115151503,toys,debit_card,1,2020-10-04T20:52:13.016371
99fb6564-fe9f-6a9a-e3f0-a1434171975e,22,4882.2337952640055,clothing,credit_card,1,2020-06-30T03:05:05.369252
1cf9c49c-0950-7a63-5a3d-dfa57e4fa17a,58,2603.379741115146,electronics,debit_card,0,2020-07-16T15:37:38.100461
f196ac35-521e-3014-92f1-20ab17c364d8,53,2058.7465882288298,food,credit_card,1,2020-08-17T11:27:58.336815
79f03b12-b344-eba2-8776-576dd41fe687,68,4351.468806526877,clothing,debit_card,1,2020-03-08T21:41:09.050229
0a37f9a2-fd72-da53-f56f-a1438897e2b5,62,1230.9269736325869,food,debit_card,0,2020-11-25T16:33:57.247693
6c7db411-be10-e3fe-9d10-0d9c742457d7,72,748.4311514904138,electronics,credit_card,1,2020-08-01T18:56:14.940255
6402d94a-d3aa-b9eb-9fe5-542c5e52276b,55,3199.885077736248,electronics,credit_card,1,2020-06-15T11:29:52.289859
628e9836-1646-039e-af56-8a8119e50684,60,968.3148992263133,books,debit_card,0,2020-04-19T16:51:19.673898
253df61d-7a35-73ff-c12d-729e688cb28f,73,926.8353589610992,electronics,credit_card,1,2020-08-15T14:08:08.999850
cb445f00-6ee5-dca8-0dc3-aea9f3f59a82,72,765.529765024899,food,paypal,0,2020-09-05T03:52:23.028897
295e6e71-b9ac-a127-c60e-0b98b328edcb,58,1726.6430809792705,electronics,debit_card,0,2020-02-07T03:34:48.906524
c29c35ac-54ed-157f-0f13-0765551f925c,53,265.1382146889583,clothing,credit_card,1,2020-05-15T03:25:14.856326
89f6eb9a-cd6c-dfcf-8646-b8db3d5d84d6,59,433.41441844834924,toys,credit_card,0,2020-12-11T14:52:18.833485
c0dcd324-9e71-1874-360d-84f1ef011d8c,28,2026.1905589901344,clothing,paypal,0,2020-02-28T01:44:12.895548
679a6dc2-2392-10bb-c83f-d000bcd6c20e,64,3692.5909217367816,food,paypal,1,2020-02-19T17:35:58.223794
53791c02-253d-2aa6-7fbd-708a44fd52fa,77,3429.9041380919934,food,debit_card,0,2020-09-28T09:27:31.512666
5e4c2f44-c987-72b7-3ac2-06c5c6c281fe,28,4284.7337770686845,clothing,debit_card,0,2020-03-15T05:45:39.017269
5a9222f5-a5a8-7963-1b21-bd9f952927b0,58,2834.8283229138415,electronics,credit_card,0,2020-10-14T04:15:23.451897
17434f77-0889-e203-49b3-fa44a14a2320,52,286.2812573342627,electronics,debit_card,1,2020-03-22T03:11:30.847689
4d19e7e7-41dc-d31c-d45a-5935deef5b58,54,244.10171637702456,electronics,credit_card,0,2020-06-14T16:33:14.170838
250b0444-29d0-5775-7c30-5e3e9ee5511d,34,4274.933097863772,food,debit_card,1,2020-04-24T19:17:58.150826
f00e681b-5d9f-d41d-01f9-43bd5195ab69,35,2211.3040015886195,electronics,paypal,1,2020-07-20T07:19:22.500079
f97a4be7-4091-767c-a892-2dea26140677,26,3494.4635802577855,electronics,debit_card,0,2020-04-12T05:01:22.530625
1c1e0cc7-bbd7-354f-9c1d-3bff88bf53c8,32,3855.5530654535783,clothing,credit_card,0,2020-09-24T09:23:33.449211
bfcea046-9a74-fc65-faea-13a34c0ec7ef,49,2509.8919902242983,electronics,paypal,0,2020-03-03T00:32:28.237134
47141baf-3542-9ca1-a28f-b1ab8bc2eed0,78,1153.27394956792,electronics,paypal,0,2020-07-05T01:53:47.021220
6c0f74f3-ac08-8b43-f282-e6463fcb69ae,40,514.3601220988501,toys,credit_card,0,2020-11-05T02:58:00.111260
2ad98455-64ac-72bc-5b15-b44025739fb7,80,3872.375637831604,toys,credit_card,1,2020-03-07T14:17:50.697142
884e7c0d-5e62-5a91-2f5e-529207479c41,26,2348.357275961196,clothing,credit_card,0,2020-09-13T23:11:27.181779
fe92c89b-aa28-d79a-9e85-4f9761cc77bd,52,4601.81533558786,clothing,credit_card,0,2020-10-11T10:59:46.025611
04050d05-5afb-1341-60f7-a91893336c2d,26,4297.900850290525,electronics,debit_card,1,2020-09-25T06:54:04.998826
bac9dec1-bccb-1b7e-85e8-265da07e3527,25,1835.1763299696304,books,paypal,1,2020-08-09T09:02:55.856643
629f61e2-a64a-5f1f-c957-9e068073387a,66,2857.5651698471015,clothing,credit_card,0,2020-06-08T01:42:26.116536
98447d0e-efdb-b3b8-9411-a1ded852f687,30,4918.507619224569,toys,debit_card,1,2020-07-06T22:07:20.350083
5082c147-d93d-7e8d-e8d9-768a1865864e,29,2883.986939856147,toys,debit_card,0,2020-06-04T20:15:41.283704
bc7e5a23-6ccc-92a0-602d-4a79c5620585,57,107.34237560279918,books,credit_card,1,2020-06-18T19:54:51.847776
aaf781db-57d0-4e13-89de-e768b41d68db,48,1994.538051549505,clothing,credit_card,0,2020-02-17T11:44:24.285517
011e72ee-cc74-971a-1fbb-c06ebe1f6a3f,67,433.4805491623507,clothing,credit_card,0,2020-08-26T04:39:21.737291
f5c62b94-58c5-d3fe-3314-a52278302fa7,59,707.9385674443997,toys,debit_card,0,2020-06-15T22:11:49.193663
dcd55376-906d-b867-746a-103890cf58fa,45,4068.064555297619,books,paypal,1,2020-04-21T10:56:34.361017
2419e0db-8bf1-816f-3052-b2dbb34f5950,35,3496.7141959663213,books,credit_card,0,2020-10-07T20:01:08.026347
8e86aa49-eb55-5d30-d3fe-6735d0c26d0c,20,869.7213679758448,books,debit_card,0,2020-08-20T17:45:22.249154
6e087182-003e-2bbb-531e-fc6717e32339,62,1812.3277100997232,clothing,debit_card,1,2020-03-27T08:38:35.514350
747c0a73-22ce-fa4d-9a0d-323492ac551c,20,3051.727049727516,toys,debit_card,1,2020-01-14T06:13:33.478999
046d99e4-0557-c698-498f-7d9911df3df4,40,3550.729925419727,clothing,debit_card,1,2020-10-14T12:16:43.197984
efa6c647-07f0-fca7-d3f2-8a9ab2d99f0c,39,3694.9037185232983,books,credit_card,0,2020-12-29T11:17:09.680713
efa85190-2622-5f41-8c0d-bd4ab2779727,23,3156.776074863844,clothing,debit_card,0,2020-08-12T04:26:11.421171
68fb5752-7e65-854f-9553-fe076f315659,33,1910.8469068095799,food,debit_card,0,2020-08-10T07:50:11.911315
7d4ebb44-b793-78e8-8d2a-991a5205afd7,60,1521.955809088099,toys,credit_card,1,2020-06-19T10:43:21.829642
ac5a9462-933d-6446-0732-04442ea46d49,72,1565.8812907728986,electronics,debit_card,0,2020-09-27T03:58:49.904990
fbe8c6d4-f454-2a57-6dc8-67a8cb4a7318,40,218.33761247651304,books,debit_card,1,2020-01-06T22:51:08.705031
c60c2996-8b27-b0c5-663a-a4ecdb756280,36,2218.133476312597,clothing,paypal,1,2020-06-18T17:44:06.197621
4411e8e9-8f5f-7444-e598-18921e8a8cfa,45,2526.709532963365,food,credit_card,0,2020-02-25T18:11:22.072889
11d8c419-9886-a47c-8ea5-cc3103a54307,22,3723.0290527523216,toys,debit_card,0,2020-04-28T21:44:20.492640
11ab788e-552a-16d1-1850-a3a36f5a9923,53,4184.467768131439,food,credit_card,1,2020-04-07T10:30:41.689953
e55bc945-16fb-090c-f1e0-76916e32eca9,59,1411.0924075740343,food,paypal,1,2020-05-13T01:31:26.098064
ddcdff98-cb00-c5b6-9be5-8525a26ac8c4,64,1993.4511257271454,toys,debit_card,1,2020-05-21T13:50:48.357761
e7771900-2849-6934-f6c0-495a71dc7ebf,18,4055.659659024148,food,credit_card,0,2020-07-27T08:23:34.884221
af0376cc-f72e-7a3d-22a8-5929148a85e2,28,885.03006583482,electronics,debit_card,1,2020-03-22T18:26:06.393017
43a1ad05-f18c-7020-cf7d-dbdc2dbf78bb,29,3704.0527439487632,clothing,paypal,0,2020-01-18T07:19:01.219902
fc5d0b56-9492-5248-1449-ae75e7f9261b,20,3039.5686247578155,clothing,credit_card,0,2020-07-03T09:11:40.859761
3c845090-734b-e150-fc27-998d2a32392b,78,1317.927833930229,clothing,paypal,0,2020-06-24T10:55:02.573258
b577c38b-8047-fbd6-0a83-9b92150e5e2a,68,678.8956671407336,electronics,credit_card,1,2020-06-03T13:31:29.437109
23e9a835-625f-3842-45f5-bc5a03312c08,38,2231.7017499053522,electronics,credit_card,0,2020-10-17T23:06:36.315079
f97601c7-b58e-06a5-5821-29583f6085f6,68,1615.6561218802149,clothing,bank_transfer,0,2020-08-04T08:27:18.193115
1ea02ac8-8e7f-48bc-f38d-967769cf78dc,24,2780.5897684721704,food,credit_card,1,2020-12-17T19:52:56.432289
41463929-56ab-5e98-37b9-4945b9fe7a7b,47,1540.7550032468077,books,credit_card,1,2020-12-02T18:14:33.571912
52800ac2-7afe-d5a2-59b3-fbed0ce80b24,50,2794.0154530301343,toys,debit_card,0,2020-05-01T02:38:14.617527
9b0d739f-658a-8090-a89d-e44a3eeb110f,26,2029.7881190848523,books,credit_card,1,2020-07-08T00:56:00.179457
0c09cd42-29be-b80a-2d72-3fcfe1265bb4,48,997.7516072109892,electronics,credit_card,1,2020-03-06T09:48:29.109169
011380ed-0d7e-9343-9698-4daafb0d9f7f,30,2292.6704371625174,electronics,debit_card,1,2020-09-12T12:45:47.136947
44559971-586b-165f-e9e7-187bb18f143a,36,2780.1736414371776,clothing,credit_card,0,2020-03-19T00:28:10.178220
7ac051fb-a2f4-3706-27e2-0965a2402b27,80,2271.1378705556517,clothing,credit_card,0,2020-02-13T06:47:42.154909
7af1b20b-8b85-13dd-a285-d4a81309e7b2,28,1819.9400683203278,electronics,credit_card,0,2020-06-10T02:54:36.245215
f1d02503-70ea-4403-abd3-4593d1c3fb05,73,3434.1249532149996,books,debit_card,1,2020-08-07T01:18:20.385676
5daa16da-0323-f277-e4cc-510564807a40,35,2986.0716340558615,books,debit_card,1,2020-09-12T01:24:54.630016
ef560ef2-1d21-08e8-2b84-12409d29fb59,54,3967.2560356070776,electronics,credit_card,1,2020-12-12T18:42:20.161322
4cf4eca2-aa07-6248-c087-24f027f029bf,61,4926.687049781753,toys,debit_card,0,2020-04-12T13:35:34.168991
e8d76de4-c0d7-3db3-1fa0-c3c1b8610dfd,32,1533.7166166535296,food,debit_card,0,2020-12-18T18:05:29.720819
0bd2bb1c-5df0-138f-9f62-e7f875e91bfc,69,593.7461820019175,books,debit_card,0,2020-12-23T15:24:07.670294
421bafa0-f09d-1b8d-b99b-0cf52a8096bc,47,2950.3692256614204,toys,debit_card,0,2020-12-23T04:08:24.951668
fa3a582f-404e-e9c0-1b63-038b26befdfd,76,4639.811104193041,food,debit_card,0,2020-07-05T00:47:31.429770
391f0d2e-f63a-d1ef-3b7b-d1937141a8e3,80,389.8017712157036,electronics,credit_card,0,2020-01-06T22:48:10.638267
723945f8-47e9-e835-ca9f-a84dee7cf7db,77,1601.4111663958847,electronics,debit_card,0,2020-10-29T09:57:02.687497
8a9ec7e3-3f7d-5637-f01f-01d11f056f52,47,1054.52863573663,food,credit_card,1,2020-01-19T21:52:22.809038
93fbd840-331a-5698-e6e2-2e9777046f94,20,261.68933513186084,clothing,debit_card,1,2020-03-30T20:00:10.841164
66227192-a660-8335-9063-c6d6853843fa,65,4860.056901017635,toys,credit_card,1,2020-08-28T22:05:21.872745
5f65627f-03fc-090f-1150-5acd5897701d,48,3432.4936524497753,books,credit_card,1,2020-03-13T16:12:45.738336
0b3b327b-b56f-e5f1-5321-4e7e5867eb43,22,632.6038690382313,electronics,credit_card,1,2020-05-02T21:37:05.635392
2c83b464-873d-a008-6724-fbb8fe95c2db,46,4156.557216149861,clothing,credit_card,0,2020-07-26T04:38:17.308456
e8d0c6fe-9783-3a9d-517c-f64a78192e28,71,2562.279705030884,books,credit_card,1,2020-02-02T20:21:33.327035
0e0685e1-2d9b-0504-c141-a26959d8e0c3,56,4536.2736107931405,electronics,bank_transfer,1,2020-09-08T03:22:16.837803
ac4c10c2-fbb6-c6fa-4606-f4f163396cca,61,82.68226933811358,electronics,paypal,0,2020-01-14T15:53:25.061825
65393a2a-2859-9159-e111-77f33960813e,69,3724.6609154199127,electronics,credit_card,1,2020-11-29T07:35:30.615495
4de40067-c36f-3191-251c-b1e3d7108547,40,4657.061925135496,clothing,debit_card,0,2020-09-08T13:15:17.253526
ce4048d0-9fdf-a5f6-f89c-f81edd87e07e,69,3817.446568187113,clothing,credit_card,0,2020-08-09T12:38:09.919831
ee1aabf3-8a58-9d76-f96d-5df2d193d284,34,422.2667695494195,toys,credit_card,1,2020-09-09T09:39:49.586834
15047762-7a75-a5c2-1bac-530d4283ab42,28,1280.8448082872922,electronics,credit_card,1,2020-12-15T05:33:30.957572
cd83907b-84d1-1d26-94ea-e35c22bcd9a8,44,3131.2660158244717,clothing,debit_card,1,2020-12-24T07:17:42.123098
6e9ea8c7-d86b-29a8-25af-b01bb6016a13,60,705.0251123249411,clothing,debit_card,0,2020-11-01T18:07:30.186919
9f917cf2-d7c5-13b6-26d7-fe1b27af1332,62,3681.150632669168,clothing,credit_card,0,2020-04-22T02:50:02.205233
e0599b5d-2f8d-94f1-6ee0-3b34dc0e4c9b,62,4512.483686480814,books,debit_card,0,2020-09-21T10:38:00.149106
3c9ffc6d-14cf-0a73-d89e-3f09b118f59c,79,4296.457760932146,clothing,credit_card,1,2020-05-03T07:07:40.558968
62c61a6f-9b1d-8595-bbe6-be46c61b6b4e,62,4860.5964664233425,toys,credit_card,1,2020-11-10T12:26:42.790101
14ae8721-a519-cb30-89b5-6f5a73e60316,71,50.466423882167724,books,debit_card,1,2020-12-21T17:50:10.412380
4fc65c1e-11cd-9915-3f83-8c24fbbb2a9e,41,76.49927027576405,electronics,bank_transfer,1,2020-12-29T21:32:19.055516
f18d1763-1d30-94f7-0221-e24dbbd376be,35,3215.437115165398,food,credit_card,0,2020-05-04T01:29:57.545617
a9447170-e2b4-8684-bc52-2f79e66878ab,61,3438.254673738917,toys,credit_card,0,2020-05-22T05:14:37.035292
53584297-fc19-0f02-718d-f2dbdd354f0a,53,1959.603439901338,clothing,credit_card,0,2020-06-22T17:07:30.898533
d0fbd7ce-36c9-af4e-bf46-7965dbc42156,65,2620.7176047577414,electronics,credit_card,1,2020-11-03T00:29:41.588629
13b62512-5bf1-2bab-9655-d42a623266d2,32,347.40921983421816,electronics,paypal,0,2020-04-06T14:09:33.538873
6436c44e-e048-91ee-7daf-3d4737d0553c,41,4290.93153180821,clothing,debit_card,1,2020-04-17T12:05:33.231047
9195e18c-deca-f12f-89b6-213d5ded02d1,55,1989.5678394368947,toys,bank_transfer,1,2020-07-15T18:11:47.916165
b41a8310-499d-6468-cb5a-07b77b87e3cc,71,437.1319431902908,food,credit_card,0,2020-05-10T13:39:14.892538
c6ebf9ea-4774-e56e-d335-69248404b4cd,18,1203.2438324043183,electronics,paypal,0,2020-05-12T14:05:48.705647
0c69e314-c225-b1d2-997e-3681cce22e66,31,2876.5300335160855,electronics,credit_card,1,2020-05-08T22:43:49.777537
76067b01-630f-7825-1ed0-7e9310cdf7b6,31,323.77567459686065,books,credit_card,0,2020-10-24T01:27:58.212210
b4ceccae-2a3d-8fc1-8b1b-1c09a4378699,71,4103.4374843228115,toys,credit_card,1,2020-04-22T08:13:26.437031
0f464aa8-db4e-63f8-dfb9-b0fd00282820,46,2246.0929517319455,electronics,credit_card,1,2020-08-10T23:23:11.038033
c0d0e9cc-8877-0ab3-92a8-bcf6123513c9,19,457.12926212373327,clothing,credit_card,1,2020-08-18T14:57:31.317395
d25106da-fbef-c25b-c5a1-831e8abb3e3d,19,2303.065279488022,food,debit_card,0,2020-08-26T15:37:54.367518
0f56e430-42b8-dbb9-28ad-99c0a44af345,41,3219.1631169738794,electronics,debit_card,0,2020-09-28T04:21:09.916365
dd22d13e-07ef-38ee-ef43-7fcbcee8d450,23,2327.1105935379023,food,credit_card,0,2020-09-15T22:35:35.602421
664b1f6a-2753-a7fb-b21f-abf81ea4f5bb,62,51.45234038228844,clothing,paypal,0,2020-08-19T04:19:52.717955
364bdff2-7ca3-3adf-7f37-8dca54ec028f,27,942.1285998043852,electronics,credit_card,1,2020-03-16T01:13:43.723929
4e41d793-9384-8a6a-82b4-91da501bbe6a,59,49.80259614293601,books,paypal,0,2020-12-21T18:34:41.504434
f5741cb8-c58c-a361-a166-18dad5da46c8,62,142.93973136713737,electronics,credit_card,0,2020-11-16T05:24:05.939601
44bc71e7-2f83-6f82-9b3f-c72d746da70b,56,1209.1571725034228,food,debit_card,0,2020-11-28T17:59:34.938071
6c577008-86c2-414a-8df9-1916141b0942,53,4243.360687224969,electronics,debit_card,0,2020-07-05T01:15:46.357720
efc0e0e8-86ed-af46-8b76-c23a92a3eba1,42,1502.936746076937,clothing,paypal,0,2020-11-15T00:52:18.067159
978c57c5-5242-20bf-66f5-2e2da3012013,68,4014.865946274303,electronics,debit_card,0,2020-01-24T13:10:43.888235
88121a75-bf81-051e-2795-b266e3107ec4,20,4187.299924939838,clothing,debit_card,0,2020-05-03T04:32:53.300230
858240d5-d421-bdd7-93e6-2d3d11ac4e2b,52,4742.386811626362,toys,paypal,0,2020-11-19T10:54:30.577962
4ee3e0fb-0ffe-cf1f-e83e-dc36699d1695,59,1321.2178943520114,electronics,debit_card,0,2020-02-29T05:27:34.076492
8cbe6bba-da1d-e190-96f5-fb7d41b8bf97,28,3633.345810313636,electronics,debit_card,0,2020-05-11T10:25:56.261161
c10f1596-c1ce-7b2a-22dc-d3a7bd3f71b7,40,2854.900692376367,food,credit_card,1,2020-03-31T05:15:48.985158
49699c1c-f38f-458b-8c4c-f08858a3f629,30,2024.3092887628861,clothing,debit_card,1,2020-03-25T20:19:18.801093
0ec6c8d6-d0e9-3f55-d57f-2cac2a098e23,61,2762.908236460908,clothing,debit_card,1,2020-01-30T08:29:19.008341
60dcfbf2-2150-2602-1bda-afc7a4830e4a,69,1538.5826121262612,books,debit_card,1,2020-11-29T10:38:39.564931
fbd8f5b4-3731-d09e-c1f0-1efcd25ad791,19,2206.1166041125716,toys,credit_card,0,2020-11-22T17:43:44.899050
abb59c4c-26aa-5809-e25e-1587f30695f5,28,1967.0879020898622,clothing,debit_card,1,2020-07-15T20:27:56.787540
cd6b4a6c-3043-4e88-f99f-4ed09afb68f7,19,1133.0292208537644,toys,credit_card,0,2020-12-12T17:29:58.018147
3cbd16a8-09a0-a879-49d2-b98b057e186d,79,2604.6149772914187,clothing,debit_card,0,2020-02-18T09:06:00.723105
de26198f-96de-a587-0a5d-ea4102f2f579,27,3391.2431193810285,electronics,credit_card,0,2020-03-17T22:56:47.279278
67eda3b3-6ec9-13d2-f8d7-56ffe9a59c72,58,2127.284343569878,food,debit_card,0,2020-02-19T03:52:50.621243
c997370c-46dd-c733-2a05-a4ebe089e318,46,4787.216083092552,electronics,credit_card,1,2020-11-22T15:06:15.226033
80924a0c-b5d8-826b-a876-512c95babd26,18,604.4931480548277,electronics,debit_card,1,2020-05-07T00:47:53.225451
d4d9ec1e-bc42-3892-3297-9c19d4075ec4,53,3796.80423896291,electronics,credit_card,0,2020-02-26T04:54:10.934374
fee6d0b0-e088-b983-7419-5d01349259ec,36,796.5305152950239,books,debit_card,1,2020-03-01T00:29:00.687398
2843ff1a-589b-f499-df82-ba7d406c9f51,28,3289.6802866556504,food,debit_card,1,2020-01-07T13:25:01.151656
759af9bd-f232-d748-ae66-d693852657a0,74,165.13623841978776,electronics,credit_card,1,2020-09-01T02:34:37.895102
86646cba-1587-9ab1-960b-b0363d8666aa,42,3141.870345643008,books,credit_card,0,2020-10-19T03:32:35.233650
9515e9bd-2e56-b3a5-c51d-71159de65013,75,2522.6345147161014,clothing,debit_card,1,2020-09-05T06:01:38.881685
b4dc2b65-b35e-5511-ef57-94a887831e9b,62,2407.4887912523077,books,debit_card,0,2020-10-08T23:52:30.058876
ba68dc26-dca8-070f-2dae-8f4476bf77ce,68,4937.122538255462,food,credit_card,1,2020-06-23T15:20:17.246104
ab8a6fd6-11c7-a777-75e4-52bd78ca839a,57,2837.045235101847,clothing,debit_card,0,2020-10-10T12:44:44.502493
ff38168b-321f-4dc3-c7de-a7f28610bca5,52,2822.1296325705653,clothing,credit_card,1,2020-05-10T21:31:19.377371
eaa9e4a4-374b-16eb-bf7c-70255d842850,18,2260.807863491921,electronics,credit_card,0,2020-10-06T19:27:13.439449
090bef77-897e-4920-c6c5-a87f4a675ee1,39,3307.4238601648312,electronics,credit_card,0,2020-02-07T22:21:15.344813
bbd3e0b8-8075-0637-d386-e74b3734ce11,59,3981.6682327708722,books,debit_card,1,2020-07-18T11:19:01.029703
d9bf83a3-c34d-8d5e-fe03-5330f30a9e2e,45,56.50336397502123,clothing,paypal,0,2020-06-10T20:14:55.899585
f0cffb0e-e62c-694b-ba71-e38080385e5e,18,4527.192850411594,toys,paypal,0,2020-12-29T15:16:13.018174
8defd57e-0681-a04a-93e7-4c578eea8fa0,19,800.8652032736463,books,credit_card,1,2020-10-15T02:33:37.335906
77c950bf-736c-f473-078c-4e09de6f27fd,19,4586.055683663028,toys,credit_card,0,2020-02-01T23:30:09.442936
9565608d-8edc-d831-185e-625b28104762,71,2168.424394958561,clothing,credit_card,0,2020-07-11T03:45:18.147353
d0f7246d-86fc-085c-0007-af8e4f06b485,63,369.1627768531182,food,credit_card,0,2020-12-13T10:32:17.697838
41fd5fb5-ac8e-44e6-f9cd-19ce51e85d45,48,536.798974134628,clothing,debit_card,0,2020-08-26T09:18:53.181855
e8d7b1b9-d326-93b2-5e83-92b34f0646c0,76,3662.681816272669,electronics,debit_card,1,2020-05-28T00:28:25.614618
f5df778d-f700-9358-d19d-2166b94dd75b,30,2756.2526630148354,electronics,debit_card,1,2020-02-18T11:32:49.224353
5fee828b-5acd-c829-8ee3-6cae1a9d808f,60,3186.02871822182,clothing,debit_card,0,2020-02-01T02:23:21.199459
3b7d9918-8d9d-9ea9-fa0f-4016ddc9b66f,29,4844.196685694855,food,debit_card,0,2020-06-26T14:19:43.246081
5cb15967-1f33-3973-dc40-162c4023bf3d,41,1470.0109379591536,toys,debit_card,0,2020-05-17T05:04:34.866574
9bcc12cd-0779-62c3-572e-6250bd294be8,37,3619.315718318488,electronics,credit_card,1,2020-04-14T23:43:10.158332
74f79c0a-92be-9571-9312-04bddc3d9cb6,35,1187.2413124214283,electronics,credit_card,1,2020-01-28T06:34:43.382999
b295f3fe-52f7-9f87-c3a3-0bc41aa2b7aa,48,3127.999442184807,clothing,credit_card,0,2020-05-24T13:10:53.004770
3b1c068e-9b3b-2dbe-f01f-abdf7f218e78,77,977.2618767064745,electronics,credit_card,0,2020-04-05T07:06:59.346910
2ad4e9ac-4a7b-de27-4ae3-b9255536e5c1,32,531.1787386850376,clothing,credit_card,1,2020-03-16T22:07:02.234895
52e07d32-0725-7514-7144-61b28220f58c,39,4515.002757871962,food,debit_card,1,2020-01-09T10:40:49.349075
59f5651a-aa2a-d44f-2b76-b2dc72476faf,33,933.2528821449373,books,debit_card,0,2020-02-26T20:40:23.540721
7cd3128e-1c90-4145-ed6f-041b5d6fc27a,28,4735.0750511187925,toys,credit_card,0,2020-01-24T19:41:48.688223
606e2497-2916-4ef8-aaed-451ab418ea40,56,627.0689245539949,clothing,debit_card,0,2020-12-13T17:19:49.651151
2cb54274-1a6a-f2d2-9def-8c5d7b3b11e3,27,1449.1502528292576,clothing,credit_card,0,2020-01-14T02:08:05.615380
14ca3c68-0117-408e-9d91-edf90c5d7143,53,1356.840666047972,electronics,debit_card,1,2020-01-03T02:54:18.787817
bf8da749-98dd-3d36-d05a-a2b528d941c5,49,2438.9874552676547,electronics,debit_card,1,2020-11-15T14:04:43.747343
060dd703-6d00-8abc-0e89-1b4c31593ef6,65,3103.148065896255,toys,debit_card,1,2020-12-14T13:38:43.216868
46307192-bee3-13d4-9e2b-f11ec8069f0e,69,4277.968543120817,food,credit_card,1,2020-02-03T07:05:28.823797
5e7cbd32-a7bb-5550-b2b0-4aa44ef1bf84,69,43.42807353273772,books,credit_card,0,2020-11-24T22:05:56.511025
8e1a2e4c-4118-19c7-a696-82ffc77684ee,78,4196.248531462932,clothing,credit_card,1,2020-06-24T20:32:28.899233
e6279e1c-abb3-0a17-ff43-964923b3791b,45,4092.588825983488,toys,debit_card,1,2020-07-16T13:07:59.728891
17fabef4-3fa2-a2de-b518-3f015ab75291,56,640.1499332841264,food,credit_card,1,2020-11-23T00:50:07.996792
07e72cc4-8771-9e45-7f82-f55ec7821a86,40,98.15512414177299,books,credit_card,1,2020-05-28T19:06:06.230386
4457b5c2-b309-9da8-7dec-17c7ae0e8172,29,445.5678730927001,electronics,credit_card,1,2020-05-01T14:19:04.171422
481831fb-32eb-c4b0-9962-d12cd4440bff,43,3645.5045411208025,electronics,credit_card,1,2020-01-06T11:39:36.290217
00cc4f78-2baf-6a5f-ac47-26d667f729f0,68,3128.997707577862,books,debit_card,0,2020-10-21T08:26:21.802488
62a6587f-9dec-6858-da5d-e350bdbe475c,20,1953.9496815035975,food,debit_card,0,2020-07-26T17:36:08.873660
771de1ff-de16-5ef8-ca77-52c209816acf,75,1538.24410504879,toys,credit_card,1,2020-12-25T05:43:16.855973
55319db2-d291-281e-7119-ac1fcab40fb2,47,1880.395354764319,food,paypal,0,2020-04-14T23:24:42.591878
e499c55a-0a43-1dd6-ad03-a442ebab0130,22,3665.9838153871824,electronics,paypal,0,2020-11-18T17:45:26.628632
e4dc0992-e0c7-7d6f-5eb2-571d3db7353c,58,4271.804880745098,electronics,debit_card,1,2020-04-05T15:49:05.103723
d13df62d-7c2e-f995-3cbc-d299c6358134,27,4466.910485957177,food,debit_card,0,2020-12-06T02:19:13.643770
d692c01f-cc2c-3bef-5db5-f6a91c17de6b,71,1819.2720829774767,food,debit_card,0,2020-12-25T18:40:32.271044
f74cc52e-4b56-0f45-f868-04d9152a6906,73,3807.2827457052776,toys,credit_card,0,2020-02-26T15:48:50.178347
11101ae6-a06e-b3a7-9840-d4d5e18ca8e4,60,178.01114299990016,food,debit_card,1,2020-06-25T22:22:11.451558
5dbac718-9bb6-1daa-5dc7-1a617681e76b,60,2372.5993346750315,clothing,credit_card,0,2020-10-20T23:09:53.909638
2178dfa7-ba6e-fde7-d425-a20ba7a364f1,26,4016.962099715643,electronics,credit_card,1,2020-08-24T21:57:50.504052
61716ed0-826b-3fc3-883e-2085a5196691,67,4016.805705459055,electronics,debit_card,1,2020-02-12T09:25:28.864376
ea83da6f-200c-7bf5-0032-7e109c0cd82e,36,1160.3886111070415,books,credit_card,0,2020-06-26T22:22:26.935827
0e110552-e10c-7d39-a027-ea217ca98b01,73,4280.471848634423,books,credit_card,1,2020-09-19T09:01:09.493673
b01b4bea-dd21-0fab-b347-5204501ba731,35,4117.703609158707,electronics,credit_card,1,2020-07-19T10:42:50.991033
2d82503a-e083-c320-6570-ac9742e60dac,34,1170.517325748307,food,debit_card,0,2020-06-04T09:41:47.397748
aa5930ed-bfd4-ee1a-22e0-bbbf4605b3bc,52,4424.647554865123,electronics,credit_card,1,2020-04-23T10:04:06.243243
a11f5955-788d-9680-015b-d201fd2d5101,69,2093.1060517623723,clothing,debit_card,0,2020-12-01T16:42:48.463773
d9c97929-5f5f-7cb0-f029-3b62f38f4a78,46,4537.809355846947,clothing,debit_card,0,2020-02-10T15:17:22.369372
0c1c2990-b291-4998-d0f7-839c0a4a76ed,27,1617.3698390563636,food,debit_card,1,2020-07-26T08:02:15.797583
b9d18c20-a880-fec6-82bf-228f80829280,34,3503.64965069695,food,credit_card,1,2020-08-06T23:09:49.252159
59c5592b-5eaf-b629-92a5-2d2955f4fc18,76,3852.174695470615,food,debit_card,1,2020-06-04T05:18:57.988150
52d84e14-785a-689c-65fb-2b9df5ccbd4b,74,1523.5429034016227,electronics,credit_card,1,2020-08-29T01:10:21.834052
04e85e97-9a91-b51f-fec9-70ce2cb6524a,70,3527.0634864172566,electronics,paypal,0,2020-08-04T14:20:10.336258
48a04c54-face-400e-617b-556db8891a24,21,88.1083313451314,food,credit_card,0,2020-11-07T00:24:22.369517
54196b84-751d-424a-1e92-e47804c77e97,49,4876.031040265184,clothing,paypal,0,2020-06-16T14:01:00.670236
ba463bf8-6dec-60be-0eaf-1d61ec5ac965,47,1674.978728838784,clothing,credit_card,0,2020-02-01T23:12:40.732652
9aef6e9b-e3b0-b51c-44f4-1712cac8a0a7,39,1299.1682298326505,toys,credit_card,1,2020-03-17T15:14:12.612950
0f8ec3c5-ee9f-2737-7652-a8b5b88cf17c,37,4433.982669289368,food,paypal,1,2020-06-05T12:56:50.455691
e02160f9-c478-4e6b-cc93-4b7ae1ce1461,78,4651.025971937605,toys,credit_card,0,2020-12-11T07:37:50.431829
2afebe29-12fd-2222-262e-9e22b3d5a22d,79,2793.5599442596767,clothing,debit_card,1,2020-01-17T15:00:57.591280
dc672d66-dcc9-0a9e-e4e0-44412cbeb881,66,2819.260364555267,electronics,credit_card,1,2020-06-20T05:48:17.393935
f2376903-5b4a-c511-c6b5-e1a890b6a9a2,68,2102.8145158418583,food,debit_card,1,2020-08-21T21:15:00.274653
0c3c333b-a3ca-646f-8ea5-4f051fdf90d5,21,775.4482009424925,clothing,credit_card,0,2020-12-05T07:55:50.470333
56ef4d94-77ab-bef6-3cea-4c798a1fa9bd,30,3853.171287391538,clothing,debit_card,1,2020-12-29T14:06:06.485971
827b2f42-e246-1ef3-a55c-3b74bcb7c14f,20,3446.157101346826,electronics,debit_card,1,2020-10-14T09:17:18.394339
69d06c85-e543-28c3-3218-946c57d138cc,26,3206.2990396627492,books,debit_card,0,2020-11-15T03:33:18.510106
6c2f2ac2-21f7-1379-2e12-5dac17e7ac2c,69,2038.7205302518282,clothing,credit_card,1,2020-10-21T00:59:27.456816
83f27e1f-b59a-38a1-fa71-2d8f3362bf4e,59,519.6221811993685,clothing,credit_card,0,2020-07-23T11:47:07.434244
a9214aa5-258a-5923-080d-c7d566a52122,49,496.5308958479981,electronics,bank_transfer,1,2020-01-07T11:06:22.029769
e8d1a31c-62bb-b445-4fda-a05d04e99169,24,1267.932856084762,food,credit_card,0,2020-08-18T23:58:02.265007
45a71c64-5d46-6b5d-1a67-28f1b5add58d,70,4007.3558082397867,books,debit_card,1,2020-01-21T14:19:50.945933
9b0f6309-48a2-976f-15d1-2010c7dddeda,73,790.3424321981945,electronics,credit_card,0,2020-01-11T12:36:37.785544
52fb96b5-4f0c-4216-de05-e617914743c2,73,884.0499483189778,electronics,debit_card,0,2020-06-22T21:43:44.520366
e98c6839-b052-eb93-cab2-6d13375bcfca,47,4848.940528064997,electronics,debit_card,0,2020-08-01T15:04:24.398153
46ba9336-97e1-1014-81b4-dab23bca5fb1,25,138.99021097118583,books,debit_card,0,2020-11-01T03:48:10.304032
4f9c8fc2-d277-79d6-f59f-3c36df4452f5,57,4161.196850217075,food,debit_card,0,2020-05-16T00:55:40.915209
d605133b-ff01-7a9a-351d-38f2a1ce0429,67,136.7842725005473,books,debit_card,0,2020-01-26T14:24:45.262791
0c8ac0b0-24af-319d-07a1-499003514f47,25,3955.0656125264018,food,credit_card,1,2020-03-11T20:49:14.495311
5726a5a1-0240-b31a-01e0-d47e6c996e60,57,353.3829441125618,clothing,debit_card,0,2020-02-26T11:41:43.883739
0c018945-5d60-98ac-6540-0e53df55d7cc,48,195.16983073342348,electronics,credit_card,0,2020-11-21T18:43:24.572123
1006e016-b46b-8bb6-a68f-4b20c9207bea,65,2724.807610538913,clothing,paypal,1,2020-11-25T21:51:11.701133
c6510b20-e6a8-4ff7-f411-dbeb398f13cf,39,167.96021811762932,books,paypal,0,2020-08-31T14:00:01.712838
0d99bbe4-cabc-9195-4786-3859bf476db0,75,1565.0929982998057,books,paypal,0,2020-04-06T02:14:35.176091
41df9624-dbdc-b2f5-f88c-a907fc118fb4,44,1459.7785365637587,electronics,credit_card,0,2020-12-17T01:40:13.826439
a4176be2-718c-70b6-f6b3-b7940f77ad08,71,2932.474471545485,toys,debit_card,1,2020-03-24T03:54:47.078636
eb63b4f6-d0a5-e7fe-89bf-65494bb8a942,28,247.72494968576743,electronics,credit_card,1,2020-11-24T15:18:59.440615
cdc59592-ca01-f0c5-440e-de276137723d,33,2629.731396271817,food,debit_card,0,2020-10-21T02:22:36.360859
0470534a-d2b2-5251-61f6-19294d905718,65,198.32175425934207,electronics,paypal,1,2020-04-13T08:40:30.950506
2616ac98-5615-08ca-e45d-9dccc3b34101,49,102.06891837905471,clothing,paypal,1,2020-08-28T01:05:24.985651
59590eb8-2d6f-3cb1-ed6c-4184a942d336,67,4844.792895237477,toys,debit_card,0,2020-05-23T18:11:08.875557
77d0d506-6097-bdd0-c46b-b563664f05d2,35,3089.483478624762,books,debit_card,1,2020-09-23T09:50:29.319448
f32db958-b7fc-1497-6933-f2b58c0557eb,52,4147.705204891807,books,credit_card,1,2020-03-31T15:33:13.937502
fb92fd68-0544-a1d9-d1b5-a85aa3301c60,28,2967.90106470265,toys,debit_card,1,2020-05-21T22:35:10.282341
235ede0e-a01b-c96d-6426-03baf619955e,63,3050.7341050755963,toys,debit_card,0,2020-05-14T05:44:12.638430
e7f26b88-8457-be1f-8ec4-e2e28cf21b3c,53,221.7108558876342,clothing,bank_transfer,1,2020-06-09T00:11:58.239910
26adbd35-37c7-e4b6-4328-d2d535c22163,29,604.1019802668651,food,credit_card,1,2020-04-27T06:11:01.633716
bbd85d16-b437-0212-ec47-3ecb09bbe5bc,63,1387.2077061747352,clothing,debit_card,0,2020-06-27T22:27:37.119940
402a33d5-c567-751f-2bbd-e9d50aaa5b10,73,571.5337299369137,clothing,credit_card,0,2020-09-25T21:42:38.882968
7ed5b78e-957d-dddd-5aef-95e10dcf6d93,72,3554.5361375465327,electronics,paypal,0,2020-01-01T05:32:48.585198
3844eb07-147c-30d5-129a-1dd08b5ff11c,32,2439.5317696935535,electronics,debit_card,1,2020-10-08T07:18:42.607350
9173b7bd-64c7-3aeb-678c-d551583d56be,55,4538.502801184245,books,credit_card,1,2020-11-03T18:29:53.042245
6be9c81b-99c3-3f3b-cf9f-33a39e5cde2d,60,4032.6236743865616,books,credit_card,0,2020-03-23T09:03:37.025949
d07c32fa-db07-ed7f-33ad-cf987b36163c,74,2702.1130187238514,books,credit_card,0,2020-01-07T15:03:09.269037
34e40c4c-44c6-9f3d-8a90-184e570f1e2c,56,1766.3975415398493,food,credit_card,1,2020-02-05T12:14:18.305228
2471535f-b7fc-f9be-e162-289779751221,79,4041.5658406084935,books,paypal,0,2020-01-08T22:33:39.973163
96db9611-c07a-5069-1b00-7852bd1c2b80,58,2514.984250520116,clothing,credit_card,0,2020-09-18T11:15:49.975378
6981b8ad-ef59-91bc-a02c-30d2faa44c83,41,115.34740584067684,electronics,credit_card,1,2020-04-05T16:55:23.844110
11123441-0bd9-849c-a0bd-92ead949553f,38,969.7783756545784,food,debit_card,1,2020-05-27T03:54:32.894635
ff273733-ae19-36a5-2b9d-d669ef190ded,25,1605.5705916420693,books,debit_card,1,2020-02-23T03:53:35.772571
3930a09f-0781-5740-22c4-5edb4153d1fd,76,2006.9413401909703,clothing,credit_card,0,2020-09-26T02:17:13.770465
b83fe6ec-205e-1724-54c6-a7c13d79ba51,76,2153.3754917366846,electronics,credit_card,1,2020-01-21T01:16:40.935613
1b58f534-37e9-4b3f-5b7d-bc4bd6a6936c,46,2469.6606445287384,food,bank_transfer,1,2020-04-05T12:05:24.261550
278165ab-942f-6564-91bb-df546e4d5d41,64,3575.1334427446513,food,paypal,1,2020-08-27T13:19:19.626169
146e615c-4b60-17e1-f9b2-6a4b1ba13763,74,3461.8652277612136,electronics,credit_card,1,2020-02-05T04:53:29.403454
b2f869ee-d766-dce0-530e-27d47a809afa,44,2584.6189814385916,electronics,paypal,0,2020-03-13T08:31:12.077963
00e797e1-2d0f-cf33-01b3-22366bd2b3e8,23,3793.977818582719,clothing,debit_card,1,2020-02-04T15:00:06.403830
4c8d651a-493f-c273-7d06-876f50e3811a,69,3389.525484721113,food,credit_card,0,2020-08-13T00:16:33.381590
326b324b-a5cd-91f1-e7f2-244af266b027,80,446.05700842124,toys,credit_card,1,2020-03-22T20:08:10.563965
9a2e9961-5d36-7b46-31c5-1e1b840f23e1,45,874.223468336767,food,debit_card,1,2020-02-13T19:19:33.520174
d28ab08e-5255-7844-cb4a-fb0049bf7317,51,3713.7368131705216,clothing,credit_card,1,2020-11-17T13:47:19.591676
5b9f6332-857a-1bef-eb13-693313d1d581,55,3816.814471708088,books,bank_transfer,0,2020-06-13T13:44:56.532011
ace85d7c-51bb-0845-04ff-dbf76a484b7b,67,2882.651048140379,toys,debit_card,1,2020-10-05T00:23:50.372350
f128a6c3-dcf1-3ded-1b14-12d5f8b0f0e0,49,4831.824725430345,clothing,credit_card,1,2020-10-12T21:10:50.042417
4330c7bb-071e-f8e3-a334-e09bf570925b,77,4715.784276655724,food,credit_card,0,2020-03-22T15:06:05.421937
71eb1ba8-9954-bda4-eee6-8cc029cdf626,21,3573.277926334558,books,credit_card,0,2020-04-08T00:29:54.806466
0242f544-d427-686a-bd8a-8859ad603e9c,45,4271.864652583563,toys,bank_transfer,1,2020-10-07T14:51:36.253938
80057062-05c0-061b-803b-0bd9855cee5c,70,1207.8231070914387,food,credit_card,1,2020-09-10T05:14:13.811189
a6008a1e-1cf8-ce66-1634-19487ac51e18,46,4693.4194649688225,clothing,debit_card,0,2020-01-21T19:36:41.192505
47eaaf77-a74e-eef3-d344-2445252f727f,59,1820.7884792368561,electronics,bank_transfer,1,2020-02-23T01:15:10.349406
311d8a1d-66cd-2c7f-bc05-7a0985914eb5,75,913.856355601858,clothing,debit_card,0,2020-04-27T17:00:36.938085
c65035df-41a5-b56b-50a0-174ef06bf122,22,1724.4181621567664,clothing,paypal,0,2020-10-02T17:56:16.257124
fee2c538-bc3a-3947-039c-2bcc2d4d265f,78,3585.75894285226,toys,bank_transfer,1,2020-12-31T21:06:35.146323
0e71b3e4-86b4-9d7c-5ba9-7bee36522f99,54,3832.1501800755277,electronics,paypal,1,2020-12-24T11:15:32.906471
405589e7-9826-0751-cc13-5482a2cc8f95,47,2510.553401109879,toys,credit_card,0,2020-09-21T02:09:06.422838
a22f9962-b113-42a9-3992-bac715b4cbca,61,4356.286242388159,clothing,debit_card,1,2020-08-23T19:38:01.339101
e95bf0b5-cae6-ceec-0a6b-31805e1107b3,30,2200.9484651991093,electronics,debit_card,1,2020-02-09T15:25:10.765426
fa3c3ff2-4106-99fd-929e-f5244fc49a81,63,4653.323117026426,clothing,debit_card,1,2020-02-16T17:57:06.111918
b3020397-b44d-5cb8-7706-60632e4ad639,53,2097.785387060759,electronics,credit_card,0,2020-05-25T16:33:14.665352
2a305f73-397b-dfa2-aea3-8de3de60eec1,66,3983.055092295929,electronics,debit_card,0,2020-03-14T01:50:26.638307
fe615531-9e97-94fd-03d5-1de91343f403,63,3923.0341905848545,toys,credit_card,0,2020-10-27T17:37:13.840603
cd4f12c0-f959-67b3-9f01-59335db1dd47,62,2353.4922599614765,electronics,credit_card,0,2020-12-30T13:31:46.132421
ec8a209d-6a37-5584-f986-7f04d5bc7061,58,3246.2712392139038,books,debit_card,1,2020-10-17T12:00:56.093540
5ca443e0-665c-26d6-1c95-518519bf6af4,37,1129.4860260341447,clothing,debit_card,0,2020-10-30T12:54:10.408713
cb80e617-ea94-79e9-9d73-3829cc160eab,41,2121.8109641443234,toys,debit_card,0,2020-01-07T15:05:55.766834
cf2915d9-d03b-0e05-af20-747a169f2ed4,18,672.2305997886615,electronics,paypal,1,2020-12-26T20:30:11.615827
f8a4e140-f157-0dc8-1b1a-314a8d06a7d2,43,4639.701867054993,electronics,paypal,0,2020-11-08T15:58:02.614600
1b2c0673-7b35-f9d9-ccd4-62eea531ba08,53,2166.876980658605,toys,debit_card,0,2020-12-02T06:10:00.869486
acc3cfc2-297d-9293-4681-91f38c196e94,72,3523.1951746561795,books,paypal,1,2020-12-05T22:52:08.505605
8d35dc3f-9c2c-89b9-e53d-f1ae7d32fdca,68,3205.8588226665274,toys,credit_card,1,2020-12-22T10:20:34.663289
2afacf6c-14eb-541c-2e55-43ef9c097112,44,1561.136311662519,electronics,paypal,1,2020-04-12T08:47:06.482066
dd68d3d4-686d-f3e9-bde9-db00bda895be,22,2253.272998533877,food,debit_card,0,2020-02-22T23:42:37.700120
e8a1cc15-a165-370b-a9cf-aa5e4a97203c,53,1523.4394560351493,electronics,credit_card,0,2020-12-24T18:19:41.678878
d3ec795d-afdc-ed93-e174-7689834b6f92,56,2583.9780639647097,clothing,credit_card,1,2020-01-23T06:19:33.135516
41812904-0a20-5c1e-a228-22d3d19a7a4c,46,3166.025146792913,books,debit_card,1,2020-04-20T07:20:33.246691
6714bd52-bb03-ddf5-bf98-40c7c261fa09,41,4873.260947510551,electronics,paypal,1,2020-05-25T12:07:50.591877
9f1fd561-19a4-fe1a-8f58-9e15352af6fc,50,624.5690342071713,electronics,credit_card,0,2020-08-12T17:03:58.295955
d52ee540-666e-df85-43e9-3ac5637a066c,46,3836.0072634544786,toys,bank_transfer,0,2020-04-16T18:06:14.452131
573a7a52-2354-736b-4c63-4d458116b1e8,31,1659.3882016505875,clothing,debit_card,1,2020-05-02T23:02:19.721629
49c456b8-5628-2053-479c-13bd1279517b,38,1978.15505660303,food,credit_card,1,2020-11-29T10:01:15.545760
b120bc51-35a1-1cf0-dcc0-09fd069fcbf0,70,2236.4830927271714,electronics,credit_card,1,2020-12-31T11:32:37.995249
7b1753ff-e4e6-59f1-f518-a266613f78e0,20,1304.4473834301634,food,debit_card,0,2020-06-23T22:51:29.610107
d59a1b32-9de0-5d98-805e-6a0f841ebc32,79,3364.651569642836,books,paypal,1,2020-12-23T21:49:23.597744
a621b92f-2bd7-f582-bd9d-a3ae1060d185,46,1202.2580694555018,electronics,credit_card,1,2020-10-31T08:12:07.000161
cbc8f085-ff25-44f4-b748-09d812a3bdac,37,4167.39895687029,clothing,debit_card,1,2020-08-20T16:16:18.577112
efbe13df-9eb4-2928-8e2f-b83b932847ca,75,1962.3998984742454,clothing,debit_card,0,2020-11-20T23:30:31.811936
60bc1026-9fec-b9e0-84ea-73289e848cec,41,4505.287514023651,books,debit_card,1,2020-07-07T13:56:37.015894
269cf33c-4094-0e8e-08ad-bd062d2ac1e8,74,4081.946802918404,electronics,debit_card,0,2020-09-07T13:52:28.250980
6deceb94-28fb-8f9d-0392-326fc07dd673,73,2120.7342002645314,food,credit_card,0,2020-06-07T00:22:01.090706
9d09637e-7a53-8cf0-de4d-78254474160a,44,2391.8177986176456,food,debit_card,1,2020-01-12T06:42:42.865423
64820f55-b6eb-cce3-79e2-c87d3f0f2c9b,33,3375.5678944967526,toys,credit_card,1,2020-07-05T16:42:03.976124
51b139ae-3ae9-54b6-d20b-f8acee984280,60,4386.151905292237,clothing,credit_card,1,2020-08-14T00:24:10.044487
3cccaa01-76a9-c514-418b-c71e78efa523,44,3394.7806757410076,clothing,credit_card,0,2020-01-14T05:20:18.033501
529e4af2-23ca-66e8-f497-83eb1caf7638,70,1230.8366182229706,books,debit_card,0,2020-04-20T05:47:25.312873
0a27af29-8a90-5b34-ba06-fe1093436aca,67,1888.1147247307154,electronics,credit_card,0,2020-03-08T16:30:31.785791
9bf20292-ff37-d644-9dad-02de1855e742,69,2828.7818654835846,electronics,credit_card,1,2020-06-28T15:07:58.070582
6a470326-87ce-33a1-a8e9-8d6c4dd00560,49,351.99478317284974,clothing,debit_card,1,2020-08-05T04:33:40.994046
d814a9ab-f7ef-8eaa-05c5-0a358248507a,72,4288.40509840147,books,paypal,0,2020-04-04T11:49:08.837320
d105be4a-45f4-e859-206d-80ca2448055d,49,2253.7894911220537,books,debit_card,1,2020-03-08T02:23:51.943552
6b2f10e1-fb49-e469-e465-b5cb5b87def6,25,2724.956079481511,books,credit_card,1,2020-04-01T21:16:07.015385
3bccae27-0bc8-4026-0a2e-6e72b4888d3e,53,3103.6387927770297,electronics,debit_card,0,2020-10-30T02:20:36.820478
cf0061c7-77be-1ece-5b77-0b77f67a08da,20,3809.7791682881375,clothing,credit_card,1,2020-09-30T00:21:10.915697
2415b8a7-beb0-7327-e153-7818d541303a,48,130.0787404739383,clothing,debit_card,1,2020-03-22T02:27:09.650969
f1398470-ee2b-4a70-b9f2-d3f1009aa70b,18,1061.2476489509454,food,debit_card,0,2020-08-26T06:47:14.209984
c5315c1a-95bd-40f6-b6b4-a78843e92aca,50,1952.3330099458603,food,credit_card,0,2020-01-18T05:46:41.202436
dabe3fc7-22a5-5a21-8c8a-816e850ea27d,71,900.5584363237566,books,debit_card,0,2020-07-29T21:50:31.707780
192f74a5-066e-3c8f-92c5-98e173ac7f67,39,3381.4570458689004,books,credit_card,1,2020-04-23T18:05:35.795514
312b262e-4a28-448f-0c84-964214ddcef1,35,4883.821977546688,clothing,credit_card,0,2020-08-12T00:53:58.117291
bdb3c624-5e75-02d6-2e70-7ed156f93118,53,4506.1148506796335,toys,debit_card,0,2020-12-09T07:16:59.264987
49af1fb2-a2ca-d4fa-57c7-77a93a260c9f,39,2836.683759206881,toys,credit_card,1,2020-06-05T02:05:38.927918
a8c21267-918f-613a-ddee-a9f052a87c1a,29,1351.502469639743,electronics,credit_card,1,2020-01-03T01:15:55.745371
bc60728e-25cd-fb85-6235-5dfdef3698ab,35,313.6775334604641,books,credit_card,1,2020-04-14T13:43:20.727599
e1af1cd4-c2cc-3ff1-2a33-f18f079ba0fa,40,1010.2458233347813,books,debit_card,1,2020-01-20T01:13:48.213661
323e069c-8498-047f-ef41-dc65bea20e64,77,3091.1724960355255,food,paypal,1,2020-12-04T12:28:15.836574
966f8a84-9f88-aa27-61cb-fb1c59e0d1b0,69,181.14883409072635,clothing,credit_card,1,2020-05-31T04:29:22.074017
1b850724-6ee4-2f22-61c3-3ce78388edb9,33,3143.7828695952176,electronics,credit_card,1,2020-06-30T00:08:15.763233
5832d10a-d38f-e607-31b4-22f4cee434f4,54,1899.9398236486606,clothing,debit_card,0,2020-01-08T05:50:05.069066
eb9bb19a-544a-d700-5665-ac4d8284a1e0,66,296.4873655370301,electronics,credit_card,0,2020-01-16T03:33:11.166754
fe3d613b-bb22-8ee8-21c5-589b03012692,39,1452.0107523936165,electronics,credit_card,0,2020-12-14T23:48:28.060074
6426e39a-ba29-b94a-5494-9268a6d63961,47,2157.5915959056324,electronics,credit_card,1,2020-02-27T15:13:40.574607
84c91e49-1c31-bcfc-d39d-b39f716da435,20,4842.576057295816,clothing,paypal,0,2020-11-17T22:21:19.256149
3cc2bf21-0f67-4e1c-b088-a96d4eefddd6,39,3194.772239767337,electronics,credit_card,0,2020-07-02T21:47:11.633517
a4c5eab5-22cf-0a9f-99aa-bd7cdc08d58f,61,2420.1122509002234,electronics,paypal,1,2020-03-07T16:04:09.140278
15b3539f-f012-1c1b-6595-94e2f2e4ef76,56,617.7675827496704,clothing,paypal,0,2020-03-29T00:02:05.674683
3a295f64-b3df-23b8-1698-2770f8a4e1d8,49,587.5857713993438,books,credit_card,0,2020-07-19T21:29:46.833677
8e88cd10-d2fc-0dae-a377-d6eb3f2bd482,70,245.13635356880903,clothing,paypal,1,2020-07-14T18:49:00.367195
59bf7ea5-0cbd-3037-b78d-cc041b4f18de,80,3281.798272772171,books,credit_card,1,2020-12-17T19:05:47.366593
5b6ef78a-76b1-c33d-fd70-dc4a644a5209,48,1598.4976680886143,toys,credit_card,1,2020-08-06T12:20:45.168031
5d27f020-4077-aa43-6251-589a48a8fc92,51,3964.618489145976,food,credit_card,0,2020-10-15T20:27:38.887519
fd446474-01f8-cb8b-6334-e1006172128b,22,4997.851695958562,books,paypal,1,2020-07-10T14:06:25.030960
beead15d-92bc-ed5a-6ba5-353600a276b7,57,2770.7443866672793,electronics,debit_card,0,2020-03-29T13:26:28.466363
d48e18a3-ace1-831b-440e-afd8b12b9cf9,36,1905.5499475919155,clothing,debit_card,0,2020-08-22T17:17:38.265837
e74c3804-e20e-01a9-c522-5f20735baeb6,65,2402.3219381468693,clothing,paypal,0,2020-06-06T04:06:21.881277
ea8cb50b-5d6a-c229-323d-5d4c6eec97a3,25,2491.9415502084075,electronics,credit_card,0,2020-10-11T09:35:12.943766
b445e027-8ecb-62b7-c049-ed7b9c1953c7,58,18.619140635197162,clothing,credit_card,1,2020-03-10T22:44:40.822212
4bbbb795-2946-6f63-ef98-d04fb8be5c07,49,4658.631858839265,clothing,debit_card,1,2020-08-20T23:44:38.955791
1822384c-7739-7d32-bfff-06fe9272e59b,25,626.7653919665083,toys,paypal,0,2020-03-02T04:01:41.372243
c3bd87f5-ee7a-023f-a93c-58e50bd2876b,34,3740.0215594321585,books,credit_card,0,2020-03-17T21:16:50.225672
b9e32997-ca41-a169-5055-8f48dd360ecc,33,3196.83408144296,books,credit_card,1,2020-02-27T00:51:18.569069
1023ec86-c718-137e-bda9-9aa69fa26159,27,2624.4178192399895,books,debit_card,1,2020-07-06T13:29:43.887516
f9c4ca98-f909-719f-caec-ec505275388d,22,1312.8178977084924,clothing,credit_card,1,2020-11-23T11:21:12.991208
e8c9d777-d747-d7a2-bd20-b3f50a62b76d,26,1098.7054381162927,books,credit_card,0,2020-10-07T07:16:53.847757
0062a929-efa8-2116-19a1-5dedf9f4329d,27,4320.172294249708,clothing,credit_card,1,2020-01-02T02:29:23.791944
32f33091-cb70-5336-6088-343f04d1573c,23,3590.4199486104326,toys,paypal,1,2020-02-19T16:16:21.770709
342424d5-3f6e-5ed3-4a7d-c49e3697fe4e,18,96.83801026304538,clothing,debit_card,0,2020-02-02T13:20:06.693850
7047bc2b-8b78-9b72-cef1-27cf6b7b1221,28,3869.324686450502,electronics,credit_card,0,2020-10-31T23:46:10.393659
80188db5-f415-1b16-a63f-c0421d38b2f4,58,3279.9053029229854,toys,paypal,1,2020-08-12T02:18:27.304473
78d6068c-6893-a3ff-3323-3a4dfbfc4a5f,58,2292.016395723002,clothing,debit_card,1,2020-12-21T10:49:58.914627
a00ac40d-6097-491f-2b79-3377a3bf1592,35,1831.9684674683442,food,paypal,0,2020-06-01T16:23:09.804561
ac111e66-7d6b-3952-7324-529da6b6baf9,56,1853.9689542142587,clothing,debit_card,0,2020-05-20T09:05:41.372490
f04de20a-3711-6a1e-85d3-c34d55f3d06d,75,2996.6441529030585,food,credit_card,1,2020-02-24T11:50:40.821128
1dd6384e-fd33-0edc-a341-98bd7d5f0064,76,2400.4572734366047,clothing,paypal,0,2020-07-25T01:41:29.230651
788f5875-eadc-5e06-a6c2-7f40d09735fc,20,3921.1939505018154,food,debit_card,0,2020-04-17T22:16:18.308283
b883d14a-5cb4-7a65-d69d-d2a8d88d226c,60,124.05164994777607,toys,credit_card,1,2020-01-10T09:55:50.264287
990f4259-d3d3-ecb2-b3f9-08e2a0e46b00,37,4299.561463618242,books,paypal,0,2020-03-17T10:36:16.278677
99a40c4e-62b7-e995-a40f-4f03180ec34d,58,1956.0046935897808,books,bank_transfer,1,2020-12-27T21:47:36.150853
c87a2f37-0399-358d-f45a-a40a78c9e091,34,3036.9432309097792,electronics,debit_card,1,2020-07-31T10:37:34.711132
65ad9387-30ac-dbab-6d91-49f4b097bd13,57,3914.5919487429755,electronics,credit_card,0,2020-02-29T13:56:48.352980
d005d10a-05c5-b478-d10e-34fda7602d34,56,949.9021830578682,clothing,paypal,1,2020-05-20T06:50:57.367128
584ccbe0-4d94-1de7-1fb5-0efd6257ff82,60,737.189400864457,food,debit_card,0,2020-09-21T23:48:14.647808
eb654079-d971-efa4-260f-b635f1e27313,47,3388.05932490849,clothing,credit_card,1,2020-05-20T09:38:36.102636
733dd391-2f22-8f89-d5b7-f95e129cc24b,18,3886.629708115988,toys,debit_card,0,2020-05-23T01:46:12.043010
92e2b216-d739-d1ef-51f1-db11e3a3aa1c,52,2873.982865556273,electronics,bank_transfer,1,2020-03-17T18:55:08.893828
3858fef8-ddba-451a-2f6a-9669b0985436,39,4894.495862201288,clothing,credit_card,1,2020-01-03T22:10:47.976058
17179591-7a3f-db0e-5a5b-b5c8f69d4d72,45,1451.053340026466,books,credit_card,0,2020-05-29T14:58:23.835360
2a5f63b9-b0b9-7bac-4d99-3cebdcfc0343,50,268.9352326755165,books,credit_card,0,2020-05-28T01:32:58.134230
c40f9513-b49d-5e3a-2044-8549f52a73bf,46,915.5815234597059,food,debit_card,0,2020-06-03T00:28:25.880016
661c30b4-9052-9546-1bbf-95c0dc23f5ca,40,991.1916426890946,electronics,credit_card,0,2020-12-23T08:07:43.211789
80b371b4-f28e-0849-1ecb-e446409b3f01,54,3737.7935720117603,electronics,credit_card,1,2020-01-14T18:40:36.879446
c7ddae3d-b72b-2710-73e2-6dffb7de4463,72,2998.718418553445,food,credit_card,0,2020-02-07T03:34:31.843519
c1893638-b512-c999-fdde-a4a7be53ae95,61,3336.8437983246477,clothing,credit_card,1,2020-03-06T05:53:12.515497
0d0e38bb-6eed-79ee-5f08-e004e4b59684,48,4626.69973151704,food,debit_card,0,2020-01-28T06:50:29.136968
1ea32092-0b4c-7b77-d28c-4599272d5692,30,2877.9572087119495,electronics,debit_card,0,2020-05-12T20:41:46.087836
585aaef9-cd1a-a109-3bec-b66b9eb0575e,37,3384.8574182367497,electronics,paypal,1,2020-06-24T08:34:48.103916
0b277d8a-0b17-28c3-bc28-68beddeb46ab,55,2428.0215461763255,books,bank_transfer,0,2020-12-04T02:10:17.037430
851a84b0-8853-bbc2-120f-fc4f6ef5da33,53,2732.2860652732893,electronics,paypal,1,2020-04-11T09:11:31.154726
000d528a-3297-deb8-f857-87c2378a4fd4,74,37.122997618733606,toys,credit_card,0,2020-11-27T05:50:43.101257
a74f7d21-36d7-f188-f035-4fdfe18738fc,63,3090.2150942266885,books,credit_card,0,2020-11-13T00:09:04.557811
a899559f-9815-cf3e-bd67-d38c725c12fa,34,4153.985325413049,electronics,credit_card,1,2020-01-30T04:55:55.388302
94d7686e-1836-3896-0c38-2f1f975c83f4,59,4371.021499721201,food,credit_card,1,2020-10-31T06:14:57.829336
f8af8e4a-74e0-b268-796c-a270ffa2170a,61,4821.777618017108,toys,debit_card,1,2020-01-30T15:29:42.727285
2316de4c-0baa-81d2-8422-5e102e87ce87,75,2426.0083186930274,electronics,credit_card,0,2020-03-25T02:45:54.253227
c3cd065d-1216-7d4f-13a2-914a8257f2a7,41,395.48820538321905,electronics,debit_card,1,2020-08-09T19:22:49.620137
1c78d465-488c-c289-1035-3547dc04657d,68,2515.7615722177975,electronics,credit_card,0,2020-10-27T02:10:36.533434
b6f8c6e9-8f05-e9f0-d2df-9844f116350e,53,1224.3495519249523,clothing,credit_card,1,2020-07-09T07:54:23.949760
185eb1f1-52b0-96f3-8c06-93acdcbd016b,63,181.92960086317464,electronics,debit_card,0,2020-10-12T20:33:17.892062
15dbf218-4ff1-e215-08a6-abebc6b561e6,46,1891.3108168001263,clothing,debit_card,0,2020-05-15T11:17:27.280803
3a7a7692-e246-f546-1234-926b5b158c6f,28,4556.443820612832,toys,credit_card,1,2020-01-24T06:41:19.007772
1e34e3a1-c4c1-0be8-0594-eb954022d538,70,1808.978067501445,clothing,debit_card,0,2020-12-14T23:24:25.200059
becb0c55-9fd2-acbc-92ee-e26e666e8c4c,39,1913.213631482828,clothing,debit_card,1,2020-07-05T13:40:26.603024
b493d3fb-33e7-5071-7f20-85bfe68a272a,24,4145.428066920562,electronics,credit_card,0,2020-07-27T17:25:34.688184
df9f4f3a-c7de-d77f-6e44-2a7ddf48577a,64,1161.9606660347142,toys,debit_card,1,2020-01-10T16:03:55.727282
a6c28921-a9d1-0816-d9a9-44d9c0cd8cde,65,12.847758937846399,food,credit_card,0,2020-05-29T04:46:45.985254
f685034c-ca2c-6079-417f-e87b5e517982,74,3895.0726874358147,clothing,credit_card,0,2020-04-09T22:28:48.867760
f6027ac1-3d8c-1a62-16a0-aa5364abf948,38,2710.9665313246132,electronics,debit_card,1,2020-11-17T23:20:06.940327
2ea6815d-f3da-b2eb-bbc4-efaaa7315819,50,1011.6832335334311,food,credit_card,0,2020-02-09T07:06:50.147975
0d9f7b5b-3f15-0e0d-c7a9-02e1db5e9014,30,3458.949591097297,food,credit_card,1,2020-09-20T06:37:52.817243
a290a798-4760-f6c4-ef64-8fb2228a067b,39,2690.830877453627,electronics,credit_card,1,2020-09-12T09:29:27.384819
7da4dd3f-a078-2ee7-4215-58effa101b10,65,1436.7304068013423,food,credit_card,1,2020-05-25T21:36:50.016758
c67f2035-c9ab-80dc-9d2e-814d94756eef,63,3998.15172329579,toys,debit_card,0,2020-02-15T18:32:18.459017
f1353041-4e49-e06c-175d-57d6a8b49d54,44,4249.369916102268,toys,paypal,0,2020-09-11T15:39:59.029579
fad12720-be0a-f89e-8671-83bc8576ef99,31,520.9625130744221,toys,debit_card,0,2020-07-09T22:20:36.474587
b954ffb9-4719-0656-c2aa-60db372494f5,62,493.05925330500014,toys,credit_card,0,2020-03-28T01:35:28.845078
51c2aa41-0967-ee3e-8c5f-74bf02335da9,66,4997.85167621702,food,debit_card,1,2020-05-01T22:29:03.586546
5758a418-2385-0276-b53d-fcb4ed4ee48e,46,3191.0317080572736,electronics,paypal,0,2020-09-18T07:12:48.879212
fcca5999-d5ab-4390-c25a-ef8bfa431e8a,23,2954.0228261036395,toys,credit_card,0,2020-07-06T01:39:33.074432
80587030-c64b-1fd0-8823-72b4f534fd83,53,4959.803511462764,electronics,credit_card,1,2020-03-17T19:26:05.233305
4f3fadad-d8cc-6c45-ac48-204bd8f817b9,54,1288.4920241099267,toys,debit_card,0,2020-11-04T18:13:57.576467
e1f96dcf-9eb0-2a7d-3a5a-2bd7c95d45bd,61,1512.244118946442,clothing,debit_card,0,2020-04-28T18:56:08.306143
e5bf1b26-d08f-e1b3-2b6e-d06b55ddd615,40,3375.9937641962056,food,credit_card,0,2020-02-17T16:17:33.034591
f20cdce1-90d0-8f5e-7409-40479bc6b68d,75,2453.323249955175,toys,debit_card,1,2020-09-21T07:16:56.989786
9c0cf9b7-11c4-a23b-346d-2025ff9e0c7c,65,3736.0271585528058,electronics,debit_card,1,2020-10-27T09:06:43.210073
16c8fe6e-4e3c-a92a-55e1-10339a701d0f,65,178.39075872613552,electronics,credit_card,0,2020-03-03T22:51:28.893101
4fc05469-71d9-97fa-d4a3-7439a0f1bfc3,31,4017.2464779584766,clothing,paypal,1,2020-07-15T06:27:47.735292
e20d158e-200d-65c2-ee0e-d4c002084f6b,61,228.2803973968454,food,debit_card,1,2020-11-04T08:37:10.674603
80b1df53-f256-ebcc-94e1-3e015066ab8f,80,4570.084672884298,electronics,credit_card,1,2020-08-07T08:55:25.908910
b511f94c-2cfa-97f0-ec8e-fe8527b3d075,51,171.21355408132993,clothing,debit_card,1,2020-09-03T10:25:03.299095
59d034da-7335-7185-aa76-4070de0ab0ce,24,2355.4354630771513,electronics,paypal,1,2020-11-14T14:28:57.255409
7c83629b-78be-813c-5251-2588f0ab2745,69,3232.1321842762495,books,debit_card,0,2020-04-16T14:39:41.676629
056b4b31-d967-b996-9636-e5311e593df8,68,1497.6028674570384,clothing,paypal,0,2020-05-05T02:49:05.904705
d7c32b64-fe32-47d3-bdf2-e20b5438858c,53,604.8040986830642,electronics,credit_card,0,2020-06-08T13:46:48.382016
19959d19-c3ee-09ee-3bfe-93f36adb4974,45,3763.4138835992517,books,credit_card,0,2020-01-23T18:48:24.125675
b1ba5e45-84d6-2be3-ee38-402b3572657f,74,2574.5996990550602,toys,credit_card,1,2020-10-25T23:04:14.835123
5eabe9b3-486f-21a3-e279-1cf9f4cf612a,77,3736.465364855742,books,credit_card,1,2020-06-07T19:10:37.201065
a328bb35-1fc1-f267-5a62-4bb35560166f,75,4859.666449173681,food,credit_card,1,2020-05-08T11:37:51.996424
d2716d1e-3b3e-8bdf-3362-0d19df261df6,53,1714.341126045259,food,paypal,1,2020-11-13T00:03:14.384358
3fd958d3-9824-4550-77b7-5c805cdedfe6,68,2690.725286852449,books,credit_card,0,2020-02-28T21:16:21.510340
8de53805-c872-1efa-b08d-27ca35dc3876,39,3407.39533649631,clothing,credit_card,1,2020-04-19T15:42:05.039318
9bc987e9-8a12-f862-654a-b73b7495bc29,32,2387.2809968833926,clothing,paypal,1,2020-01-02T17:15:20.957046
36917472-47a5-b9ad-01b4-6c481910f8ac,33,3692.295620256101,food,bank_transfer,0,2020-02-10T22:55:48.662377
67ac28c2-b50d-e421-af3a-31c343b8639d,68,2904.940290337028,books,debit_card,1,2020-06-10T19:38:47.260161
eb0c9d3a-cae6-5412-3951-107ba6a09d78,65,4888.276593163972,electronics,credit_card,0,2020-02-20T20:25:20.657790
87c5d318-ae1e-8f95-d1eb-e112e908ae3e,52,1321.1054889540508,food,debit_card,0,2020-07-22T14:49:07.015315
935ff4ba-2eb8-42f8-3617-eec4a278267a,19,3559.2904111736543,food,credit_card,1,2020-10-19T04:49:03.938690
04919c1a-fa46-4f5a-2b10-85af36de9944,71,4692.01411053074,food,credit_card,1,2020-09-27T01:27:31.562224
c136cd00-a773-1ac6-1836-78169de24079,53,2638.350501999146,books,credit_card,0,2020-05-23T05:35:24.882056
169e7782-96ae-d701-d062-c12ba64e0b79,45,4528.582978860358,food,paypal,1,2020-10-28T19:50:08.908579
bd139ae8-3e17-e047-a11b-b8a31bdfa26a,22,3687.7369264471286,toys,debit_card,1,2020-04-11T03:24:00.779281
3badf761-c921-0a6e-5365-3dee0023ff14,80,2450.5796926190224,books,debit_card,0,2020-01-27T01:45:47.637238
55f9386f-38a0-f2b2-d781-79c510c60f50,63,3052.896272546046,toys,credit_card,0,2020-02-09T15:39:28.219088
d20841dd-58ea-4120-ce1f-a0679152ecfd,26,397.1376443916034,food,debit_card,1,2020-06-06T21:47:46.845775
66a509d3-c531-8b6f-37f6-087155d0b115,70,2583.7810366062704,toys,credit_card,1,2020-02-03T06:19:29.068636
42c19728-8dc4-49fe-7b20-8055a4c824c5,34,3628.065498056707,toys,debit_card,1,2020-09-15T19:56:31.295597
9b079c4c-808d-b8a4-4f9b-f2abcb45326b,73,4013.236302006302,books,credit_card,0,2020-10-04T13:26:26.208371
6a4f87e5-4d63-b0c6-bf7d-a5d12e225b7d,51,2196.2626428504855,electronics,credit_card,1,2020-12-28T06:42:05.601593
eb1c189d-5313-a769-918a-0eab85bf253c,44,2133.002113684608,food,credit_card,0,2020-07-13T05:06:20.501775
addeddb5-4499-52d7-0ace-b70a2cb8468d,60,383.518953652564,clothing,bank_transfer,0,2020-07-06T21:52:38.277938
b1f142eb-251f-a7d8-032f-d17b088b9f61,62,1545.9521163231998,clothing,debit_card,1,2020-05-30T06:52:58.967411
0a542450-2486-568b-66aa-7cb9edd405dd,67,160.75936903786618,food,paypal,1,2020-01-02T22:09:14.931132
c2afdb60-8a09-d12e-1a9c-36448cd464dc,21,60.63389477843499,food,credit_card,0,2020-08-23T16:10:03.063151
ab1e168e-9d93-e2ae-c199-105ef1f5962f,70,139.65663612363585,electronics,credit_card,1,2020-09-26T11:35:56.069374
c9848fb2-132b-ad09-89ce-f6145f6a4961,26,1951.5829707375922,clothing,paypal,0,2020-10-28T03:16:37.635927
41cdbb23-59a5-969a-be00-ffdc7dfa8036,22,2882.3031977030882,clothing,paypal,1,2020-04-21T14:19:45.279191
3b8a6868-a45e-137d-58fe-5789dbded35f,68,4860.5185067028615,books,credit_card,0,2020-10-11T05:05:30.290903
d63b8b79-ec3b-cef9-6270-aa3365980d92,22,2918.8020151330056,toys,credit_card,0,2020-08-18T20:53:27.475728
60a618f5-77c8-e7ce-0b52-20299f41ab1e,26,3297.252674524246,toys,credit_card,1,2020-12-21T16:08:09.493202
ab53b266-cf9c-0ad4-6074-d18f602d18c5,30,2233.180121304044,toys,credit_card,1,2020-12-31T06:02:19.670640
7ce67235-2a4c-f4d8-bfea-e7b3686f3370,41,2615.110503448044,clothing,paypal,0,2020-12-02T12:17:32.886451
9e6fe5eb-71fe-fbf1-8e7a-2ded6860578e,58,2142.657508281273,food,debit_card,0,2020-04-09T11:04:52.181383
9fabce34-4b28-f1ed-3baa-ee873ef33594,31,2556.9962002390253,clothing,debit_card,1,2020-05-06T03:43:08.166159
a14352b1-12b1-b46c-f05e-ef5253cf5e72,21,4319.203261283092,books,credit_card,0,2020-09-12T13:35:12.612083
a7ad6dc5-7461-5123-d6e8-1f08c581838d,41,2114.9991038524454,clothing,credit_card,1,2020-04-27T20:42:18.685328
262fa028-885d-9340-05e4-2aa48574a6d0,78,2937.2268900953845,food,debit_card,1,2020-03-05T10:24:42.785745
fc498f5d-1ceb-3499-6355-62d2ebee8cf0,26,847.3146922248494,toys,debit_card,0,2020-01-30T21:10:54.908930
4414bb97-3a9b-f76d-f8a9-17f80a597396,66,961.934048165502,toys,debit_card,0,2020-06-09T07:23:07.269971
26ec7801-d6aa-0116-e6ba-faa072858135,74,3328.1024596845905,electronics,credit_card,0,2020-09-11T01:54:02.557877
f22d941a-d7b5-ebd8-9991-196ed76539df,48,3141.3012324768224,clothing,credit_card,1,2020-08-31T21:41:04.918376
7e3d862b-d7b4-375a-0270-7625f720dcb8,67,4868.724649653377,clothing,debit_card,1,2020-02-06T09:19:58.314225
5fd65560-8f75-0b96-4544-5930b9c7e12f,34,3959.110942691973,electronics,credit_card,0,2020-09-20T13:41:10.778365
2014d341-6169-cfaf-29fa-2205838b43cb,76,139.8310677284935,clothing,debit_card,1,2020-01-05T00:08:01.744451
7b116903-f833-e2e5-56a4-b0615039d08d,80,1734.1343270379446,books,credit_card,0,2020-07-07T22:39:10.206086
aeaea460-da92-a892-abde-f51814c999e2,47,3679.2567181780532,electronics,debit_card,0,2020-11-13T02:10:29.682476
cfe848bc-2742-299a-cd16-d9ca566889a9,32,3415.3947150676863,toys,debit_card,0,2020-12-02T13:32:39.733511
1ec701a0-97cf-95d6-3776-31ce03066a6d,51,2128.595914982654,electronics,debit_card,1,2020-09-05T21:04:43.403419
e5025db9-e2c1-e8e3-fad0-c991a9ade9e8,37,3666.7664225861186,electronics,credit_card,1,2020-04-01T19:13:22.614597
b18eafb6-5a76-4e8f-9ff1-2e1add0652cc,72,4356.5275547329065,food,bank_transfer,1,2020-06-07T07:50:17.499835
9bf4aa56-ab62-0a4e-b1f2-bb1baa57015a,47,3500.277131644353,clothing,credit_card,0,2020-09-01T11:00:51.562434
98579859-335c-5f82-7f96-145a4f87edc7,49,4941.853695446223,books,debit_card,0,2020-07-14T02:29:12.732153
7783e82f-b289-cef4-a16e-13f9a315d321,32,3507.707797751268,food,paypal,0,2020-02-19T20:26:38.579113
fb18f4ea-51b2-07d0-b7cc-f2b96cbadb95,43,3991.2599506699516,electronics,credit_card,1,2020-10-10T01:46:01.295293
944a1bee-850b-36ac-65a9-ff6fe9dcaafa,54,4364.699869978827,clothing,credit_card,0,2020-12-31T23:23:07.988970
cec98fd4-91c9-938a-5b18-b0358e3fcd86,59,4348.544903961632,toys,debit_card,1,2020-04-10T12:37:57.351117
5bdb09ac-5b5f-3e85-ea15-be9cfbb9375b,41,69.8609693017721,clothing,credit_card,0,2020-02-05T00:21:08.500634
0da52931-c287-9b91-e52b-c69bcab97a99,73,3418.9608147157765,electronics,credit_card,0,2020-02-08T07:36:19.620753
278b5d08-916e-69e9-bb09-5ca09b92a1de,30,2685.965513709626,clothing,credit_card,0,2020-09-12T10:37:28.025806
3999957d-d81c-f258-8e8e-2cad7a461f2c,29,759.7508615324751,food,credit_card,1,2020-03-19T22:05:34.700100
a420efcd-3f56-30fa-8ceb-a001b4e0eae4,18,4974.984600534385,electronics,paypal,1,2020-06-26T01:06:02.110989
72d44792-3f8a-c6e2-cf2e-f42ecff18491,73,3443.4452880033864,clothing,credit_card,0,2020-03-17T10:40:47.990402
0f8d9d0c-0847-9980-ab0c-d647c9a59cf7,63,1334.2426393250169,food,credit_card,0,2020-05-08T23:24:33.908116
351ec227-0403-dca8-bfed-c03a31293c67,74,1887.1017535703056,electronics,credit_card,1,2020-08-02T03:53:08.889844
56957ad8-4b39-064c-cb36-4c0fe05f5eb9,29,2431.5944043664094,electronics,credit_card,1,2020-07-11T09:32:47.061933
71d1afa8-4c9b-0703-d5e6-202d722d0510,37,996.0006221902236,toys,debit_card,0,2020-12-16T12:17:46.494861
d0195e38-460d-62b7-1c1b-fa36787c78d4,25,1074.7741769084303,electronics,debit_card,1,2020-09-08T20:32:21.042556
75e9dfc9-562f-c8e4-984b-1e99d7308b9c,59,1667.4276041543894,books,debit_card,1,2020-08-03T08:28:33.278525
dc159085-f74d-d1f0-d60b-f627e2769e75,48,796.2540524279431,toys,paypal,0,2020-05-13T07:57:54.822521
4d77ac71-f3f7-aa28-f911-5b5d12164524,24,3616.9037333654296,clothing,credit_card,1,2020-05-26T11:06:48.121428
7bc11e46-39b7-ca3e-0b77-f2e0d54c374e,79,1317.737475268898,electronics,paypal,1,2020-07-20T22:32:08.337555
b4d4e1ba-836c-b63b-2973-cfafe6cd4288,73,3502.380078197529,food,bank_transfer,1,2020-11-13T05:44:46.294184
32ab4188-6798-c106-cf31-a5a50c779cb3,60,795.8428310356578,electronics,credit_card,1,2020-08-27T04:52:39.566301
52ed30d0-1b0e-2c90-0142-8570effdbaf2,70,3525.4297512594876,food,debit_card,1,2020-12-28T21:28:08.624426
cfe8bb17-8fb4-204d-0164-702165f704d9,27,4807.780880464957,clothing,debit_card,0,2020-02-16T05:30:26.145876
da3f679c-0452-45e9-beb6-cd5ea3ffc1ac,50,341.94185899900896,clothing,credit_card,0,2020-09-09T16:06:31.187801
2c54cd21-da73-f017-51f4-d2e071d7d8e9,19,3670.690958817167,toys,credit_card,1,2020-03-08T21:25:13.033590
0e8c1e80-b7f3-3b42-e32d-c9867d1981b6,25,3037.2400993412757,books,credit_card,1,2020-07-18T02:13:59.229789
4356e8eb-3757-cf09-0c85-fe6a4e627c18,80,1717.8540003133508,electronics,credit_card,1,2020-05-11T17:03:14.209078
caae39dc-15ff-083f-0c29-2f10f4314f88,58,2460.989071354248,toys,credit_card,1,2020-12-18T18:26:07.448273
090c8079-d865-e2d9-6283-7ed40738d7a1,30,1576.4565509359413,clothing,credit_card,1,2020-04-08T21:17:16.486088
7e449c1e-d8db-8977-0d44-3c15058ef92a,59,1367.5305940583717,toys,debit_card,1,2020-01-18T22:36:18.639296
9c0091c3-1c1b-64b5-1eec-04e9f13af48d,23,1111.038909793138,toys,paypal,1,2020-01-09T11:12:08.936886
0e872880-799c-1752-4c0a-08a95b9e4852,27,3926.4399120802527,toys,debit_card,1,2020-03-10T12:25:14.511162
b2116304-a5c5-d8db-0c3d-5bffed80f7ec,77,4540.969009481899,clothing,credit_card,0,2020-11-22T04:21:06.001773
572559ae-33ab-8715-089c-2ff217d6f3e7,69,1132.7211013812241,books,debit_card,1,2020-07-05T10:46:07.278127
1c8db8b9-d778-21d8-0ba1-91fa68143441,79,4904.244854871621,books,debit_card,0,2020-01-10T01:47:02.988885
ee4b8fe6-0499-6bdc-79ed-59cc0f0cbb9d,46,3050.2445063756973,clothing,paypal,1,2020-10-01T22:29:10.179667
4e3c7be2-3f15-1496-4778-36c143c906bd,79,1416.2359795159189,food,credit_card,1,2020-05-16T16:49:50.115192
6f5ab0e4-349c-ee7a-74e5-fa6ccd44ae33,52,2557.5948818704496,food,debit_card,1,2020-09-22T14:21:16.092389
6370c5cf-c0a1-c940-340d-f4d930de1020,34,2059.499460329614,clothing,debit_card,1,2020-04-09T22:13:10.671306
84fb452d-f397-2ac9-0667-410cf262e1c7,32,3146.444919983826,toys,debit_card,0,2020-06-27T07:17:28.512713
8fea1af2-e6db-1092-1da2-c48568816472,38,3838.5669240485195,electronics,paypal,0,2020-10-31T01:22:43.486865
fff50a7c-b744-57fb-8b21-a4675d8d1ba5,63,4416.775665038755,electronics,credit_card,1,2020-07-21T16:06:41.113620
5f3450d2-0623-ea94-1f5c-ca60254a6920,56,1717.054250177415,books,debit_card,0,2020-03-13T13:07:03.278081
5ba8b61c-d120-f301-3c7a-4ae6ec18e8c6,64,188.24037759669633,books,debit_card,1,2020-06-19T22:19:43.274595
666f34f3-b940-4105-e4c4-6aba31f9e920,49,4748.445276312588,clothing,credit_card,1,2020-11-24T11:08:32.415646
73f5be8b-5849-5df6-f439-88c6b413da5f,45,1649.6101215815338,food,debit_card,0,2020-05-01T06:54:35.688592
17124e88-988a-b314-dd42-4f9df7fe1751,33,4863.051068977646,food,paypal,1,2020-07-24T01:55:51.257347
555c48f9-dcc5-9368-ae6e-4147f70c82fd,62,4097.18403883245,clothing,debit_card,0,2020-06-06T14:38:37.280312
36deccc5-2f17-5493-0047-63b978eb141e,22,1510.1935487416922,clothing,paypal,0,2020-02-12T04:15:24.380663
24cb3380-0b22-5a4b-ff7d-bbf589f461a0,70,967.3544678376629,electronics,debit_card,1,2020-02-29T20:58:43.428670
c1716061-ff17-7d08-8e08-20d8bab32e9d,54,4655.782843104027,clothing,paypal,1,2020-06-28T01:16:41.637531
3c9af945-25b3-48a8-4e0a-d1915effaff2,74,401.23550095896775,clothing,debit_card,0,2020-12-11T11:24:17.893846
3604afc2-65d7-f7dc-b3c7-d38af545e2d8,50,2162.7907797990615,electronics,debit_card,0,2020-12-20T05:36:53.800317
4beb1417-096c-b3e5-161d-ea15c921e916,43,3756.685166633332,books,bank_transfer,1,2020-03-20T20:49:29.973533
9eb215ca-7054-c1ab-324b-821be4f0028a,25,3831.42878138813,clothing,paypal,0,2020-12-31T00:46:24.514673
e3b5dc9e-ff59-22ec-25a0-dfe2bba1c871,24,2360.997755869285,clothing,credit_card,1,2020-08-22T12:33:46.032487
d5864426-fb0f-2de5-d90a-10190e9ebd90,44,2370.512237457618,electronics,credit_card,0,2020-12-12T08:43:29.195534
37c4c3b9-5a2f-f3e3-ec97-cfb4daa01b66,35,4156.154566951422,clothing,paypal,0,2020-03-09T23:30:09.711357
02d5ded0-4246-688e-6849-6c19de2a6ab8,34,3405.1080187427688,clothing,credit_card,0,2020-12-07T18:53:36.234183
0db94891-1496-533d-02f0-524c5956baab,28,2298.109104463387,electronics,credit_card,1,2020-01-04T09:21:19.967000
25997549-3a6e-8fd4-f2c9-6f73f10f19f1,64,1020.0741654560949,electronics,credit_card,0,2020-06-14T09:17:39.304969
46e74d8a-d400-e7ef-050f-08b0802ad42d,60,1799.449961824906,toys,paypal,0,2020-11-16T05:57:29.132299
2a64bbdd-fefc-c3a2-d681-85397b259751,24,3128.5172956527235,books,paypal,1,2020-03-30T11:53:06.718129
bf9f0f15-3c7b-40ec-1a2e-c93c69ae9933,43,1111.7881095754885,toys,credit_card,0,2020-11-26T04:13:52.327100
e8bf162d-456a-33d3-07b4-feab6e422255,60,177.14453365802103,clothing,credit_card,1,2020-02-22T22:24:31.996417
c08fc03b-5b7b-4586-09a7-ee0347c4a7d8,71,910.5239445856583,books,debit_card,0,2020-03-05T02:46:10.155834
a1a95ef5-c6c2-eae0-e505-d13849505f58,57,1385.0308328257502,clothing,credit_card,1,2020-02-10T18:20:34.230551
ef4505fc-8a46-8765-b521-99adea31af86,37,1004.0248370819667,electronics,paypal,1,2020-12-11T16:32:49.858409
fe9dd24a-602a-8cf1-38d5-414d874fd74e,45,2917.138344062819,clothing,credit_card,1,2020-08-06T05:50:29.172930
75db10ae-8ad6-e0bd-b3b9-6ffbb95a0154,58,267.577528873805,electronics,debit_card,0,2020-11-15T14:55:57.144930
1a23412c-21e2-4534-fc11-e644d31e6991,54,2849.7331731942186,clothing,credit_card,0,2020-07-05T08:42:30.896699
7f7ea027-3a10-ac4a-d1e8-a5ca9d4128ad,39,1701.3828200345274,toys,paypal,1,2020-04-23T11:37:23.770120
584b3a9f-5f8c-becc-926b-f8234cb63a5e,67,985.1064090239806,books,credit_card,1,2020-10-12T14:12:38.056914
9d32a743-0235-95d4-64ef-d5043ac5c554,62,3142.0234547791715,food,credit_card,0,2020-07-19T14:58:03.403176
93dd235c-f58a-28f4-056d-95b39dd72426,67,2498.038071189324,electronics,debit_card,1,2020-09-08T12:35:39.317252
24b4b94f-2d91-8e2e-faba-0bab9fcca41d,32,1730.2421227199327,clothing,debit_card,0,2020-08-10T01:44:16.224755
c65b8de3-2d15-911f-859c-d12d3adee90c,49,4833.686935362222,food,debit_card,1,2020-04-13T07:54:09.915049
c6849799-4d76-a5cb-92ae-8d21bc61942f,44,1300.8983271814654,toys,credit_card,0,2020-02-04T04:50:32.593857
a276a000-09c1-4a81-52bf-1d867e75fdec,75,2202.098064090506,clothing,debit_card,0,2020-07-27T11:41:16.809806
4b5f87cf-9aef-9e1a-8c91-fd437a059f57,68,3452.4838118181283,clothing,credit_card,1,2020-01-13T01:35:33.615461
8e92cd3d-ebf2-5a59-e591-ab21f26fd2a9,22,3166.9106907741125,toys,credit_card,1,2020-07-07T04:39:30.317297
eb320883-2e27-317c-d0e6-7cb2912a194b,51,2914.2622892833724,electronics,credit_card,0,2020-10-24T12:13:15.923597
2e22bee9-c9ed-9de2-a17a-405db457940e,46,1813.9735426430454,clothing,debit_card,1,2020-05-28T00:50:43.590118
100309e4-9c91-a4ab-2565-b54fce083883,26,819.0341173051645,clothing,credit_card,0,2020-01-01T05:52:04.839438
197c8f08-bd1f-44e3-463c-65baf7dbfd2d,57,1649.7716902033862,books,credit_card,1,2020-08-08T12:05:52.535202
a1d1f483-6b69-3dd7-249a-2111a3eca817,20,1739.2060718320165,clothing,debit_card,1,2020-08-17T20:12:45.041218
ff0ddbbe-51e7-2a17-4377-e3dc261dc235,44,3113.2388258615542,books,credit_card,1,2020-04-08T16:31:38.498053
b70df62d-f086-3c7d-71f2-d1d77c5c1b33,34,1272.9727737157937,books,credit_card,1,2020-01-26T12:16:59.835531
257d658b-d525-86db-904c-228dc9f100ad,59,2887.607156527195,electronics,credit_card,1,2020-12-06T06:58:34.308296
3be3590c-2b86-2280-c5d3-95c6f8fb78e5,22,3675.0976271795244,toys,credit_card,0,2020-02-02T11:50:14.048997
4239cd2b-343f-c405-4f10-3579f7cb6194,30,2691.6873165455,electronics,paypal,1,2020-07-13T15:23:24.608560
fda46faf-5f79-75d4-d4ea-cca14e537956,38,2107.930680293084,clothing,debit_card,0,2020-01-26T00:58:41.419186
317ae161-11fc-321e-b9e1-0955b35afa5d,36,4284.296028809382,electronics,debit_card,1,2020-09-15T12:56:05.054209
7783b304-cc0a-98b5-4ba0-a223a64c022e,55,650.6214669008727,clothing,credit_card,1,2020-04-22T09:09:41.270227
c9449a87-390b-9cdc-3812-284257d6df1a,32,1463.5760379349144,clothing,credit_card,0,2020-08-03T09:52:19.940383
8796c37c-1913-efa7-4798-2c4ec3a46ca4,50,290.26940884289854,books,debit_card,0,2020-05-29T23:04:34.137320
8892ea1b-3680-d350-7417-9005d2aea8c0,80,4735.850522700791,food,credit_card,0,2020-09-21T23:57:32.866015
483b7e34-514c-3dc1-1613-f8505d0e9ac1,55,4831.581377128139,clothing,credit_card,1,2020-06-15T15:17:20.932567
e843c874-67bf-39a9-d992-5066ed22d8e7,33,3598.700269639942,toys,paypal,0,2020-02-27T01:16:10.109725
da0d16df-4b25-bd76-b9d2-9bf3791213cd,25,2625.346356275487,toys,credit_card,0,2020-01-23T18:47:21.142935
7b02a452-5ab5-eeb6-ff13-08658696c999,46,3792.562468314448,clothing,credit_card,0,2020-06-17T08:48:49.948314
083168a3-6e64-3a3d-9c04-e87efa2bafc4,32,4191.448866622508,toys,paypal,1,2020-02-02T10:26:40.415923
4616e386-a413-f83c-0f69-64cf07a81060,73,2489.310121420066,food,paypal,1,2020-06-18T06:31:25.263966
7e09b887-4510-cb85-0362-444c0f9f9791,49,4383.4192024698805,electronics,paypal,0,2020-01-17T10:05:51.010081
b4f614fe-0069-dde5-b8c8-1af877dfff4f,61,2183.2135328903632,clothing,credit_card,1,2020-06-29T01:59:41.530533
3cf653b7-5493-df17-a6a6-29cb81df3edb,21,1461.9376495573365,clothing,debit_card,1,2020-03-14T13:28:24.340475
d179a208-459a-aab5-745d-62b6b044f252,63,3995.825623875426,electronics,debit_card,0,2020-02-27T00:45:13.838499
2b2b66e0-1324-a3cf-9ad4-78ce8738d098,79,3530.610446644563,food,credit_card,0,2020-02-29T23:14:04.119845
10697124-72f5-8c03-e4d3-8794808c9036,73,2345.893933929707,electronics,bank_transfer,0,2020-03-22T09:44:47.460615
6f040f67-481a-4976-a606-2b461b5c6f4c,76,172.5436982307345,food,credit_card,0,2020-06-06T16:34:32.472199
20fb4aee-fca0-43dd-4f80-2f8ba3dd9b68,57,2997.065756097018,clothing,debit_card,0,2020-01-06T01:09:28.621906
3c5a3adf-656c-1ee4-0749-70d90ed42e97,41,1841.27423258487,clothing,credit_card,0,2020-03-19T22:48:37.571353
3c2c7c49-dd4c-2616-f2be-80511af79fc5,57,4683.578662193847,books,credit_card,1,2020-12-02T16:41:22.138029
827f6888-ea7c-b9f4-64a1-7382d3a59909,79,4405.603889765614,electronics,credit_card,0,2020-12-02T12:03:24.201106
8f2490b4-5c64-6222-aff6-9e7bb1108b0b,39,1297.7384021084965,toys,credit_card,0,2020-11-20T15:29:37.993105
28949c99-4dea-82ce-b923-069580fd633b,63,3087.034537687775,electronics,credit_card,0,2020-01-25T17:12:49.325170
f822dd5c-54b0-6dcc-5342-ad72e3f7f713,26,2723.607408961272,books,debit_card,1,2020-01-07T04:18:51.982529
63a11296-2ad3-c010-f971-863df03a93fd,46,385.3309919020551,clothing,credit_card,1,2020-07-29T08:43:58.801454
992a6328-4334-5a70-eb32-449f0fed7706,62,3662.7615182376353,books,bank_transfer,1,2020-04-19T05:03:47.259690
7fedba80-1da3-f88f-fd3c-608c4374f05d,53,1159.8883734699862,electronics,credit_card,0,2020-06-07T15:25:31.821224
e1ebeea5-0a47-eba6-3b08-ce12abf889e2,18,1899.9019744565417,clothing,debit_card,1,2020-04-04T10:57:28.185340
d899c14e-89e3-5ee9-9e5b-1fc2257b024f,35,4333.084484570416,electronics,credit_card,1,2020-06-11T20:44:19.186772
d6105c62-d54b-90c4-a17c-a1e2ddd05191,38,2050.86950780157,food,credit_card,1,2020-10-19T04:43:40.911666
837233d0-f755-7b0c-7b37-ba1cd9a1d6c5,26,2039.3215010051347,books,paypal,1,2020-03-06T05:28:01.369510
a53fbeed-7fe0-462d-ed2c-859032af61f5,18,2070.5982061263944,food,credit_card,1,2020-06-06T03:47:57.644631
eea0b76e-958f-f29e-d3e6-85cb3d0637ee,60,907.804527057067,electronics,credit_card,0,2020-08-28T05:59:09.382004
5c55accd-e699-571f-bd9b-aee71f2dc477,60,2342.952714658331,books,debit_card,0,2020-01-10T08:49:11.321376
26960eee-6353-2a7c-7fde-479ec956b4da,68,4288.695086615469,food,bank_transfer,1,2020-01-30T14:15:27.782699
81c89c5e-1581-59a5-eb6e-0dff8af09934,29,1354.8992261834646,clothing,paypal,0,2020-03-21T16:40:11.544144
ade65add-b7ff-ff33-f093-0d8b6ef5aa3e,59,2599.121205820317,clothing,credit_card,1,2020-04-15T00:18:41.110938
e9275529-88d4-e560-d3ca-fc4926dd4478,74,3998.2173540869035,electronics,credit_card,0,2020-08-25T06:11:04.183899
f653be25-39ad-70ef-fa1b-80fd62d4c370,30,1181.8165056564253,clothing,debit_card,0,2020-11-18T03:02:12.809717
37b9dfc1-95e8-1eff-ff41-8c66a201263a,49,2737.23077464517,clothing,credit_card,0,2020-09-01T12:29:01.133409
e70b90b2-2376-d3a4-57b5-8619fac72eea,53,4550.741528109559,books,paypal,1,2020-06-07T10:00:12.757032
341f6718-a081-8507-9307-d366187c4a1b,65,1990.0311178476618,books,credit_card,0,2020-02-05T23:00:53.686548
025f5ae5-6805-8569-9abd-fc2e00fbb897,19,2006.8601639835292,toys,credit_card,0,2020-01-22T11:07:03.735156
73bd11db-b87f-b505-201c-9f2a902f46d0,68,2674.9529315479263,clothing,debit_card,0,2020-05-13T16:40:18.082646
efc48e51-3670-b90f-d2c7-cefbabba0396,71,882.6606844288476,toys,credit_card,0,2020-03-10T13:31:25.101093
06a51b90-e8e4-5834-57df-1bcd35359349,61,1431.2216299537452,electronics,credit_card,0,2020-07-04T00:37:39.477117
1dfdcfa1-1165-5a87-fe59-b1f2d6c476e0,77,1540.0618697149655,electronics,credit_card,0,2020-05-18T20:37:37.674173
14b3f0c6-4e0b-4282-fe6a-55a2c1be739d,23,3696.231304875768,electronics,paypal,1,2020-12-14T06:34:14.763128
5c70bcf8-6f4c-105c-1df0-aca38953a080,45,1809.579323832183,clothing,credit_card,0,2020-05-23T02:16:39.626655
2aa302ef-b850-0f6d-9f76-4e9e266cd73d,39,4419.255497307323,toys,credit_card,0,2020-10-29T09:07:23.173620
de06c4cd-3be9-6d63-66ec-c639eb139593,20,561.0758154359112,food,credit_card,0,2020-01-19T21:10:54.376034
50d44fbc-bef5-ebc0-e94b-58cd85666760,30,3638.6100376728964,food,debit_card,1,2020-09-27T07:31:15.558110
1bc4b93d-1ffd-796c-0c95-7c3b344e5f6c,32,448.67692963932285,clothing,credit_card,1,2020-05-31T02:12:08.103395
734962c2-0899-d8c5-164d-a6eaccbd61fb,51,1142.9689441899166,electronics,debit_card,1,2020-03-08T15:59:27.854798
2bc9a122-9bbc-dcbe-45db-b0ad8f82bbe3,71,1131.2739980874553,clothing,debit_card,1,2020-12-12T03:32:18.261452
97824043-a6e9-268d-557a-a7cdae785403,58,2854.1125267553853,toys,credit_card,0,2020-09-16T05:06:09.048928
5ef825ae-7afc-ab1e-e070-5f32d9fc09c7,72,1749.3698955025752,food,credit_card,1,2020-10-16T01:21:45.553348
782979cd-b761-a917-938f-ae80519e0da7,18,970.3398457334667,books,credit_card,1,2020-05-30T17:45:56.281043
c541d83e-3458-81c8-881b-ad7f1357c892,31,1509.0169660791112,clothing,credit_card,1,2020-05-25T17:20:47.330498
fbc82904-fd9d-6a86-e2db-20bc8920bedd,62,3428.4186676609197,clothing,debit_card,0,2020-12-22T11:57:45.792243
b364151e-4b5c-f4a3-0a2e-d0abf833d64e,71,3856.5382468471967,books,debit_card,0,2020-09-13T21:47:41.977793
b7bf019d-c75f-1a43-ed97-d67a51aed2ce,55,602.1224691952083,clothing,bank_transfer,0,2020-06-02T12:06:22.334547
0dc6bcf8-20ec-a331-540f-cc2494bdcf59,60,2413.409221555849,books,credit_card,0,2020-09-10T08:34:39.137712
94bc17a5-4d43-8494-0bff-5acd8156755e,63,916.4185920159503,clothing,credit_card,0,2020-10-31T19:25:35.903242
d08b8aa8-75bd-9cef-ce55-16c27fafcc4c,78,4092.0617467787774,food,debit_card,1,2020-05-17T15:32:46.743228
9b634c34-0a47-8c05-eede-fbc8341785a7,63,3978.9808320990364,toys,bank_transfer,0,2020-06-17T20:28:34.613504
3943d972-fe83-070d-7e74-469954ff211a,42,2406.232091252537,books,debit_card,1,2020-10-05T15:47:07.460491
a4af9f0b-b494-a717-d70f-9cae7b62b986,52,1084.6600330310562,electronics,paypal,1,2020-05-31T18:04:39.863436
d4047e92-ae73-5fb5-1a66-10becb311396,31,4296.420278644489,electronics,debit_card,0,2020-09-11T17:44:22.412445
09aaccc7-7949-4116-db2b-cf034fa6cf97,71,1827.4818687717375,toys,debit_card,0,2020-04-05T13:35:21.274069
024f7761-257b-7003-e7f3-0351d90fc601,43,4643.408018081152,clothing,paypal,0,2020-02-20T01:06:06.115044
4605ff27-8bcb-82d5-bda3-8c93393fc0f3,24,1686.134092197345,electronics,credit_card,0,2020-01-20T00:16:08.871412
240086b8-94d8-b49e-5bc9-0e5b09fc01ef,61,3488.237341640802,toys,paypal,1,2020-11-12T06:05:24.456072
b5e58855-1496-ed2a-baa6-7e3183dedd97,18,4124.063215863871,books,debit_card,0,2020-08-12T13:54:46.306798
de46f8bc-f6b1-bdeb-f6b3-39a2d4a193fb,54,3002.066738980989,books,credit_card,0,2020-06-02T22:06:47.497805
6854bc83-1055-438b-2749-46b8d68d496a,45,3972.410452199235,toys,bank_transfer,1,2020-11-16T12:54:37.265002
228f72ce-312c-dbe5-8b5e-494bc08b7a38,32,819.5378784361797,clothing,debit_card,0,2020-09-10T21:07:25.528746
4c7cbe67-9ce7-9850-5b0c-991fafda71f2,76,4538.2245411442545,clothing,credit_card,1,2020-04-16T05:48:51.726474
b23cf1bf-f0e3-a8ae-95cd-6c2baecc4f58,68,3821.2581717374705,electronics,debit_card,0,2020-04-04T23:45:27.210618
ce7d9967-e6c1-538a-afed-9e26dfbe1e35,32,2513.107139636235,books,bank_transfer,0,2020-10-11T19:47:05.772943
3d28befb-6d72-5e2b-3eb3-dd1f117d5a28,55,2402.9045308925365,toys,debit_card,1,2020-11-19T19:32:43.153022
57dac876-5234-78bd-ac46-c7b0612eb742,37,3543.8563179031116,books,paypal,1,2020-08-13T13:56:05.357893
e606f8a8-b2c9-f59e-7379-7ce512f0ed0a,29,4819.143489497598,toys,paypal,1,2020-05-12T02:36:27.228051
0118609b-6f12-8d22-a5b4-19dbf30ccb14,62,747.8901117646498,electronics,debit_card,0,2020-10-13T18:40:53.354606
9d1ce400-6357-e29b-fbaf-3c2eb1867b8f,19,969.4327513009641,food,credit_card,1,2020-08-18T21:31:56.561577
acb7a3b3-fc40-b9a2-9810-d789163bb2d4,33,1011.1684000123187,clothing,paypal,0,2020-02-28T23:04:35.513975
4127969d-1900-5811-d46d-ce61be72e6cf,44,467.16784536741926,toys,credit_card,0,2020-01-18T02:28:19.319306
b5bcdbe3-4fb6-0a55-b5d6-589e17e1e32b,74,1738.4124543935636,electronics,debit_card,0,2020-06-29T05:19:08.969344
b9659d16-9c89-0ced-719e-8de673b1e7d1,64,531.9710138564768,electronics,debit_card,0,2020-12-13T17:25:57.759240
ac194eef-9617-13b5-d830-86fab695c1ac,45,296.6590891351937,food,credit_card,0,2020-08-15T09:21:20.610608
febce444-cdf0-666b-9ec9-685e35825aa6,20,2641.9112926087932,books,credit_card,0,2020-03-06T19:30:07.766167
0e8fe8e0-15ba-5ed6-3b75-569a7944b934,79,3254.769106478358,clothing,debit_card,0,2020-11-16T00:22:21.092167
fceaace1-27dc-2954-66ce-579bf196c859,46,2784.6768237457572,clothing,credit_card,1,2020-12-09T17:28:15.913671
4e7c39fd-a970-5451-0d0f-dd8d9994d5d7,19,3218.594948275983,electronics,credit_card,1,2020-08-04T00:12:07.819498
daf977f4-bc70-bdbc-ed31-c85a7407257b,41,3041.823424924095,food,credit_card,1,2020-11-18T19:13:53.769747
62c5ac9c-7c47-9f52-771f-45839709fcc7,44,4001.038941886497,electronics,credit_card,0,2020-08-24T15:48:52.611190
b0b0f6fd-a2e5-f517-e17c-17411dc1fcd3,45,170.00977311617552,clothing,debit_card,1,2020-06-15T13:19:47.511667
fecff87b-dfb5-5c6b-1c61-f2a7f6896d9b,43,1843.318271437124,electronics,paypal,0,2020-10-23T01:30:21.879641
133f7d91-206c-4b33-08a4-f6a7c4de7c23,68,2558.938800083178,clothing,credit_card,1,2020-10-31T03:00:43.308087
801d1732-84a1-c1d0-ff35-ddff9a479a96,53,664.263210820403,books,credit_card,1,2020-08-19T11:34:35.493096
133bd0d8-0689-6795-1ab9-390d693b49a3,55,890.1482962883002,electronics,credit_card,1,2020-12-27T16:09:36.054409
4c69ba63-61f1-8194-4b5f-718baca64e78,60,1540.0505724848317,food,credit_card,1,2020-09-29T20:49:29.237949
b40d9554-51a8-d046-09fb-201ed7ad27b6,66,4918.207225930282,electronics,credit_card,0,2020-01-09T06:34:32.982331
452f1f46-f230-c0e3-06d2-0d1eec835559,40,3727.924231826735,food,debit_card,1,2020-04-02T23:19:36.822060
1a87235b-cca9-30e9-574a-493a2aef5c70,19,1994.3568467402145,food,credit_card,0,2020-07-06T19:40:28.070549
4196a2be-9039-1758-bfee-61c54d32e8a3,40,2379.72496146669,electronics,credit_card,0,2020-01-05T15:16:20.472570
33c4a953-86f3-befa-eb68-00378031f1a6,69,2255.6910665233677,books,debit_card,0,2020-01-07T01:07:29.283160
73620004-aba2-0d9a-349e-beced83156a4,45,153.43828447207738,toys,paypal,0,2020-06-13T10:19:12.346691
04e25727-396e-b372-9394-ee61a08177fb,37,280.2783153817577,toys,debit_card,1,2020-06-06T12:48:36.322690
e35cbd1d-757a-3582-fdbb-6563e8a46558,35,3904.1940185254034,clothing,credit_card,0,2020-06-30T22:52:54.098711
93355c99-ad8d-8d5f-c204-5541018a06e5,78,3206.6672736742516,electronics,debit_card,0,2020-09-25T15:51:34.882390
a1aca673-b6f1-3871-672a-b3df3acab2a5,70,2214.8530931471328,food,paypal,1,2020-08-03T00:16:21.223001
97ba41ae-1081-cef1-f39d-3776b1aa101a,65,123.06040098800766,toys,credit_card,1,2020-02-27T15:48:12.552945
361a0021-d6b6-e532-e11e-9997380c0ee1,22,4195.881420568655,electronics,credit_card,0,2020-02-08T09:05:21.389520
9c114b7f-abaf-5902-85c9-f1e419c658a6,29,4731.398705867251,electronics,debit_card,0,2020-07-31T23:19:45.920944
30312b63-61de-8000-3332-2c6ccf99eae9,24,3508.802392322365,electronics,debit_card,1,2020-11-22T20:57:35.873345
836f8377-9412-e617-7bee-5d85fbb94eaf,25,1412.4558985235358,clothing,credit_card,0,2020-08-01T23:24:12.140346
6097fbce-e0f0-8af3-9e1a-0ef3f261fe6f,72,3278.3773424348165,food,credit_card,1,2020-08-02T18:35:34.328574
d6d29582-31a2-7220-485e-42272c861099,76,4185.940431045766,electronics,debit_card,0,2020-08-08T18:05:49.850279
5e18f397-e017-af4d-d9bc-f85b016c4047,27,2617.6861508663737,food,paypal,1,2020-01-17T23:39:27.936484
fed05cd8-bb7e-7189-062d-c613d121a6cd,37,4846.6098595753565,clothing,debit_card,1,2020-03-30T01:35:40.458645
bb2f4639-4fab-6209-f0d8-20a884e91cac,69,1166.869623458636,books,credit_card,1,2020-06-01T17:26:10.420666
d7a72534-fc0d-bbe0-1d2e-cc414b285f0a,61,4195.252774847591,books,credit_card,0,2020-03-09T16:04:01.730235
163f5b25-ce43-70ac-99f1-51646a598343,80,792.6027331374793,toys,credit_card,1,2020-11-05T20:44:18.002679
fb074225-1914-f915-16a6-14576fe52409,43,3446.858895255977,clothing,credit_card,1,2020-04-28T04:20:10.693225
7eb1c9fc-2fe1-a099-fba1-782fd9ff3414,50,2506.8236093277546,clothing,paypal,1,2020-02-16T15:44:55.239380
438bde67-837d-6b82-c6a9-8b38792ba7d7,35,1277.2914461932903,books,debit_card,1,2020-09-28T18:51:20.849013
ee430197-34aa-0e53-ff3d-708184e27fe8,76,1660.1108499488641,books,credit_card,0,2020-01-26T07:50:56.445142
5b40f4c3-21de-1a23-62b9-1cdb8d65f3fd,27,4946.096936039442,electronics,credit_card,1,2020-05-14T12:58:06.523022
ad012050-ced4-59c3-3a1a-42793d656edf,52,4671.16060331255,electronics,credit_card,1,2020-11-12T19:09:22.951023
d6ca2477-c70c-95b8-ba2a-4b9a3d5831f5,78,2463.7785031058543,books,credit_card,1,2020-07-06T15:59:57.879141
d43c493d-8a0c-aca7-d8a3-6c9dffb08002,20,4667.257719510978,clothing,debit_card,1,2020-12-14T00:20:31.605618
255830b6-6c61-2f5e-ae99-07ddea028d23,65,2947.231380869775,toys,paypal,0,2020-12-07T13:13:15.223218
6dbafa02-b22d-258d-d258-7714f9373df9,38,1235.0650366596406,books,debit_card,1,2020-05-18T19:50:33.981750
88e1f2e9-332c-4567-292d-d412ec455b52,40,693.5646093820643,food,credit_card,0,2020-03-07T11:41:09.071946
a1bb4f34-6a0a-f836-ea8e-677d78caa38c,78,860.7647941053224,food,credit_card,0,2020-02-14T03:43:03.920682
42839382-6266-c32e-f2d6-90de87629620,59,2438.320740027615,toys,credit_card,0,2020-10-27T18:24:26.714261
0f2f8bc9-7854-2e59-5cac-62d077a5da95,46,1451.362409763853,electronics,paypal,1,2020-03-23T12:53:13.456316
e1064f3e-426c-8673-70dc-af88ea2ab236,68,1437.6183333284976,food,credit_card,0,2020-03-31T04:42:28.540092
64f1ccd2-5ad1-4aab-be7e-770ef1523fec,41,4965.97760422954,electronics,debit_card,0,2020-11-17T01:00:35.475836
dc95352b-fe5b-b27a-efbf-9988844cbebf,42,2462.6356771212845,clothing,debit_card,0,2020-11-15T06:59:06.221441
3d71a5d7-ce9a-a24c-4c6a-71430938c5fc,34,3014.655511547561,toys,debit_card,0,2020-04-23T18:20:26.357656
cfe53dce-24d7-c256-ee88-d3dd34b64c2c,53,575.620813846584,books,credit_card,0,2020-08-29T07:28:13.406794
e530d71d-6c02-4701-7e47-725e9db89754,59,1582.7617782919424,electronics,credit_card,0,2020-11-05T07:52:52.590147
01a2dafa-ac51-a2ca-dd23-636aa9615c01,77,3699.35242335768,books,credit_card,1,2020-11-19T22:24:59.023378
7c9f7af8-7bed-eed8-7a08-a4d3e870d297,33,3544.763765475391,food,credit_card,0,2020-09-02T09:48:19.570938
08d30432-2b51-81c8-3c6f-c5983c217aac,51,2034.5254256662722,food,credit_card,0,2020-05-27T04:24:13.817318
6839f6ec-7564-daab-6e65-81b9f5c5e7e2,66,4809.065693913961,food,credit_card,0,2020-05-06T18:47:06.781649
aefdfbb8-927d-56c1-ec5e-3aad133f649b,63,3534.9521816569704,food,credit_card,0,2020-05-02T21:33:43.179196
5699eee3-947d-a49b-4203-479f3b2ab792,31,1167.6155625375063,toys,credit_card,1,2020-02-07T01:50:42.809526
b56030e2-a178-a61a-41e7-a569dc59e4b1,26,198.14775046085043,food,debit_card,0,2020-03-10T22:55:46.037850
34345b4e-86c2-2763-cc30-c407f4adaa85,47,3950.3295728917346,books,credit_card,0,2020-08-13T16:47:14.000980
90200b16-b947-7c0f-ad08-87c955226f1b,29,3463.4895004327855,clothing,debit_card,0,2020-05-27T11:25:19.760146
2c69d8c3-8ee6-85ac-7ffe-b8dbe08d377d,51,3947.6136610029102,clothing,credit_card,1,2020-10-04T14:29:03.614623
964e0bba-53e3-1f43-ba1f-9fbf0bcc53a1,59,4987.0296111086045,clothing,paypal,0,2020-07-31T15:00:19.328265
912dbaf4-4549-88ec-fd04-fffba4b53fc0,78,1909.7192061485573,toys,credit_card,1,2020-08-12T16:48:50.304752
79368a82-9d72-7823-410b-b91eb8995f6a,48,1064.358581714922,books,credit_card,0,2020-01-11T08:08:53.330500
d7d20520-36cc-7f7b-4622-27a161f7fb5b,77,3834.3209320738456,clothing,credit_card,1,2020-01-10T06:54:21.099478
a7c43076-8dab-45f1-f496-dc591056232a,36,1837.727524224299,food,credit_card,1,2020-06-23T06:59:13.067703
8a0b29f0-a483-9781-fa86-607fdbece632,34,2805.9057057950986,clothing,paypal,0,2020-11-27T22:42:05.514614
ffa2c4ab-8a1c-cd4e-e9f9-073ff3dc610d,34,872.5347541605335,books,credit_card,1,2020-01-25T15:18:25.783694
f9956229-5de9-83e4-871a-4168df1765c6,40,2798.8479760143423,clothing,debit_card,0,2020-01-14T08:04:39.759698
c3c9388b-5f35-0b43-3bb9-4f7b27563976,50,1235.0841136745094,books,debit_card,1,2020-03-03T11:06:48.279177
0641c663-5ad4-d00b-7120-4dd4e7029c3a,45,519.8669637617209,clothing,credit_card,0,2020-06-09T20:23:33.229658
6094d41f-91f4-e1fe-a8de-e409fca23d7f,63,4908.9630843313025,electronics,credit_card,1,2020-03-13T23:21:39.623987
8a006bac-059e-cd8e-6ac6-5daadafa2ea7,38,2736.708589060365,books,credit_card,0,2020-07-31T01:10:01.498956
9373fedc-81b6-9038-a31b-48a77e3af09a,25,1983.1639222054102,clothing,credit_card,0,2020-07-02T12:28:10.427811
45df2fd5-c257-484b-6e05-a908c0e73ec3,55,1855.363651218721,clothing,bank_transfer,0,2020-12-30T08:41:19.526580
7aee994d-c877-de83-d0a5-fea72ac02be6,78,673.9107281221118,electronics,credit_card,0,2020-09-21T15:42:19.293231
f73e3562-197c-ea09-7d57-7ffbdb3a4e0d,34,1309.943027084012,clothing,debit_card,1,2020-03-01T19:15:00.366205
57f0e860-1e25-2491-52d3-14db4661f689,64,32.88994788515125,electronics,credit_card,1,2020-06-28T17:05:56.224765
5adb0d91-49e1-78e4-800a-36e5db950604,25,965.0500938755864,electronics,bank_transfer,1,2020-01-30T08:18:49.073793
53fa26dd-d656-1de9-ac0f-fdf5bc4b4f29,45,3771.2333147627032,books,credit_card,0,2020-02-29T11:03:48.531035
09f7b6f5-38a2-5c6c-a81b-52c3bdeb3b42,18,1900.2048712477963,electronics,debit_card,0,2020-01-03T09:12:36.554288
e49b447f-9fdd-3c4b-d769-0ba1836fbea1,61,4463.56591484196,toys,debit_card,0,2020-04-16T08:34:10.802254
267fbd8f-69d2-8df5-21bc-520c9b4ed09d,69,34.84119358681322,books,bank_transfer,0,2020-05-12T00:33:11.704940
6189b972-73cd-58ad-a573-8beb5cce166c,63,3808.410773529231,electronics,credit_card,1,2020-03-14T19:48:46.691691
b06e8a09-509b-95b6-c75f-85dd52689ae4,22,2706.5664512741514,clothing,credit_card,1,2020-03-12T10:00:45.922743
503b7500-028c-654a-1f9b-afa82676a385,51,863.3114155515791,food,credit_card,0,2020-04-30T12:12:25.385975
ae84e136-dfe3-72dc-5f78-137be2df2419,23,1733.9541929502298,clothing,credit_card,0,2020-11-03T20:09:17.911894
195a2560-b547-68d4-c7e6-1be391670eac,59,4745.680885688459,books,paypal,0,2020-06-12T17:09:32.699636
745ed2a5-6b46-7069-e548-dc36cb147dcf,64,30.839042343680813,toys,debit_card,0,2020-05-29T07:57:31.957740
4dfec1bf-9659-e927-8079-80b1ac73fe04,66,2728.5808466408967,toys,credit_card,1,2020-03-13T01:10:56.467289
1a1566a4-bc04-9b26-e189-33d462cdb396,49,555.9162196975507,books,credit_card,0,2020-10-23T03:17:28.518448
4dfc253f-93cb-1483-8cce-52fc08000ba2,45,4486.900874568993,electronics,credit_card,0,2020-06-04T17:21:58.833189
d6ab8ea7-9f1b-e9d0-1693-f23e68818375,35,3394.2892495424367,toys,debit_card,1,2020-04-21T05:49:43.502010
3fc9b3b8-3d93-39d0-48ec-d06fc20d0a27,38,4962.457267188123,clothing,paypal,1,2020-11-15T07:19:12.240395
85b134b9-92ab-d7ef-44b9-900e8248c337,42,2956.521489731235,electronics,debit_card,0,2020-03-22T08:13:07.101776
c2650bf1-7437-ed82-79f3-8ca223e39a19,49,1337.8407895428686,electronics,debit_card,0,2020-12-22T02:51:07.738980
26bcc368-f4a0-a826-014c-d2d5fb33b467,68,4224.62443113882,electronics,bank_transfer,1,2020-01-11T12:38:56.968705
70f08f1b-b512-b100-5f4c-87b36f2cd2d9,36,3227.8243776204276,food,credit_card,1,2020-10-07T19:23:13.121223
9c73a278-c5b9-3928-95f8-9821ff5927a5,20,4212.488662217485,clothing,credit_card,0,2020-06-26T10:45:24.188548
cb2e0228-5b05-4331-76e2-2b08b42b1acc,43,2913.5954171043277,clothing,debit_card,1,2020-07-26T04:23:01.591661
23a6b06e-10a5-a145-9a0e-5cf373c99fac,26,2824.0269094070313,books,debit_card,1,2020-04-06T10:16:51.253742
74908e82-24d7-716d-952d-d18bfa7de051,48,1705.636541083223,electronics,debit_card,1,2020-10-07T05:36:02.410334
226a1613-74b9-edba-7000-790dde2867ce,72,2842.8352129144887,toys,debit_card,0,2020-07-24T04:09:14.832382
36c07edb-0562-60c3-2d58-e46057c4a23f,31,769.015472171953,electronics,debit_card,0,2020-01-28T20:42:37.174981
829b2182-b9f6-7000-8914-543a4d1c2ce7,67,1827.71624000547,clothing,credit_card,0,2020-10-28T14:13:20.278734
cabd2111-8ef7-06b8-1940-489f1fe9df13,53,4638.086277308174,toys,credit_card,1,2020-11-29T17:57:22.676661
f2e1e35c-b62a-7641-ba1c-5adf93475345,52,1655.3014495945633,electronics,credit_card,1,2020-08-25T11:18:33.669522
8b04c9cb-d706-65fb-5323-a1de6ea0ec11,55,1254.6576315807458,books,credit_card,0,2020-08-24T04:30:23.914066
6aa32208-b759-f67c-37c9-0dfa13052ada,59,925.9089131743776,electronics,debit_card,0,2020-01-30T08:34:22.775379
e6011549-ea1c-4dfd-74f8-1b6239419cee,42,2400.032431445878,clothing,credit_card,0,2020-04-26T18:47:20.443434
1041a7de-60c2-7f33-29b5-324a7617d40a,20,2048.1032218871396,toys,debit_card,0,2020-07-20T13:50:45.360446
b0446e9a-7583-3e08-7ca3-eece5bdc6cc1,56,3160.8800785780036,food,credit_card,0,2020-01-05T06:37:38.826004
6e4d34b2-0354-f707-a400-017a2c6ee7d9,58,1904.1149796045518,food,credit_card,1,2020-03-29T01:39:20.502249
7c253b98-ec3c-135f-15f5-ad4b11d27402,39,3085.5469648064677,books,credit_card,0,2020-11-12T19:59:17.386200
3c9d8fca-9862-8931-211d-246915b3a962,54,4060.690998874062,books,credit_card,1,2020-09-05T15:47:05.787971
ef181e72-3c33-a110-7a11-1372a7992c33,29,2433.079347512385,clothing,credit_card,1,2020-04-03T19:29:17.585706
1fa8d526-c666-6cfa-1e73-60d7a780da33,49,3503.876503310644,toys,paypal,1,2020-09-02T04:23:28.127888
ac01f10c-7cdf-0e55-b7ed-6eb4344ce370,59,2851.495663176947,food,credit_card,1,2020-08-13T04:45:02.616465
abf616d8-697c-9af1-a474-5f085137b6b3,80,4561.89844493494,books,paypal,1,2020-01-08T17:30:54.642818
3519b2d7-2893-42dd-4e39-cb1f40d82a2d,27,2075.5861279022056,clothing,credit_card,0,2020-02-25T18:18:00.381830
dee49170-99f9-3db6-98e6-44f8d9bc024f,60,2537.2386554620634,food,debit_card,0,2020-06-18T16:33:01.361114
c1e708fb-b8c4-3a40-b7ac-facb47f688e5,63,4847.328077677502,electronics,bank_transfer,1,2020-09-13T20:54:07.240196
b7fef7ce-1b35-89b5-d9e7-effa2d408f44,39,357.6289964194352,toys,debit_card,1,2020-06-02T01:06:45.268815
4b6566af-8721-7de0-9664-e3da3a3fb6b4,72,3890.0583829660472,electronics,credit_card,1,2020-09-22T06:17:14.610166
3c474a9e-6378-43a2-15a4-5006046645e1,47,2882.765415543473,clothing,debit_card,1,2020-08-21T05:33:48.360343
d446271f-ba7e-c616-20d6-23fc69d9d0f6,71,12.386081312370926,clothing,paypal,0,2020-11-26T08:40:55.922617
f20475fb-640a-4b36-ddd5-16f170034e9c,52,4688.735801122674,electronics,debit_card,0,2020-12-08T13:23:50.876830
73bd728c-3a67-eede-c11d-fbaed95055ec,27,507.39131801541004,electronics,credit_card,1,2020-10-23T22:10:21.689468
1b7d3bdc-295c-83c0-8827-48ff5bd79e43,50,2110.8443001441256,clothing,credit_card,0,2020-02-13T12:56:36.501238
b727da17-b8cc-eda5-ef9f-951c3ef97668,40,3998.0291494486005,food,debit_card,1,2020-02-05T17:42:19.213547
b6f2f036-f6c8-5f2a-99d9-de387e957b2b,23,1403.9193577434964,electronics,debit_card,0,2020-10-12T20:25:07.073838
27c40dbd-dac0-e989-81ff-32162f332841,57,1205.0176122387948,toys,credit_card,0,2020-10-01T22:35:29.016704
7620c72a-715f-47c8-5a8d-8182845b5eba,34,4827.066163548697,food,bank_transfer,1,2020-08-11T11:08:53.490505
a9266bd6-3f5b-0d6c-e37e-0e64aa0fac32,73,3087.3243154139536,electronics,credit_card,1,2020-08-29T02:10:32.320673
2d31af74-e4db-8699-4664-02d9f036255d,71,556.5501562849837,electronics,debit_card,0,2020-01-31T02:56:50.206595
62a5dbbf-4030-1815-8ff3-f49a65f8309b,47,4735.928672674804,electronics,debit_card,0,2020-01-10T08:28:37.965272
c6d3ded6-7e43-8e59-fa7d-40246b68916b,30,395.69669827827704,clothing,debit_card,0,2020-07-10T21:24:15.233052
ce851a67-5787-7f9d-4bc0-084c0457402f,48,2761.758017495501,food,paypal,0,2020-08-27T07:05:12.963944
63ad939a-ec18-609b-5571-2065199ddb29,60,3066.848133069322,toys,credit_card,1,2020-04-25T14:50:49.100044
72afc0f5-30f0-67bb-1ea2-a9cb66a569d1,38,1568.9771609187912,food,paypal,1,2020-03-07T12:49:09.702695
1c8cfb08-f09e-015a-42eb-23c689f7b37d,53,3131.0999984791756,food,paypal,1,2020-11-26T01:01:33.167470
45c24d98-bacb-aec8-a9b3-5a2ceb00657b,33,4621.84719501729,clothing,credit_card,1,2020-02-05T18:11:17.531383
717c557e-292c-f613-314c-dbd697137210,29,4776.952649424814,food,paypal,1,2020-04-23T16:16:08.352093
384a359c-b3bd-dddc-8294-c88c95ab5238,35,1030.468968851502,books,credit_card,0,2020-10-23T13:26:10.062000
19ebfa16-7f72-1003-2fed-c2749a4df08e,47,4528.438943042304,clothing,bank_transfer,1,2020-06-26T15:35:59.024147
3f322446-c8af-cdeb-128e-3a55caf1def8,20,2392.9110413576045,food,credit_card,0,2020-08-18T22:30:44.907139
273f3a84-83bb-be56-7efc-fae1bc84e359,47,4649.717742431136,food,paypal,1,2020-01-13T16:46:20.388655
72c40408-c1e9-8b7c-704f-c8f520a068d6,71,2801.310606457751,books,debit_card,0,2020-03-17T15:12:29.163395
7863fecc-8da8-aa04-6a5a-c6495220519a,75,976.5340292970926,books,debit_card,1,2020-06-11T08:36:36.975407
5c58b2eb-299c-521a-0559-da1554b73a2a,63,1964.5705860082808,food,credit_card,0,2020-05-03T01:10:45.670791
aca61c1e-221d-0f19-09fe-624d45b902df,53,810.395717174922,books,debit_card,1,2020-05-12T12:16:25.239949
39d17069-320b-ff1b-25b3-2ed47f1abc02,69,653.0420431879897,books,credit_card,0,2020-10-18T15:58:49.710844
ccece160-4696-bd1a-388a-2a3eb18e6ba1,56,3507.1273949076963,electronics,credit_card,1,2020-06-15T12:53:51.009343
4cf103d4-3b10-253d-2861-3f2b86ac9048,74,2608.5954206300344,electronics,credit_card,0,2020-01-29T12:20:22.972714
c2e23547-95ac-eebd-8b70-2d626d888344,31,1102.5121168515009,food,debit_card,1,2020-06-11T00:17:23.501003
42b3cbae-7050-c146-b17e-9cd7169c4082,27,3629.5386773153605,toys,credit_card,1,2020-06-09T12:09:14.319237
fa14888a-1592-cd06-4af9-32e662662dde,66,2987.4596695652062,clothing,credit_card,1,2020-09-10T17:27:35.010630
d2903e58-df58-87d5-3065-cb440f2aef3f,33,2814.3194633936478,toys,debit_card,1,2020-05-31T11:23:32.468951
4a5ad873-1e3c-fc5d-5c43-bb5d5a75367c,52,1292.3554180083433,books,credit_card,0,2020-01-22T21:02:40.592541
97249552-5013-5980-91a4-b2d2fced7c87,79,1329.3201396096995,books,credit_card,0,2020-05-15T17:53:56.153295
d6c0b2d4-d6e9-446d-3f8b-5e37b0cf20de,59,2837.6366919845877,food,credit_card,0,2020-04-03T20:28:34.935306
3ca720eb-294e-0596-2204-e7d53266479d,20,708.3503138384965,clothing,credit_card,0,2020-10-01T12:22:45.919169
8f628f9c-96d0-ed95-e86e-f5116253aa17,70,4200.398529888264,clothing,credit_card,0,2020-01-21T00:55:54.883748
dce22b38-9ccf-7bed-fa7a-1028dcd7cb62,36,389.6091023998211,clothing,debit_card,1,2020-01-20T02:52:45.342047
68610dae-85d1-c576-a5ac-bca20626c2c2,64,557.7797590895105,clothing,credit_card,1,2020-11-14T17:58:15.814385
48b8cb73-eb84-c1b9-3781-eba721fe6c16,25,1279.4619995312985,electronics,credit_card,0,2020-08-22T12:11:34.051626
a6c5d419-fb91-07ce-a1ec-08bca5b71c9b,66,738.3527564955016,clothing,credit_card,0,2020-02-12T03:30:02.520020
181b056d-504e-51d1-419b-a083b35477fd,76,2767.90562012764,electronics,paypal,0,2020-02-17T15:37:11.194785
5b0198e7-9ce6-65f7-ad2b-65d7b4c1ee4c,74,4366.214766271127,clothing,bank_transfer,1,2020-02-16T03:57:35.130342
1bc23710-e857-f046-0ca1-c23eada6c28b,76,2642.1650990465105,clothing,credit_card,0,2020-10-25T03:18:18.626477
e32ee452-95fb-5aa2-796f-b8eb2767a831,29,4420.2417668702765,toys,debit_card,0,2020-06-03T11:33:50.286463
ab4c60d0-08a7-e337-1c72-869fb6332ea3,44,815.4695700139838,books,debit_card,0,2020-02-19T00:56:41.542234
0b7218ea-836a-261e-f1cc-533a7bb6f837,39,2043.3978352292681,toys,paypal,0,2020-01-20T22:20:58.773625
a51a5fb7-dc25-903b-5dc7-ecd83449a21a,68,3980.3805221596335,clothing,paypal,1,2020-09-01T18:02:31.733395
df45b4cc-ff3c-be88-411b-75933bdefddd,73,3447.9980342162526,electronics,debit_card,0,2020-06-04T21:27:33.646703
2241a461-c3e9-2075-cf46-a92133f3327a,54,2891.651952621739,food,debit_card,0,2020-07-08T01:20:10.837265
d1a8b873-aa61-c97b-4195-59a3e23379f6,79,772.5477918113307,electronics,credit_card,1,2020-05-17T13:33:17.075324
7409a3df-a261-7865-6f72-0e2fa54fd5a4,18,2323.081122087576,clothing,debit_card,0,2020-03-03T09:13:47.284201
5bfc610a-486d-d101-d22f-d49d50c994de,33,1697.4749270119505,electronics,credit_card,1,2020-08-05T22:16:24.196166
8c5b56d4-b43b-343a-2b8c-460b8a6447d9,41,3853.005674934589,electronics,debit_card,1,2020-03-21T20:53:37.898912
79f903b3-78d0-ed3e-17d5-e00fc2462594,51,3879.598693028723,clothing,credit_card,0,2020-02-03T00:14:50.534503
b3bfaa17-aa0f-e20a-4314-096c230dd6fb,31,426.8231411427178,clothing,credit_card,0,2020-10-27T10:29:17.940627
2ef05248-f0fa-c668-56ce-9da06d564c5c,65,971.4648984259858,clothing,credit_card,0,2020-01-12T09:45:22.672752
8f0cb4af-dc4e-0d42-a5a2-0573bc328533,35,4871.35409580319,food,credit_card,1,2020-05-24T19:09:30.666174
ebdcd646-83db-3b8a-1350-d157e3d2e64c,69,2624.9229052851742,food,credit_card,0,2020-10-22T18:46:00.087826
180dd419-581a-c8fa-a1da-719ef79cd6a8,66,2222.488348576997,food,credit_card,0,2020-11-12T20:09:35.322703
ad85b3eb-5e7f-87d7-4953-065d5115f448,27,2427.525821886594,food,paypal,1,2020-06-23T11:18:01.164704
a3ac3f8c-5ece-f4b4-478a-4153cc8bc1e9,58,4057.6758699541388,food,debit_card,1,2020-06-11T13:04:16.770908
1b04d5e5-6e57-46ae-a626-52938715e73c,26,1311.0641515170535,food,credit_card,0,2020-05-31T22:23:03.357974
3d7ba497-2639-aac1-c031-24cf47645e5a,66,2593.325367415204,books,credit_card,0,2020-05-05T11:20:31.707795
d39d64d4-ebe7-2f41-9ff1-8056b7250c9d,22,4142.643072785252,food,paypal,1,2020-03-17T12:04:31.404970
6af7ed8a-23e4-1de6-f615-5ce828886acd,35,2200.3611585732083,toys,paypal,0,2020-06-04T11:54:24.057972
8df7ec94-c753-daa3-8f7d-51b6415a2950,78,2190.3299114955053,books,paypal,1,2020-06-02T00:59:22.309106
a434d879-8c3c-d13e-712c-f81708d580d0,67,283.45554169337174,toys,credit_card,1,2020-03-07T01:04:21.897833
b7381ff0-50f8-6dab-0aaa-730ee91141d8,18,3713.171176024671,clothing,credit_card,0,2020-06-10T01:17:13.803991
96577e88-f9c7-b6cd-7b5a-a1a414212030,31,1662.3546533058118,toys,debit_card,1,2020-12-06T22:45:22.492254
33d5ef40-7edc-e452-836f-909e7ba5a773,18,1454.6897246524788,food,credit_card,0,2020-06-04T12:59:46.721104
4de6ed64-d6c6-5581-0691-e0ff62a5e8ee,31,2146.4301288184665,clothing,credit_card,1,2020-09-21T23:58:03.604893
0eda07ac-20df-fa2c-f985-cf7b28fdd8d1,78,4798.051871351567,clothing,debit_card,0,2020-09-03T10:22:38.823332
ce96dcfd-7057-32a7-6d8e-f1ec3762ce4c,60,4191.794197401745,food,paypal,0,2020-08-15T14:00:15.365658
eeb098f9-185a-cf2b-7a60-eee05845aa0e,61,3986.4042678401024,food,bank_transfer,1,2020-08-25T21:01:24.087730
e7c97d00-6aab-8fc9-2962-640ac444ec71,32,2821.2201652991694,electronics,credit_card,1,2020-02-11T16:48:35.137016
076b1dff-64b0-ccc0-3018-f938a2119e31,60,2754.8111467183203,clothing,debit_card,1,2020-06-16T23:52:36.619495
2ab79ee8-e8b5-66e1-907f-38e7913e40c6,36,2394.0568714913998,electronics,paypal,1,2020-07-01T13:32:57.703668
f75a18e0-f2df-48c9-ff64-8fc466d874d9,80,4787.177063383667,electronics,debit_card,1,2020-12-08T10:11:38.171493
af3cd156-1a55-b0a3-4c7c-31f56a0adc45,49,4298.382380959187,food,credit_card,0,2020-01-08T06:37:28.879686
49a9c9c5-636e-e204-77a0-335e3673df39,38,2604.678712998804,toys,debit_card,1,2020-06-09T17:01:33.303387
0df6b5f4-9bce-a6f7-1630-67388f6f0848,27,3454.223103658763,electronics,credit_card,1,2020-07-26T13:33:11.856592
081abb37-68b8-e515-635b-7eb4b4306d8a,48,4580.29130547359,toys,credit_card,0,2020-03-30T21:37:45.789163
f90744ec-b26b-dedc-6551-a4ce39290c9c,31,1339.8456218853414,books,debit_card,1,2020-04-15T11:51:13.255607
56699fa7-06dd-2ef4-6164-a0c1c5fbae16,73,3180.9107038780885,clothing,credit_card,0,2020-02-13T07:25:35.131163
7ed3f141-791c-7448-4959-36f969c0806f,59,2938.4995156528435,clothing,paypal,1,2020-04-24T13:16:52.988809
74c329be-e41e-5222-0183-6d26c16c0b06,44,3684.936856201877,electronics,credit_card,0,2020-06-02T20:01:06.407740
1b2e6527-ce31-7f56-cb32-221165fa4094,30,3792.21670235389,electronics,debit_card,1,2020-04-07T10:43:47.087979
c4817448-8e7f-6fa9-022d-24c5556fa91d,59,1741.2287994671526,food,credit_card,0,2020-10-11T20:11:22.168127
efe891dc-86eb-7c76-bdba-a457c60a08f8,25,1089.9515367301237,toys,credit_card,1,2020-09-12T11:45:26.392601
a4b35004-7a10-d4ab-ed6a-5cde5aa6cfb5,56,4988.7553315705045,electronics,credit_card,0,2020-04-29T23:33:33.450583
5c14129a-cbae-2fd7-4344-860b2f55be60,18,3822.127894470051,clothing,credit_card,1,2020-12-14T00:48:03.536926
5f17546d-aac7-bb6e-a8c5-dc77c06d5019,55,77.82422456573089,toys,credit_card,0,2020-09-16T13:12:37.024036
9e5888b2-5921-a5fa-8919-b3bc8d3dff32,50,2498.2087272761864,electronics,credit_card,0,2020-06-11T02:33:45.062252
8f64bec2-b951-3fb4-4217-1f2620795fb3,67,4357.661370545035,electronics,debit_card,0,2020-12-29T21:52:55.112986
d948049b-d34f-f0b7-6e11-87d72e523a04,51,1940.9578238018125,food,credit_card,0,2020-11-15T00:14:02.705208
0c713a12-74b7-316f-b933-22adf929a1e0,31,2334.4036371434036,toys,credit_card,0,2020-12-14T17:02:28.467319
2c1cf5a8-77ed-fd30-d3e0-af25ff809154,23,753.9425504491588,books,credit_card,1,2020-08-19T07:53:47.578309
54e5dd74-9bee-8abf-84bc-f19a68bc340e,73,2310.8485689087556,clothing,credit_card,1,2020-09-18T00:34:13.903910
343a416b-46d4-b418-dfe4-adb4ed81cf14,77,1536.4334218065078,clothing,credit_card,1,2020-04-03T11:40:15.187774
31885387-f406-47e6-b6ec-083ec05ec581,77,12.01349732372045,food,debit_card,1,2020-05-27T00:38:32.504253
226e1e6f-8cd2-2841-9d60-13df4878a881,65,977.5714169385749,books,credit_card,0,2020-07-01T15:20:49.864556
5cf95c35-c64a-2698-ad4e-74b18124f949,55,2481.1045224127474,food,debit_card,0,2020-08-24T08:45:55.067378
3ccd41a3-e8a0-bcfa-5ebd-244c10448157,74,1351.6867566851836,toys,credit_card,0,2020-07-31T02:28:44.616394
700b5076-31de-d478-5fb6-31926f0fe7ed,53,600.4421497075055,clothing,credit_card,0,2020-12-02T12:43:54.811390
f1f179c4-c148-9efb-5061-84df2f0b597f,23,650.5113114735,toys,credit_card,0,2020-04-05T15:51:33.716308
66fd6319-483f-fcb9-56fc-bac84bc8085a,67,3799.406968430735,toys,debit_card,0,2020-08-09T03:43:50.846397
a05e3244-f9a7-0dde-8ece-7eaf330ca944,29,4428.4758513784445,clothing,credit_card,0,2020-11-13T17:14:30.272712
90ad8e17-13b6-636a-4ecc-01651bef4bf4,54,1035.7131301352765,electronics,debit_card,0,2020-08-18T07:50:32.695849
9e47863a-1bdd-7b7f-2639-7ccf4ed3bd33,29,2124.3826701268654,clothing,bank_transfer,0,2020-09-27T18:07:30.961423
c927d72c-c837-e321-a1d3-c058ed05ddf4,34,2159.2914286135037,food,credit_card,1,2020-10-31T19:16:06.464460
5a4d8be6-c940-0560-6bba-277b940ddc38,55,1042.1061930808057,electronics,debit_card,1,2020-10-11T13:32:28.417140
a252107e-cdfc-9dfd-8dae-e5a4dbd72d61,69,3829.326089761641,electronics,credit_card,0,2020-11-02T19:05:37.101322
4e10a0d3-7f75-5693-c2e8-5e89bf2437d5,55,2826.586565011407,books,debit_card,0,2020-10-28T12:19:59.591595
f045a7c9-2d96-983a-f2cd-bf424cf47875,31,4258.294702310019,clothing,paypal,1,2020-03-23T07:57:37.110587
a0a1e4f9-b283-7795-e71b-3b2eca136b9c,30,1099.9241388794987,clothing,debit_card,0,2020-09-12T18:37:54.414876
3347c33a-93c4-e481-24ab-aa69aac62507,50,223.61268653512994,clothing,debit_card,1,2020-12-19T21:54:15.374528
9d3e8b1f-b184-536b-3420-1116f93c0332,69,2211.3647234324176,books,credit_card,0,2020-11-28T07:36:48.221781
95fe50db-93ff-4f60-db28-81cf37f8799d,62,1323.5303814363979,clothing,debit_card,1,2020-05-05T18:21:43.316169
467a9d2b-7b20-1d63-a35e-c0bbb6ecbd9f,29,2337.410870040061,electronics,paypal,1,2020-03-17T17:47:11.645407
924de59f-1d2b-f433-c013-a481feec18b2,25,4867.670456128218,food,credit_card,0,2020-03-21T20:51:01.346451
047e8b81-2681-6ff1-2ce4-cc1b48146d02,30,4375.762072131755,clothing,credit_card,1,2020-09-28T05:56:52.194903
879922d6-d42c-1efc-858f-35c659ccd029,73,1610.8994466020563,books,credit_card,0,2020-10-07T18:28:05.184292
14cf46ba-a7e4-730e-9a43-d3b8d54c3c56,77,2326.9619042057343,clothing,credit_card,1,2020-01-30T01:12:18.160325
3ed8ada1-edd3-1bd0-c303-cacb72a1ac5f,23,3412.3133024075382,clothing,credit_card,0,2020-05-08T16:50:12.305679
4674c2c4-6412-4d6d-84a4-2d72be4a125c,20,1911.4399589631719,electronics,credit_card,0,2020-03-08T20:29:39.942388
2f42063d-fd67-b416-536b-902a204ae274,67,1378.2636080352886,electronics,credit_card,1,2020-06-15T13:37:50.328274
2a30363f-ca38-8065-ac58-c39b101a12ed,29,4036.7509067828278,clothing,credit_card,1,2020-04-27T14:01:53.178315
39ba7ed3-7e67-d2da-5e29-8786ae9fa5f4,51,3096.9179335559197,clothing,debit_card,0,2020-08-04T08:46:05.949936
98f6d53f-50e2-9942-186f-a099631b755e,18,4281.940077053294,clothing,paypal,1,2020-01-31T06:18:09.400672
a2c5b52c-4997-6562-5960-4086e73fd636,65,2010.6675628075386,electronics,debit_card,1,2020-07-07T00:05:51.288414
54692096-feca-8717-4d0d-92a239961cbf,47,3606.7162599635467,books,credit_card,1,2020-12-29T16:35:29.563494
53143dcd-4160-73a3-373f-1f988a995ee2,55,1824.2863241890068,clothing,credit_card,0,2020-01-19T01:02:32.313016
f76d2f78-9748-2932-6512-264c1137ee28,36,2928.5733432465527,electronics,debit_card,1,2020-06-15T04:12:00.714995
eb3a3e3e-8573-ec60-c28d-d08486dc9134,41,4881.524908027775,electronics,paypal,0,2020-10-04T06:13:54.959863
86145c95-ffcd-9d4a-22ae-b16a5f49bcec,79,3617.28723418629,electronics,credit_card,0,2020-11-01T09:04:37.027217
e733728a-9872-b79c-2519-ca47fe404f4f,53,3944.954387816003,food,paypal,0,2020-10-17T22:36:58.321775
d25d0ada-cbe8-b9fc-d6b4-3ce89f29ff81,76,3058.618081257291,electronics,credit_card,0,2020-06-05T02:46:29.608784
64cb298f-b4ae-5a9e-b230-fc294ec07313,27,3398.365334610005,clothing,paypal,0,2020-05-12T03:30:17.563769
5838dbce-0b26-2d2a-4b4c-8448ca6b889c,71,837.0740669091979,electronics,credit_card,0,2020-08-15T14:39:54.454679
96529687-26fe-dd47-9dd3-4c6c8d92688a,79,1133.9510749496806,clothing,credit_card,0,2020-12-08T00:16:52.376460
fe9d90a0-c683-e0e7-78d3-f27030b8c03b,18,3326.041737129661,clothing,credit_card,0,2020-03-15T15:34:45.449432
910a43e7-704c-f334-153f-c24be6d21d4a,27,769.0806587360343,electronics,credit_card,1,2020-04-29T00:30:57.328790
f1706e2c-3b09-dedc-5cc4-a6c4c081b0be,63,1627.2989764385998,clothing,credit_card,0,2020-05-22T15:32:22.448209
8f6d7a01-69ac-aa8b-7226-6029890ad1d3,58,4815.842180255916,food,debit_card,1,2020-11-07T15:37:20.453044
a77886ba-fa0a-cb9f-7d5c-886606f8ca15,66,1743.9165081365418,books,credit_card,1,2020-06-03T10:28:04.594583
15178ae6-6c81-5462-3b82-bd6c7f9ce053,44,1216.2688697422968,food,credit_card,1,2020-03-28T08:58:47.517211
4dd30fb3-53b4-3ea0-d5ac-fea107bfdd5a,68,869.9003396920967,electronics,credit_card,0,2020-09-25T04:40:52.543462
652b4985-b1b9-1ac4-7aa3-7604e64ccae4,52,1549.2986207916683,electronics,credit_card,1,2020-04-27T21:03:55.624715
d7284784-9985-950e-91b3-f87b17bfe833,69,2166.996793093464,food,debit_card,0,2020-03-05T23:03:17.219429
7d60495b-89c0-dd1b-7f43-fd22a5339379,65,640.6941263066423,toys,paypal,1,2020-01-12T17:52:46.730032
6741c001-f44b-aaff-eb87-bf635023d04a,51,2346.1826699749868,books,credit_card,1,2020-07-28T15:56:04.533771
611ce6e8-f5f7-07c3-5e83-ecdd3e8ebd52,41,3426.0600677417856,food,bank_transfer,1,2020-05-21T04:53:57.076008
901fc9df-7d37-d75d-7ea8-103f138f4ef8,51,4017.4934620939584,toys,paypal,0,2020-11-09T05:02:43.972237
52141bc7-d3cc-016d-50a9-6ef991098562,53,3323.5577005860328,toys,credit_card,0,2020-03-23T20:24:31.919539
9699466a-c688-b41f-ae2c-d70ee05fa09b,74,81.21033945238051,food,credit_card,0,2020-05-03T19:12:56.898766
11d1c194-e0c1-b3f2-e9f2-e3607b403294,60,2074.095630495909,toys,credit_card,1,2020-03-13T17:50:44.105193
e04ebffe-24b2-b499-8007-23e1edeaee11,64,2212.465517784929,electronics,debit_card,0,2020-08-18T12:15:46.939515
ea89794b-519d-65ae-33f5-6771589f616e,40,1571.0728809688003,food,bank_transfer,0,2020-10-24T05:50:37.759811
14a80a51-c0f9-2e07-e645-82ebd966e4c9,63,556.1706323937615,toys,paypal,0,2020-01-29T03:47:35.610558
24b660bb-5af6-486e-ff36-6d4e4f823e24,23,3556.360305991839,toys,debit_card,1,2020-09-04T14:12:32.278815
265b6617-e4fe-3ed4-9df3-f06b591f93ca,68,2227.187665389621,electronics,credit_card,1,2020-03-31T00:34:44.286118
43746437-f833-2b37-9a31-4b828ddd76be,53,1601.9073801371878,clothing,credit_card,0,2020-08-31T21:57:39.377867
c96f81c6-2459-7518-a9e6-484897e572a6,20,505.7388099866524,electronics,paypal,0,2020-07-08T18:22:50.366127
07f6dc8a-6cc7-ce21-41f7-fb866cdf08e3,76,3481.714378117316,books,credit_card,0,2020-02-20T07:52:32.710640
622247e9-9693-ab58-5e90-3eef6eba4d14,27,2874.40828169784,electronics,credit_card,0,2020-04-23T21:11:12.075669
0b8dc7ee-f57f-da87-faee-0b8c13acb017,69,4845.484923425776,books,credit_card,0,2020-04-12T12:09:56.471952
6368a59a-b027-a858-42a3-b7f403e81d3d,72,3358.2906461450507,food,bank_transfer,0,2020-06-21T07:06:20.401692
d20c868e-8055-c726-cdfe-823400acc4cc,19,2667.4323958496266,electronics,debit_card,1,2020-10-28T14:28:53.668672
31ed5a00-ea46-da93-ab92-1bad07b48f5a,47,4257.204214042314,electronics,paypal,0,2020-02-01T00:21:22.496377
2b202b64-7d0d-979b-845a-c75bb584e12f,29,1373.543022995105,food,credit_card,0,2020-11-17T05:23:54.646963
53c08918-02ed-db70-b9ac-8351c66dc9cf,57,700.6692852036756,toys,debit_card,1,2020-12-10T07:32:12.734306
86dc4e0e-0b5c-876f-bc92-e6d3028391fb,44,1280.5995118263259,clothing,debit_card,1,2020-03-14T05:03:12.476109
cc599a59-ec9a-ad5b-a8b1-712de96427dc,50,749.317120002407,food,paypal,0,2020-03-02T21:31:48.531387
9cf46599-64b7-f664-e9b7-0de9fd1952ac,46,3774.8785901042233,clothing,paypal,1,2020-09-02T19:20:11.226306
d80da7f4-f8fe-5e82-187f-10dcd140f1f5,22,2096.4659319981124,electronics,credit_card,1,2020-06-05T19:48:02.091938
ba7a492b-3223-2056-5d1c-a7cd9d803716,30,4700.334850594955,electronics,credit_card,0,2020-03-26T04:04:13.685994
2859f316-20e6-2199-e1db-20e4ed1cee60,25,986.4890609149923,toys,paypal,0,2020-09-19T21:22:33.396343
7adfdd4e-4312-8e8b-532d-ac71a46688e6,62,3944.983898745202,clothing,credit_card,0,2020-01-07T03:50:58.134878
a68c8a02-5a27-0960-fa01-bc03b37f70a2,58,1103.1354260010971,food,credit_card,0,2020-02-05T12:32:32.038472
b1d4ea08-c985-8307-90db-44b9af81dc89,56,412.86873995302767,toys,debit_card,1,2020-06-06T10:14:17.322818
c65810e2-2b7e-8e18-0927-c774618ec080,21,460.3461568811581,electronics,debit_card,0,2020-10-30T00:01:08.530820
01bad239-a342-d848-2472-9e36297b6fab,72,4615.666350077063,clothing,debit_card,0,2020-08-24T05:33:01.714101
63277317-aea2-bcfb-c1c4-218ba12fba62,18,1934.5716999374279,clothing,paypal,0,2020-11-30T20:00:51.516762
2619295f-5648-f600-feae-bf022d66df8c,23,542.2656913435461,electronics,credit_card,0,2020-02-22T21:07:14.018755
120d6991-ac86-4246-71c7-7e96dfa4d69d,43,999.535809740581,toys,credit_card,1,2020-01-22T05:26:16.753584
0b84f2ce-84c6-34e9-8bd3-da5c80b85a93,70,581.1569212144311,food,debit_card,1,2020-11-30T00:13:16.784192
94cd1d9a-a987-4952-9989-2b9349f81eaf,61,2768.0014979142325,electronics,paypal,1,2020-02-09T18:25:28.171720
058f194d-41be-baa6-5cd1-3dae3b5721be,74,3241.136871580703,toys,paypal,0,2020-08-17T17:24:41.189208
bab7216c-fb3a-51f8-44d2-edc9c0a3e03c,40,249.72640029729314,food,credit_card,1,2020-06-26T03:33:15.782906
863843d5-f1a9-ad88-1bab-115ff8866e53,42,2456.9113317997985,toys,paypal,1,2020-05-26T22:59:43.423041
88eac2f5-a717-3333-972e-e4baf29e083f,46,3668.2834973606937,electronics,paypal,0,2020-02-15T02:58:29.639747
54149efe-a6f6-640c-6843-b17c4884d684,37,4845.623797206484,food,credit_card,1,2020-01-08T20:32:26.435557
a15470ea-f45e-fb98-7447-2f529f8b9886,25,4781.209477199198,clothing,debit_card,0,2020-04-28T13:40:12.952311
1cb4d2ce-5bea-371e-4b08-00543a04890b,63,1270.8267368903391,clothing,debit_card,1,2020-08-16T09:18:11.725695
65e4dafe-9067-6683-3aee-a99e9a38e015,33,2616.6025165201727,toys,credit_card,0,2020-05-23T08:27:45.873678
85b4b548-600b-7259-9ad1-120c9ae28b4f,50,4765.585716446618,electronics,credit_card,1,2020-11-29T23:31:54.870791
910c4686-92ba-c560-cdb0-cf50b1f55ee1,62,3907.183540920689,clothing,debit_card,1,2020-01-25T16:06:01.697427
cb51caea-6c8b-1233-1d23-114866176c06,30,4814.570628044075,clothing,credit_card,0,2020-08-21T03:18:45.724451
3d259491-5fa6-0c22-e878-8014958433dc,37,4105.188511361353,clothing,credit_card,1,2020-04-15T02:43:15.923852
8edb107b-ac18-f951-c466-afd6120a4484,60,3626.1588013858395,electronics,paypal,0,2020-03-12T18:04:47.648434
5b895eb4-0389-b288-097b-6c3dfb651044,59,2311.0449901792563,books,credit_card,1,2020-06-16T12:10:42.598352
c8e405df-9987-19b9-7f35-d07ef1ed2fa8,77,1827.0667682299695,toys,credit_card,1,2020-06-16T14:53:28.068271
710b0844-2800-68b4-e81d-e7aa51c1a993,50,1855.0432427576804,books,paypal,0,2020-11-16T20:42:27.274841
f60a739d-bb67-6e8a-d475-b92efd02d250,79,4046.129497148891,clothing,debit_card,1,2020-11-02T14:18:49.542986
28e89d50-0b30-892d-5b2e-f91927f25d4b,66,55.924235743359944,toys,credit_card,0,2020-10-29T05:29:06.329403
4f805b55-7d80-2e5c-4f10-235de01a19b6,76,201.27542104138524,clothing,credit_card,0,2020-06-14T10:27:03.798157
86daa6d0-2379-b2ab-dc47-4875409ba838,75,2356.811295538647,clothing,credit_card,1,2020-08-17T14:47:43.860076
7890982f-f7f4-a1eb-1f66-f3ac4ef516ee,30,3109.150892788811,electronics,credit_card,1,2020-06-01T10:27:56.945731
c64c8b72-e30f-c13d-ae2a-773558f4e303,29,3558.930091986717,clothing,paypal,1,2020-01-17T23:18:30.132963
99fc577f-23fd-297f-a41c-faf49552ecb1,24,3108.9278041603775,electronics,credit_card,1,2020-01-21T21:12:49.647894
c7e0be03-3ac9-3636-cd9f-7dea22eb0d6f,72,2254.2879874992623,toys,paypal,0,2020-09-26T01:21:43.774399
6a5c23ce-971a-c610-7b45-68ce1c82e864,78,2373.4906865698954,books,credit_card,0,2020-08-20T18:32:01.462552
b61409f1-8674-db24-eefe-1f9f88416fe1,40,828.292269082635,electronics,credit_card,0,2020-10-15T20:52:02.310390
0c5f8517-0f46-bb3c-5184-762ca2200a9d,64,335.74783326357175,books,paypal,0,2020-06-06T07:35:44.204951
812582af-e595-0bae-1d25-c5f569032942,40,1564.5923452085476,electronics,credit_card,0,2020-02-23T20:00:01.998153
0a80295d-1714-c158-ee52-bce3f7e45d10,44,2658.4559349416313,clothing,credit_card,1,2020-11-01T02:24:03.308230
37817b6a-9521-3232-0604-53eda5d3d24b,51,2625.2682363705694,electronics,credit_card,0,2020-08-29T16:24:40.306463
972aece7-b2cd-a3ee-ec95-53f89c735ed2,65,1594.0888053170804,toys,credit_card,0,2020-05-26T19:51:20.649301
e90a741f-3db9-722b-e801-7b74107ba910,60,3972.4696547032527,electronics,paypal,1,2020-11-02T03:24:58.081880
aecb4d05-fdd1-2e05-f0eb-1e6056e9ea89,18,4168.543786915734,food,paypal,1,2020-11-14T01:09:43.467096
d2af0f40-0004-c2bb-bb62-ea76718f273a,80,2642.347859965319,electronics,credit_card,0,2020-12-04T06:07:04.159697
bd15531c-e244-d8cd-a640-ceeb468990be,29,1005.1580343489575,electronics,debit_card,0,2020-05-04T11:44:44.632924
ef3fc9c3-366e-5a63-ad9d-3aefaca260f6,28,3077.341703851498,food,credit_card,0,2020-07-07T21:06:11.373094
3c6c344e-90ce-4fb4-a28b-13578b3cf0cd,69,1430.831879290733,books,credit_card,0,2020-01-16T03:15:45.585113
bb4ac3d4-c13d-aea6-7e57-c126e9cd7bd5,54,1705.716184953654,books,credit_card,1,2020-07-22T23:14:57.591943
f4005f8d-180e-20f6-811a-2f4e184c34ff,76,1631.1811153488213,clothing,credit_card,1,2020-07-31T04:03:33.333951
d12d7bdd-9d12-50c3-81e5-3cd5aeab6669,70,4466.304999276346,electronics,debit_card,0,2020-09-02T22:51:53.409849
afad7169-3700-4977-21d6-8b17aedaef50,23,2617.7261557386464,books,credit_card,0,2020-02-08T19:36:28.919934
255744e0-7a4e-2448-8ef9-9a3e79ab569c,55,1101.0970201224225,books,bank_transfer,1,2020-12-26T23:26:58.977333
a021712b-815a-cda6-2be2-ef4c5fd0c9a8,44,1354.5710295194287,clothing,credit_card,1,2020-07-16T18:59:20.090946
65a85023-6a97-d106-65db-de779dda035c,35,91.64546882430298,books,credit_card,1,2020-01-03T07:35:02.665521
a2a528f5-9810-8643-0585-7be13bc245d2,42,3773.3745082259575,books,credit_card,1,2020-05-13T09:52:18.612778
e2ecf452-0cb0-4b88-8295-d25d2cbad4d3,70,2923.8146963768163,electronics,credit_card,0,2020-07-20T07:40:27.619198
07cbf53f-17a7-450d-607c-9a23ef15edba,44,1241.3988356427883,food,credit_card,1,2020-07-03T06:30:58.834702
26c8cf27-dbbb-a5d6-8275-8a212aabc6ae,19,3196.766657191764,electronics,paypal,1,2020-02-13T08:23:16.706020
c257909e-e694-3212-3176-97cc27b15c8d,76,3096.0065111894164,clothing,paypal,0,2020-04-12T07:43:32.506950
993fae1b-b59b-d66a-a97f-df552bd98233,43,3119.120090087394,electronics,bank_transfer,0,2020-11-03T03:59:14.847576
a202a885-e5ba-7993-fd51-1568153734fc,38,2666.9102222565075,electronics,paypal,1,2020-02-10T06:52:06.106782
12ab413e-018c-7d39-d11a-2b48ce036886,73,4585.225905704453,food,credit_card,0,2020-10-23T08:56:48.362749
cc7de1b3-b2e0-49b1-df7d-0c6870544692,31,1186.795763005197,toys,debit_card,1,2020-04-21T21:41:29.664519
11d1a880-ac6e-6028-53c7-0ac92af34296,62,1162.5928803835786,toys,credit_card,1,2020-04-09T09:14:26.040723
3ab6afaf-c626-5be8-9d63-716567f22376,66,3492.68235556627,clothing,debit_card,1,2020-08-23T15:20:17.886955
2b1112a4-1b38-a952-47bf-ddc05a66d42c,40,2155.713670494012,clothing,credit_card,1,2020-05-06T01:51:46.400575
ce01eb6a-89e0-6f52-76f2-248ca3985c80,55,4911.292740676402,electronics,debit_card,1,2020-03-17T23:30:38.922032
5a221350-52e1-d847-149a-c4767f8fdd4c,42,4059.6985363206945,clothing,credit_card,1,2020-08-13T21:35:37.458706
d4a3eb43-2e53-9f40-100d-3d8950474421,57,1202.0498738207616,electronics,debit_card,1,2020-06-09T12:20:53.815127
1b3aed59-6349-eb9a-4d4b-910988ed06a0,47,1074.2940665887054,food,credit_card,1,2020-09-28T13:38:52.190913
2760d4a6-9b5a-46e0-9da2-8cc911ff881f,32,1163.6569889369162,clothing,paypal,0,2020-03-29T09:08:24.218946
762521d6-842e-462a-051f-73df1abda11e,45,3249.6098624037895,books,debit_card,0,2020-09-02T09:07:20.600354
aa22bedb-2b96-6fe1-462f-264866186ef8,44,2188.1497176411535,electronics,credit_card,1,2020-10-06T09:19:12.350170
8e415466-eeb3-f998-fdcb-9e35a8e1872e,57,2803.7469929799313,electronics,debit_card,1,2020-12-21T12:08:49.595949
405c22f1-2bc3-ddf9-3e9e-4628fd109337,53,3650.6073680442064,books,credit_card,0,2020-02-14T15:18:44.502275
b8055a83-c80b-173a-7262-a7f54bd5a026,71,2428.71236347654,toys,credit_card,0,2020-04-08T01:37:00.934497
958c6065-a7a8-0e5d-72b9-b40892f8ee86,48,4571.646682100754,food,bank_transfer,1,2020-09-23T11:19:12.997764
a97373b3-28c6-9b46-1055-6208ee75eee8,44,4350.163934748357,toys,credit_card,0,2020-05-12T16:07:33.776431
3af63043-9bfa-768a-244a-5a4c46de91a4,36,101.42500347854975,food,debit_card,1,2020-10-28T02:05:55.716732
a3794104-6af2-585d-afc6-26c52a8f450b,63,3058.2562695068923,books,paypal,0,2020-10-05T23:20:03.373642
386230ec-2208-db9d-be8e-6b4c6ce95408,38,3086.630076394745,food,credit_card,0,2020-09-27T13:09:12.299432
9729331e-1197-d5f1-343a-301a63588e75,46,1171.794010344392,clothing,paypal,0,2020-08-16T18:50:56.633768
d9fc9e4b-0a82-17e2-37c4-cccbcca70b9a,63,3984.676261119321,electronics,debit_card,1,2020-07-26T18:35:55.533883
de6f42b6-f3e8-922c-00c4-e426b057b4c3,28,484.57583512623285,toys,credit_card,1,2020-02-20T03:03:41.234244
7ec366d3-111d-8706-24f8-9611e0f624d6,47,677.6134473456385,electronics,credit_card,0,2020-08-20T20:44:07.216869
20630315-9c43-5e7c-ea7e-1eb973b813ba,58,3620.232239002334,toys,debit_card,1,2020-09-16T02:24:41.055815
19ae974c-3c4d-4142-13da-e02d8808c9cc,55,4782.057473780887,food,credit_card,0,2020-04-09T20:48:04.504387
f73e500b-d6fa-8b30-5b35-3282dbd384dd,78,913.4675765789659,food,credit_card,1,2020-06-27T17:46:42.947685
85672f22-4306-6213-796a-acad1f061a62,33,1692.5559907659729,food,credit_card,0,2020-01-13T20:40:43.675043
c5ba5935-1b3b-c60f-54fa-6f6a8853f9af,30,1078.5477703626818,books,credit_card,0,2020-09-03T21:35:54.802580
1c73d59d-767d-f95a-064b-bc8201dd852f,50,286.4110440222481,food,credit_card,0,2020-07-03T16:03:54.607917
18506edf-b3b3-5394-c07f-925575526190,76,2622.7570818800104,toys,paypal,1,2020-05-01T15:18:44.848752
188d4b45-3e98-c271-e116-a745dac357d1,49,1428.4715677975357,toys,debit_card,1,2020-06-28T03:03:19.955776
74569def-0926-2c2f-74ed-8b26a3c82ab7,56,3708.5438797712236,books,paypal,0,2020-10-25T22:03:42.417686
7edb7dfa-be6a-ad0f-d893-3be0b6c823f6,66,3981.0314722220246,toys,debit_card,1,2020-08-09T00:05:16.888878
dd18bd5e-f915-8166-7c18-3fd791d101ce,36,1297.3146442617106,electronics,debit_card,0,2020-12-30T04:08:43.840297
2d7419f9-8d4a-8733-4999-d3d769fa6c7b,55,564.7777422909878,clothing,credit_card,0,2020-08-23T15:38:33.918837
ab39ddfe-e397-f157-add0-1be4480176e0,22,1247.0388801979695,electronics,credit_card,0,2020-06-10T16:03:19.862684
bbedbb45-9adc-7b59-91a4-bf1b0d4d4b00,27,3696.3614712315657,electronics,paypal,0,2020-03-08T11:57:04.241414
e082c488-b940-d802-e175-51386bc59ff0,25,4486.209486950952,toys,debit_card,0,2020-06-04T03:53:36.712151
7f2d91a6-a26b-430a-6948-0847f57d0b01,79,1157.7051557826073,food,credit_card,0,2020-03-30T13:58:15.457369
369c8410-97c9-d864-b7c3-4cee2eadc34b,41,111.87806114172852,toys,credit_card,0,2020-03-31T12:23:05.259537
39f2a6c4-e7ed-845b-4f8a-0c32d48bb13b,48,1895.8431518140324,electronics,debit_card,1,2020-11-21T09:09:44.593553
f22cf054-0c84-7e17-2cf7-9fc8d9828d95,61,4144.73307551632,food,credit_card,0,2020-03-23T13:16:44.102202
08dec71a-22fd-3832-64cb-9b0b6b5767db,34,3315.2534296454933,food,bank_transfer,0,2020-02-11T23:22:25.616042
698052ce-c997-a3a6-0ce8-56235353f9e2,41,93.64315000088881,electronics,credit_card,0,2020-11-29T21:33:16.914827
9a798111-2675-8298-c182-d34cdeb0c9f8,36,3004.9169017808317,clothing,credit_card,0,2020-02-14T15:19:18.447112
401fc866-85cd-1294-e079-8761b65d1124,40,811.7489434502037,clothing,credit_card,1,2020-07-18T10:32:37.749872
b46298a5-722d-2ffd-1cf6-55555900fb9f,60,776.3950234221021,toys,credit_card,0,2020-03-20T14:53:07.718191
c99172fe-cd11-90a0-0327-6bf7fcc3f8c6,28,1532.3461392433771,electronics,credit_card,1,2020-01-30T12:53:01.931054
f23af561-151c-cae4-6700-e272b301b0a3,26,2136.676510157914,toys,credit_card,0,2020-02-15T04:41:26.644865
0b1b0679-8b19-b903-9aef-b5c836d46d79,32,4852.409675615061,toys,paypal,1,2020-08-17T02:33:08.224422
708464cc-9145-5c14-b9de-0136a462376f,65,2227.49206295246,books,debit_card,1,2020-06-01T07:19:18.965790
2edc80d1-dca3-0290-96b0-c95c17d8587e,54,4237.244937320212,clothing,credit_card,1,2020-05-23T12:28:31.319853
67b533c8-627e-2b2a-e826-0f9d15701691,30,1975.2718492520364,toys,bank_transfer,0,2020-10-07T09:09:51.693677
da0636ac-9a6c-5ab6-3f6c-e8c91908675a,40,3694.7846597456687,electronics,credit_card,1,2020-06-21T06:18:36.389460
19ab7496-95ef-c648-c8fc-d30edd9513dd,65,1846.8499965553858,food,credit_card,0,2020-03-21T03:03:27.137535
e9ea9cac-f892-7201-4b71-570dd5121923,80,2507.8893202108557,clothing,credit_card,0,2020-12-14T05:01:43.074802
2cd9545d-e7f2-a3d5-0c5a-38fdd0ef5fd2,60,1796.48884750294,clothing,credit_card,1,2020-07-09T05:09:12.483139
d3f07993-55cd-1be3-913e-4b23c4eaa369,31,1196.3182965965686,books,credit_card,0,2020-12-18T15:22:02.770158
5c5255e4-eed4-8825-31e7-40afad5c5db4,37,2472.175559304383,books,debit_card,1,2020-06-30T07:28:25.942069
4535cfb9-98a4-8324-a8ed-26f74c7266c2,59,3189.999294918548,electronics,paypal,1,2020-12-13T09:06:15.529379
790903f8-6be3-b7f3-2ba5-deaca7b52966,22,4272.523164740811,electronics,credit_card,0,2020-11-03T06:34:13.016713
c4cd58ee-e0aa-8c81-b507-f404ac2bc136,78,2106.481788529577,books,debit_card,0,2020-11-14T16:38:26.969534
1ccd9bba-223a-62de-38a8-9792f443d11a,27,2129.106586169795,food,credit_card,1,2020-05-06T05:04:06.404070
3831f20c-87f8-da8c-321f-b2f1d72ae504,46,3549.7883768641523,electronics,credit_card,1,2020-11-10T13:39:52.914801
61dfbbba-641f-5fe7-da9b-597b40def8ae,53,2212.610670828174,clothing,credit_card,1,2020-07-09T16:58:25.041950
4b478565-d703-e909-73f2-4feb918163d5,54,3353.387960241888,clothing,credit_card,1,2020-07-14T07:10:17.529137
b6cbe368-e787-2f82-9ebb-8464f0c10140,67,259.7782837703139,books,credit_card,0,2020-03-01T09:09:06.857919
378150ae-3b1e-8241-2ebe-72bd7880f3a1,35,4648.427683558499,clothing,credit_card,1,2020-01-16T09:21:15.473665
298dbdb5-8e4d-b0da-0329-f73c4c5d6527,53,1051.340801108661,electronics,credit_card,1,2020-08-24T09:04:55.675158
f50ee243-a4dd-bcba-359c-396f34514f6b,32,257.101939335299,toys,debit_card,0,2020-08-07T15:48:51.731827
901b15fd-b3ca-2283-3901-1b8eb65d5b02,76,461.0450330568102,food,debit_card,0,2020-09-10T21:59:16.068029
80753125-0da9-f94c-75a8-e201b2ca3038,32,3361.050700301573,toys,credit_card,1,2020-01-20T23:55:37.416124
f61fd653-669c-ea9e-9401-e81879fdc330,43,3470.1083491192717,electronics,credit_card,0,2020-03-30T07:42:20.492004
53055595-6e9b-488a-8b2e-ddcef60aaaae,72,831.0573711036826,clothing,credit_card,1,2020-12-13T12:54:18.570516
a51e3159-33c8-505c-ce44-ccf9557a5695,79,2719.445766480014,food,debit_card,0,2020-11-29T21:18:17.611287
d16c11bb-2b4c-227c-a84c-5db2f932e7be,79,823.6565206300655,books,credit_card,0,2020-06-13T04:24:00.161215
7bedde3b-dcab-a3cd-098c-5f8666863d33,54,294.4549044488211,clothing,paypal,1,2020-04-08T16:51:16.452250
2a3b71e3-09a4-521c-1e56-60d233f1f85f,32,960.5856076305761,electronics,paypal,0,2020-01-08T23:12:17.236076
5facdb5d-29a6-608c-c19b-b75afe764039,76,330.17949095143547,food,credit_card,0,2020-05-22T14:17:25.991440
c4689cac-5723-6692-abe0-8daea61de8d6,23,2350.179047412924,toys,paypal,1,2020-06-24T23:11:24.724950
b58c5214-1547-9dbf-a840-972a643074d0,51,2684.70066700359,toys,credit_card,1,2020-05-24T07:53:55.404574
c3827802-a728-a4c4-5271-ffee42e3ed54,37,624.4667907523195,electronics,bank_transfer,0,2020-12-15T00:14:45.456212
470e7ab7-4e40-e705-4fb4-5b654a9dc779,53,2402.5393320367552,toys,credit_card,0,2020-02-14T18:30:52.888746
e3813003-ea6e-184e-4edf-890b72226dff,56,2067.5274263220317,electronics,debit_card,0,2020-03-26T15:16:14.512849
c24a0e0e-8195-3e6f-89fc-6887e9d2527d,39,1262.969494961522,food,paypal,0,2020-07-14T23:23:34.544360
e0387165-b09c-759c-3c2a-82922106ef6c,52,4690.379492439121,clothing,paypal,1,2020-10-12T15:56:40.094317
f9ea8b77-d0c6-03a3-2b92-3f463a3eadd0,76,1875.3802662266878,electronics,debit_card,1,2020-11-11T21:47:32.634372
ffd56a61-e5f7-f40f-d7ce-95adfadc23e4,25,4185.457786696891,food,credit_card,0,2020-01-26T04:13:41.064940
4480e5fb-23a2-72cf-ca6c-1b4c9a9010df,63,1168.7676057269405,food,debit_card,1,2020-12-11T18:05:19.830131
efed13cc-91ae-1e36-7b83-3d878da15d73,39,4723.305467092025,clothing,credit_card,1,2020-11-19T01:24:35.397398
e6e73b25-987d-64ec-60fe-5ff5fad7976c,59,3834.608696819019,toys,credit_card,1,2020-08-02T08:52:20.190078
111bb545-184a-47cb-75f6-f5ab46298adb,69,2024.1259107686988,electronics,credit_card,1,2020-09-30T16:04:18.626444
4f0487cc-ea1a-37a2-e1ea-3d45a25c71ca,51,2551.5326006568125,electronics,credit_card,1,2020-03-08T06:35:32.632247
3410af2f-ccfd-afb1-6b70-5bd6f181cc15,22,3011.6640930086523,food,debit_card,1,2020-09-17T00:29:18.773084
ae4a5cab-59f5-87f6-c526-410ab9a4358d,56,380.56725296058346,food,bank_transfer,0,2020-03-01T17:58:32.635183
39d24c2e-f51c-2e69-00ca-b6d7c9701178,63,2596.907506073591,toys,bank_transfer,0,2020-04-06T20:11:37.552920
4c61b0d9-3ccb-b0e3-7e9d-14a0bf8efb2c,45,2022.4700685369478,food,credit_card,1,2020-09-22T08:30:10.759296
214a5c87-9d47-1a31-6ab3-27dd4a85c639,23,2840.705969732623,food,paypal,0,2020-09-10T04:43:21.643680
dfbe9be8-378a-8f91-c3d7-60c153dd7246,46,2509.9436575178665,books,debit_card,0,2020-01-10T18:12:58.622691
8c3f03f4-31d1-81f4-088a-3c585ab40ac8,46,2592.7791986301395,books,debit_card,1,2020-06-21T09:53:24.295375
8962b064-aad8-8468-8bd2-d44a67980987,33,2279.925650598875,electronics,debit_card,1,2020-03-20T10:36:04.557658
dbbcb5b2-b94e-956d-7560-3e138e4fb3df,39,1814.6273991469313,electronics,credit_card,0,2020-03-05T22:25:39.647900
2773946e-0627-95d6-d803-c1835f9ed1e4,79,781.9935311160702,clothing,credit_card,0,2020-01-01T20:16:40.355746
45cf6fd9-128a-7667-0abc-5fde757d1b5b,45,3549.52553399446,electronics,credit_card,0,2020-04-11T18:57:15.509335
3f3481a9-96d9-5f89-34e6-e6fa92647fe1,33,242.37185879885294,electronics,credit_card,0,2020-08-21T06:29:37.934440
8c5af7e0-1a0d-7ef4-b4c5-2981bb7607ec,32,354.49599314537886,food,debit_card,1,2020-02-15T20:41:19.928726
f959f57f-05f4-680b-d1d5-987862ef7c1e,20,4588.137405945682,clothing,credit_card,0,2020-03-10T22:03:27.245676
ce66f00a-c78f-a5f9-8a3b-bf4571004e69,66,3049.642381646645,electronics,credit_card,0,2020-09-02T02:30:53.208587
aef8d0bc-737b-3433-1c45-13f502d2eb97,21,3240.9296980708173,electronics,credit_card,1,2020-10-25T19:14:50.884607
d34e66f9-7500-ed26-c648-8579ecd9d131,73,4631.871071705316,electronics,debit_card,0,2020-02-09T02:11:57.212903
9198cacd-56a7-fe24-cf03-8d5fed4b031d,50,200.74754623127245,clothing,credit_card,1,2020-06-23T06:33:57.723940
11fd2118-2824-766b-2c9a-d9ca115d41d9,20,694.1801323956406,clothing,debit_card,1,2020-10-15T20:33:41.228183
52fbf8e0-08af-8a5f-493d-b447bb6ddabd,63,4530.611972801026,toys,paypal,1,2020-07-29T23:38:10.423613
54673d98-855a-8a00-2d1b-00c099ffb27b,54,2794.5150684593737,toys,credit_card,1,2020-07-03T11:04:41.005017
e5a8eea8-8dbc-7182-8739-6f2fa8992486,19,725.0913145242121,books,debit_card,1,2020-06-13T22:18:01.750386
57e471e7-5e60-9629-57f0-7facc3783156,74,303.09720603925075,toys,credit_card,0,2020-02-28T05:30:23.463363
6bf3e5f6-2a7f-6904-e72f-e13767b9c0a3,40,1202.5433232857156,food,debit_card,0,2020-06-18T17:34:22.838344
946ceb3c-042a-96fb-f6ce-f0be7de4fe72,50,1533.4406819929059,electronics,paypal,0,2020-06-30T15:33:22.714414
b482e106-e991-0046-1f22-47f08948fb89,32,811.4555513684458,electronics,credit_card,0,2020-09-24T18:28:49.464300
07e9dd96-9f91-2520-ef19-2c2b0e0591b6,48,2195.3246720957036,clothing,credit_card,1,2020-05-26T09:11:01.608634
a128500e-ab6d-1ebd-6152-e980aa0fa1d1,78,3432.675338104886,books,credit_card,1,2020-11-27T23:55:18.350083
c32a5ee3-fc7b-78ca-8aa0-03137361c289,74,4701.361740220803,toys,paypal,1,2020-05-07T16:01:59.395207
d837c526-c300-fd3d-6a69-3e5a5fd798f8,69,1456.6342813312513,electronics,credit_card,0,2020-07-07T16:59:53.433511
4c54b9ad-0d20-b97e-569b-74c2ebc4980b,53,2382.1793076573676,food,debit_card,1,2020-08-24T00:01:31.577042
f455de5c-f5d9-ac20-22c0-e6ff6833550a,58,1514.60846730444,food,debit_card,1,2020-09-15T05:48:09.705639
66eb9eee-32c5-8c77-04e2-4052624a1f78,71,3670.834444683249,food,credit_card,1,2020-11-22T15:10:48.424795
d29db0e4-ea52-01c9-9823-ca3aa17e6544,58,1870.5745690214683,food,credit_card,0,2020-03-16T17:23:29.714425
132ac0f3-bad3-9e7e-f604-8bba1dab5dec,43,2110.838857328583,food,debit_card,0,2020-07-18T19:39:55.952508
9af8ca28-b034-900c-2cf5-8e08e296455d,53,4717.400102444943,electronics,paypal,0,2020-04-06T14:32:30.967977
fc4637b3-d3d5-0929-7b0a-07e593e9a7a3,71,1731.3531546390348,toys,debit_card,0,2020-10-11T04:15:38.850908
67ad964d-9959-9b44-2859-2e1109c3a29e,57,2419.703302193108,books,debit_card,0,2020-05-14T21:33:05.431444
98ea3180-de94-4705-3923-72dbb2e2e58e,53,4370.8117439282405,electronics,credit_card,0,2020-05-21T10:58:18.463112
45ae17a8-a179-102b-4c6b-9f7ef6a289fa,42,3119.5393454391765,electronics,credit_card,0,2020-08-25T13:35:36.165807
3bb2cc1e-03e0-0ff2-37cd-9cf08eaf7915,20,2117.76066927792,clothing,credit_card,1,2020-02-29T07:48:43.537051
d82494a7-06fc-b4cb-75c8-2aff03ebfbd8,33,2327.6311789514343,toys,credit_card,0,2020-04-29T01:41:43.364892
1fbdc01d-2351-fce0-3be3-c18d816d0b7a,61,901.607424574077,clothing,debit_card,1,2020-03-04T02:45:05.021642
a7ece57a-94c2-5499-b7eb-7f069cca9491,62,3578.2332350142465,books,debit_card,0,2020-12-31T06:57:00.252406
c14cf050-989e-318d-d1b9-ab8d5e57b242,25,2757.2904719267317,food,debit_card,1,2020-09-23T07:14:18.450916
13634df7-d906-b634-5582-c2d0088a1895,37,4530.469966933176,books,debit_card,1,2020-09-14T13:34:08.214493
b265533b-1fd6-349f-42fe-a910214c7b63,18,4379.831044429395,toys,bank_transfer,1,2020-09-11T11:49:23.438426
faecc08b-e582-61ee-f7a1-8297e0b25d02,28,3473.4830802521287,food,credit_card,0,2020-06-16T18:31:43.208079
97e3d919-d7e1-ab90-e5b0-c24d8a3d6134,77,4695.755646806564,clothing,debit_card,0,2020-10-09T06:59:21.457494
3faaffa6-2e26-0a41-5462-989bd27ba3f4,25,3605.700436242163,electronics,debit_card,0,2020-10-14T08:43:22.399800
8073843c-29a4-31cf-7cf5-dd61a1fdb4b6,61,3478.039608545977,food,credit_card,0,2020-08-11T02:46:45.618643
ecefa305-90a5-aea6-f908-ea82d954f7d1,48,1841.8304143129499,food,credit_card,1,2020-02-28T02:02:03.401994
aa015eec-3e17-8dab-fdc8-11186dba8eeb,73,935.2586866462594,food,debit_card,0,2020-07-20T05:27:03.997647
9ddbc6b6-faf2-a80f-84ee-eac2472f8f04,66,3043.685583195577,books,debit_card,1,2020-11-14T14:24:28.211961
61f475d4-cc82-0f8d-711a-46f13fca0a10,63,3617.160552362737,electronics,debit_card,0,2020-01-22T02:54:15.099712
f8113da4-2664-495d-591f-f825c04b0424,38,2373.71494031202,toys,credit_card,0,2020-07-13T16:34:31.189575
c47e8be6-af46-aad3-8184-8f572814a0cb,58,4050.3735808729803,books,paypal,0,2020-10-07T05:23:24.903982
085a4a16-d51f-7fc7-3364-9dc2b7c82719,45,2837.6106271127305,books,paypal,1,2020-01-10T11:06:25.631503
a03ae8b7-2c31-a91b-4d25-b60ab61348e4,61,4659.094238233353,electronics,debit_card,1,2020-07-01T22:19:56.672230
99b32817-44a4-a782-1f84-3d9540b98f1f,54,723.5321681827415,toys,credit_card,1,2020-04-10T01:29:07.162545
b4870207-a7fb-4379-0db2-dbe3947e9b67,50,855.4578707146475,electronics,credit_card,0,2020-04-10T19:12:32.108851
89b91bc2-5a31-80fe-11e8-f855ed000e42,79,973.8628850967934,toys,credit_card,1,2020-06-24T18:17:37.505074
207b12b3-19f9-9bac-f1fd-5b37cb7f510e,23,4678.436593308852,toys,credit_card,1,2020-03-05T03:50:42.111992
42a79e03-470c-5304-05fb-95ee7be05eed,37,4614.138145232559,toys,credit_card,0,2020-12-31T23:49:49.884616
0e1024a4-e961-97ae-f5d9-bfdc584597d6,20,1646.6815909493725,clothing,credit_card,0,2020-05-08T03:41:42.327897
45bd82fb-c401-a444-e648-251a308d2824,36,1781.4645640252445,electronics,credit_card,0,2020-01-17T03:45:31.345819
adc908f8-fb28-64e3-f20f-6154a4404285,53,2822.489201155114,clothing,credit_card,0,2020-01-31T03:39:02.072610
43e4f113-d89e-e2c7-8fe4-c26f3fc18632,65,2702.164685894462,food,credit_card,1,2020-12-08T08:28:36.631973
287e888f-7eb1-e245-c443-45e979f2d378,19,3739.705251483591,toys,bank_transfer,1,2020-04-03T07:15:08.243853
49d26d54-4854-f77d-2884-f80cfb8f0a30,39,1589.0099123111427,clothing,paypal,1,2020-09-30T19:09:31.064890
ba4128d1-ccea-e6fe-ecd4-51d0c086245c,37,2731.398827837983,toys,paypal,0,2020-05-07T22:41:28.848019
2cbae7c3-d56c-e463-a159-a074bf4d96a6,22,3967.1242629225985,electronics,debit_card,0,2020-01-13T02:15:15.396776
fcdee8cc-1f43-2531-9084-d1a5b5fb5387,62,4286.635266395479,food,credit_card,1,2020-02-27T13:51:30.551084
686c34a5-456d-3b68-240e-a4fb6229a460,57,4712.682946851097,toys,debit_card,1,2020-02-13T06:57:30.752665
5e706ffa-a8d2-0db4-2d64-32c2c22c6131,59,4302.729560999942,toys,debit_card,1,2020-08-20T02:23:45.006343
92a8f95e-67d7-377c-7ca8-bd488b278394,33,896.1218353649009,clothing,paypal,1,2020-12-06T07:41:23.522547
7123038b-5bbe-5f1d-c3f9-82baee5e1a5f,57,155.6967632676545,clothing,credit_card,0,2020-09-28T20:35:07.325634
03037427-d41e-e4e3-6860-c34ab8df13d6,33,4798.9664910520505,clothing,debit_card,0,2020-02-13T07:58:45.568175
7a9b36d5-dc7d-f40d-fccd-ea9dad9a4b5e,70,4966.293699102462,food,credit_card,0,2020-02-08T06:16:32.162956
75593429-9799-d575-105b-441183193676,35,4870.204328938555,books,credit_card,1,2020-12-11T07:00:36.594893
e72e23e2-a9f1-0bc5-1976-9e6530de0c33,64,621.5285690460278,clothing,credit_card,1,2020-01-25T02:42:32.225755
01befb8e-9b86-5997-3328-fdb02a3814e5,68,1227.5737697303646,toys,credit_card,0,2020-05-27T17:38:56.035460
32353909-1d77-95a5-e386-c205a72020b6,65,2721.9771208364327,electronics,paypal,0,2020-06-11T02:19:26.922509
89251a1c-3b6a-270d-0de9-6f0a6b5e7555,43,875.9018027884711,clothing,debit_card,1,2020-03-19T16:55:16.459290
7badfa16-264c-687f-4424-aeebc5c757cb,41,532.235472136632,electronics,paypal,1,2020-02-02T11:18:02.122295
49687596-f10b-9b3c-c0aa-ad5f7fb39cda,52,406.84812569886253,clothing,debit_card,1,2020-11-05T13:21:18.971464
cf5559d6-43c9-cacb-0d04-3f9e624ce995,58,3347.7802183547788,food,debit_card,0,2020-07-27T02:15:25.731302
4c1e34c4-9c94-79a4-486a-507089df277d,77,4567.814207277373,clothing,credit_card,1,2020-09-13T18:51:22.411715
b5765335-a735-fd2e-38ca-19174c763b20,32,1150.8065241644879,clothing,credit_card,0,2020-10-27T21:06:38.168795
5b9067af-b95d-8293-afc2-b5ab61b40961,66,3196.477800509745,clothing,debit_card,1,2020-09-27T04:07:49.774518
af4529f4-696e-30a2-6656-2686f0b5c56b,70,2746.3324859161794,electronics,debit_card,1,2020-03-04T11:31:40.803618
a7338e91-eb9b-aaaa-3da5-0eafbafc724d,43,1325.7730931415647,electronics,debit_card,0,2020-04-22T19:09:33.026665
344f4180-d108-83c9-4343-b111ea28b088,24,1368.7769136239785,electronics,paypal,1,2020-02-04T12:52:04.458577
c6897b78-78f1-4a2f-7c1e-9560b7a3735b,47,1340.427859095133,clothing,credit_card,1,2020-03-16T16:42:02.650407
81671f29-bd8a-3d3e-ed4f-ce7404a80f3b,26,2524.0843869298046,clothing,credit_card,0,2020-06-11T23:38:21.056279
fcf3b3e2-e5d0-43b5-7a1b-40a9aa017042,72,2363.17103534702,toys,credit_card,1,2020-03-31T07:05:47.237863
6940e9ed-24fc-e6c2-bdb2-3d4506714d96,48,1962.008514262739,food,credit_card,0,2020-07-02T16:18:57.973052
39b7dad3-2c3b-b7ae-b0ea-04367b80b42f,44,2845.2900228271246,clothing,credit_card,1,2020-02-25T01:31:59.539380
40c926a7-a9e7-9d25-08e6-83fbf43e9622,55,2996.277323298817,electronics,debit_card,1,2020-11-21T04:13:06.232225
de9d8f86-cc27-3d12-e9d5-3075ecc192a1,33,4591.67975252059,toys,paypal,1,2020-06-26T22:39:23.814888
1f2226a8-8e9d-51df-dfe1-89324389d9b7,18,3510.6202597680604,electronics,debit_card,1,2020-03-30T19:37:26.068887
b773bff5-7a3c-70a5-1e9d-2197739ff899,36,3384.6715755372193,toys,credit_card,0,2020-07-01T14:34:25.289257
3ad9c459-2549-f94f-b75e-2e6a3ba9ac36,32,2110.172721804171,clothing,credit_card,0,2020-11-01T09:14:12.516607
895bf606-2c67-cbd2-ea2a-93e2f6f76830,38,3517.507932769008,food,debit_card,0,2020-05-03T16:49:06.468642
260e0ba5-6dc4-bea6-b69b-766f64144608,65,2866.7101872905296,clothing,credit_card,0,2020-06-25T09:52:40.834170
e6a61634-9d3b-aab6-f6f2-11e5bc58bf1a,24,1601.9867568832615,clothing,credit_card,1,2020-07-26T10:54:44.747501
5c2ce0ca-b3dd-d975-2613-1f5a1b0bcb27,37,4931.630105081365,clothing,paypal,1,2020-04-22T21:08:01.450529
9605290a-1221-e602-7e98-9e79542ffa9c,28,4142.328173240117,clothing,debit_card,0,2020-05-22T05:05:48.979638
d82cfdbf-4698-05b9-75af-869be0dffb8f,79,1895.104046911502,electronics,debit_card,1,2020-06-06T06:43:00.978963
02f695d4-f5f8-4fda-cf80-b8721e0bc4dd,53,757.6303919835843,food,credit_card,0,2020-03-27T13:59:11.181053
8a8bb7dc-d84c-6959-3f48-2895ba69d4ac,38,1317.240560002095,toys,credit_card,1,2020-02-22T19:58:09.211274
1a01d9d0-ecba-05ea-7ccf-5163cfafc50e,25,3042.0911977448613,toys,credit_card,1,2020-11-19T13:18:43.503313
85ab3464-bd2e-2196-afb5-d0f8e2869c70,44,1575.4164489011073,books,credit_card,1,2020-06-15T10:09:18.250731
b4100878-0c41-541c-cc84-7799887b7098,57,992.4551059320753,electronics,credit_card,0,2020-04-02T19:19:01.227269
28effb19-5f0f-53e5-afe8-f1d8ce9713ad,50,4366.917040829112,clothing,debit_card,1,2020-08-22T19:54:54.448833
b52b6033-4bbc-04e8-a159-d9c59af280ce,32,3687.073374104288,clothing,credit_card,0,2020-03-09T01:09:09.232157
d7be28a7-6799-f14e-1a62-4fc00976c9fe,78,894.706470733649,clothing,credit_card,0,2020-08-25T07:35:55.243115
f83308cc-80da-7046-6c51-5dfd87a18e18,52,1661.5603742981543,food,credit_card,1,2020-03-19T02:16:25.214199
a7f3b386-0c95-4bf4-a014-9d4c57540696,71,3522.465170422372,toys,paypal,1,2020-12-22T15:47:06.817145
0005e8ea-8971-d854-1820-c4b83145375f,77,4057.654204262378,books,credit_card,0,2020-05-08T20:31:40.505368
8aea0299-8a44-05b3-f84c-d3dd3c51d1ef,50,3097.969377975902,clothing,credit_card,0,2020-02-22T17:45:19.765206
d9aa626a-016b-df25-b4e6-d401b0624f67,63,3301.099999601223,food,credit_card,0,2020-02-05T18:17:44.130333
181a876f-38e5-f344-1be3-95bd26daa105,75,2510.1025110063933,books,credit_card,0,2020-11-10T13:31:17.391579
394e21ae-0eb0-c521-4c87-9d324edc256c,19,2846.625244440339,food,debit_card,1,2020-11-28T14:26:07.410244
9eb9d306-bc05-ebf9-31cd-70c1b5bee6bf,24,809.0451657675894,clothing,paypal,0,2020-11-25T20:14:50.076967
cda11646-7944-db38-5f6e-863c2c231e99,79,3978.5559464394673,books,debit_card,0,2020-08-24T06:47:23.942419
8d0080d0-01cb-9843-86c2-7fc5a2b1d7ec,75,4659.376408041827,food,credit_card,0,2020-12-11T18:10:50.825109
526ebabf-e892-42aa-a4e9-75e4fd3aff56,42,3731.9310881785473,electronics,paypal,0,2020-04-28T23:57:09.847572
0ef5242a-5861-38dd-ebf9-6304edb9d148,33,2924.359410244822,clothing,credit_card,0,2020-11-21T17:25:41.910654
91469d21-b9b5-7293-3562-73c0de4da6a3,20,2103.688903928498,toys,paypal,0,2020-07-19T04:37:31.938697
35e0ef66-5474-15d5-80b7-87ca8edd40eb,47,561.8606262687704,electronics,credit_card,0,2020-01-07T15:28:12.591471
2af2c353-33f6-1e4f-c248-adb4184e4ad3,49,1103.088410013703,food,credit_card,0,2020-09-13T01:17:36.664674
d2ecc390-e751-e3e4-bc1b-5c24e53f6e7a,33,946.4567216944108,electronics,paypal,1,2020-09-20T13:44:36.681332
e3d2a7ef-de56-797b-67da-2cd343d561af,35,1069.9025516789525,clothing,credit_card,0,2020-10-14T16:15:29.598442
4aa7c848-422f-3191-db30-e98206e4aa80,52,2853.902060781146,clothing,debit_card,1,2020-12-12T03:02:18.013550
e7ce0f3c-2f6f-6068-3483-a06ac33e6ea9,78,3250.2559507390447,books,credit_card,1,2020-12-03T19:19:05.613883
ca9071c9-a5ce-2112-bc1f-1cceff39a830,45,512.310805915239,books,credit_card,1,2020-11-20T18:09:32.690185
6878c5fe-1f9e-32cc-5296-a957b507c6a1,54,4874.704340524067,food,bank_transfer,1,2020-06-01T04:46:27.817527
b303a5a8-3c2a-ec9b-c6b8-1885ac3b974d,43,638.5243438200822,electronics,credit_card,0,2020-12-25T07:38:56.187883
8321272b-bef4-ac6f-5a93-4ab2d5cf40df,56,2745.716281915269,toys,credit_card,1,2020-10-24T16:28:11.838016
3551d3c0-6cfc-de38-1ba5-c3984a72a2b2,58,371.33121660380937,books,debit_card,0,2020-12-02T15:45:51.315480
f17865db-79cd-e70f-2b3c-16e4b2a5e306,20,2029.0215446438522,books,credit_card,1,2020-04-14T11:59:29.740316
73120ed5-b519-9ce0-1d72-aa7ea2da03da,49,125.52667445483273,toys,debit_card,0,2020-12-09T19:20:41.987909
546c717a-313a-6290-5b8f-3993f5414e26,52,1726.006371541801,electronics,credit_card,0,2020-07-05T14:07:53.820765
487a15c8-e0f1-c920-13b7-1d73adfc7be4,66,1545.0644391179953,electronics,credit_card,0,2020-03-23T11:13:19.165141
5a0c994b-a204-de9d-a9b0-1bf5ac63bf91,78,4333.300089095327,electronics,debit_card,1,2020-07-20T16:44:37.962945
a3848f74-a719-bf60-2afe-39f8f74b6e37,67,3443.734343943591,toys,credit_card,0,2020-02-03T10:18:15.852459
a2e0697e-259f-0e36-3252-ae7ecbd91cb8,52,4469.820558227365,clothing,credit_card,0,2020-12-29T23:28:53.700242
8b18bd91-b43d-0d07-d94b-3f7a2a6bc802,67,57.86788681665522,electronics,paypal,1,2020-04-19T08:52:26.902911
96937483-8af4-6a59-2a14-fb610f3cfe21,50,198.1613943233975,clothing,debit_card,0,2020-10-09T19:17:25.596668
6701cf05-0b2f-e197-2489-9f0cc6a179fa,74,3001.1615480451505,food,debit_card,0,2020-03-07T14:59:40.788534
f9b06048-4591-a2d5-8d48-56aca348a682,45,1919.2635409447098,electronics,credit_card,1,2020-08-15T21:51:03.706805
6c6a27d1-a054-14e4-52a3-19aefcbc7d83,75,3605.958412361572,toys,bank_transfer,0,2020-05-30T21:20:12.256414
4e18a3a9-b401-b388-da68-56eed9612ef8,58,4898.210578837984,electronics,debit_card,1,2020-02-26T03:51:44.070905
8b11779b-9153-0c9f-5dbc-6f76fe4e47b7,71,3736.188526188761,electronics,credit_card,1,2020-03-08T12:51:36.702640
7352cd15-20c9-0e5d-c7a8-fb900717e3fd,60,709.3472840504098,books,credit_card,1,2020-07-11T13:15:40.937923
5bdd6c4a-fa8e-a143-2bd8-b60623a260c1,37,4653.319877115223,electronics,credit_card,0,2020-01-10T12:48:44.450978
f107c633-5b3c-12fa-4ab8-eeb8f5de2276,26,1317.2529917064278,books,credit_card,1,2020-01-08T04:48:39.760807
ff8c1c6d-6d08-4377-445d-9b57eec74e8c,54,152.69838199935404,books,debit_card,1,2020-03-25T05:52:52.981543
91ddb3ca-8aba-e335-64fd-8ec05bb00071,69,169.0895634977808,food,debit_card,0,2020-03-28T22:11:07.895608
2665fd2b-d70a-f09a-f04a-604f8330831f,40,1012.9006802205178,food,debit_card,0,2020-12-22T23:08:20.145278
52730477-f3db-d8c7-adaf-9ed016b39a47,28,3276.5679436318915,electronics,debit_card,0,2020-06-05T19:20:06.579522
6482bfd1-f3d9-cec5-ef09-fc112fb2b513,50,913.1624916575848,clothing,debit_card,1,2020-10-08T09:29:01.368376
ae789726-2891-2ee1-253c-d8f1f3951116,63,4582.769056377288,electronics,credit_card,1,2020-09-23T18:31:34.240644
ad6f252d-fd47-cc3a-da78-6925ed78f02e,66,4291.214456007578,food,debit_card,0,2020-06-19T02:19:14.871575
08d63931-43fc-96f2-4ce3-a93e174a1909,47,1258.0543170833625,electronics,credit_card,0,2020-09-04T11:10:03.173761
bd52c16b-b568-f27c-9f4b-bdc3afdfcecb,62,1094.5739476628253,food,credit_card,0,2020-07-28T01:07:38.760608
eeccb042-7d22-0e74-0786-026e331c8a28,60,1166.9070749218401,food,debit_card,1,2020-11-27T10:56:59.122127
c3e40de2-c372-4755-2d55-c5e92a13e00f,50,414.72082313493456,electronics,credit_card,1,2020-10-19T18:56:44.174412
dd30a5bd-600e-c8ee-f8d7-e6aab42c6079,74,4580.409335181193,food,credit_card,0,2020-01-22T13:41:45.993883
b78f36b2-f649-6e4c-679f-537e1ccb17c2,77,1635.0792151330484,electronics,credit_card,1,2020-03-10T15:40:15.210556
6d847f82-5b33-da63-8f43-558d656c5512,65,1817.3062901157818,food,credit_card,1,2020-09-23T02:28:21.705149
7a970ebd-9115-1211-8960-69fd6462bc35,69,2316.728826662888,toys,credit_card,0,2020-02-18T07:10:56.623815
ff02e342-d7d2-be64-948d-529b97b5b099,35,374.87732046403727,books,debit_card,0,2020-05-17T16:08:17.078581
a3893f99-d6d0-2829-d056-e20b65518770,39,2630.63858063755,books,credit_card,1,2020-12-26T22:25:59.422695
d395b65a-691b-e810-8311-c6c985d659fc,39,3432.638572896465,food,debit_card,1,2020-11-08T23:09:03.686709
58f8e2a0-1bbf-8df2-61d3-3e895462cb3b,42,4270.836116853818,food,credit_card,0,2020-11-24T11:40:16.404662
50a5145a-ef69-9b2b-d415-7f4e736e9b2c,79,2358.5088005435136,clothing,debit_card,0,2020-03-08T08:47:55.165920
b321d950-e354-cd4e-93dc-3c88aff3f473,40,916.2078710258198,electronics,credit_card,0,2020-01-07T06:50:34.805162
45dba809-e269-a3ba-8685-63ffd9ed850d,64,2495.969452862507,electronics,credit_card,1,2020-09-16T02:32:48.911656
2b92e08e-6ff8-f660-8f45-7708c8331130,35,2261.0764539726124,food,credit_card,0,2020-06-16T15:32:00.344897
ceb8ab94-5946-f4d3-bb39-4540fe66c154,66,4719.446805466326,electronics,debit_card,0,2020-12-30T12:43:05.779043
962124a8-eeb9-2142-dd68-0db03a115ab1,70,3171.6379828944764,books,credit_card,0,2020-03-24T11:58:33.779507
55ad0fdb-78d0-a52c-ed24-8dc0d203518b,63,2421.8698205888836,food,credit_card,1,2020-02-12T07:24:14.916975
27b7bae4-8b17-0082-7e43-9c49572e178f,75,4128.585085503998,books,credit_card,0,2020-10-08T15:15:15.885114
7d6dc34f-63da-3a88-ec92-84f4046413f6,45,1580.393259842531,food,credit_card,1,2020-07-28T19:41:23.668234
06af5240-2776-a939-51e1-176c72714c78,53,4066.7928628359286,clothing,debit_card,1,2020-11-19T12:31:42.722993
a4715dea-8d7c-50be-7c4d-c962c20ed0a6,60,1910.2400301623002,books,debit_card,0,2020-06-07T11:58:04.516418
1ad194d2-5d88-b1f2-46de-421d809db3cb,30,4305.127327168113,clothing,paypal,0,2020-05-13T14:01:09.729219
b65d24b2-a40c-c6a1-3dc6-d5dd92ef6d78,76,957.0469465025162,electronics,debit_card,0,2020-10-11T17:27:02.347990
a0badd2a-953d-ca2d-9c49-e4243930b63d,69,957.5006993210121,books,debit_card,0,2020-11-13T03:10:05.233358
0fd56e76-8cb8-920b-bf72-b0a2c1fafa92,26,1059.5584398646704,food,credit_card,1,2020-03-08T17:46:53.741603
36f11962-442a-2e34-a93e-8c2aa8033708,43,416.88147596845624,electronics,credit_card,1,2020-08-07T12:51:34.327631
718ed522-92ec-d71d-bb63-3d473ba02f30,65,3941.373531242557,books,credit_card,1,2020-05-13T08:03:22.954790
56f55ac6-8067-802d-f111-d98172609a71,30,2237.7843016523293,electronics,credit_card,0,2020-02-16T19:24:37.510167
9eaf3de2-0de6-0702-d24c-3e8ad04bc9fa,70,1704.0605465198296,clothing,credit_card,0,2020-02-13T06:10:24.393483
dcefa891-844b-907f-0d6d-03d92834d90e,51,4993.147627437244,clothing,credit_card,1,2020-04-27T13:37:04.159391
80c476af-e91e-79f3-814e-72a25943b3d6,37,37.093684099216276,toys,credit_card,0,2020-05-03T15:25:20.625498
a520ad5d-663c-65a4-8b7b-1d791e23908c,42,975.2402354565596,clothing,debit_card,1,2020-10-04T01:23:01.677098
9e72a74e-6fe1-df5f-7f10-05ab6a58f0b5,24,2239.610971789507,toys,debit_card,1,2020-02-20T10:38:06.024681
8b2491dd-32ca-20f9-6468-90743c613061,61,3702.1289125288,electronics,credit_card,0,2020-06-30T09:28:09.753375
a43c5026-7ce2-0126-89c1-ebf9450d9a64,60,93.90186631190176,clothing,credit_card,1,2020-12-03T18:49:20.059108
f6808573-2722-2f85-324f-c89f5faa5696,54,235.7270244490719,electronics,credit_card,0,2020-09-14T02:49:44.473731
7c38a28a-abcb-33e0-a055-4acaf9a69d40,36,4772.079669354533,clothing,debit_card,1,2020-11-07T06:32:20.091569
171b2465-9768-531a-df63-a0af322d822a,47,4896.248093374078,books,debit_card,1,2020-05-31T11:05:04.274569
338dcc31-da22-75dd-484b-60cb938d772c,38,2452.979932333762,electronics,bank_transfer,0,2020-01-02T23:51:28.765649
2785755d-37ca-7a4f-0558-4c980cd08df8,32,4888.541252105261,books,debit_card,0,2020-08-12T01:17:18.680864
c94b3680-2b38-4b85-f378-b1a748a3e790,62,965.2286218838187,books,debit_card,0,2020-09-07T19:24:22.887207
df8f7298-8aea-f105-8d0b-f070838608d7,34,4966.169806131109,electronics,paypal,0,2020-01-13T18:44:20.230695
2915dddd-e348-2083-bab4-d7a3f09da92c,59,4546.227696103132,food,credit_card,1,2020-06-05T04:59:51.113552
a3fe0f24-61c1-895c-9c29-322d4d99da99,69,4536.966015508925,clothing,debit_card,1,2020-12-31T04:12:20.497937
94134f96-6f51-01d8-bd54-3883fcb016b5,33,972.7018392931478,books,debit_card,1,2020-01-08T10:33:51.891041
2250caae-fd3e-5dbd-0366-cb3c3e63dca9,52,4775.612589963562,electronics,credit_card,0,2020-01-20T18:15:49.812870
e8aa9f21-58bc-8f79-0479-15f52a4cf7f2,37,2391.7143823476545,clothing,debit_card,0,2020-02-05T08:43:29.298656
b9fd7d41-e8bd-82ea-c636-f0b0e2ff7c31,52,3570.781393984048,clothing,paypal,0,2020-05-30T00:24:19.513347
1108a67d-5652-e0b6-0f85-3921c022f074,44,1996.6255822429991,books,debit_card,1,2020-04-30T08:47:43.847105
41f92c3f-d2ab-646b-5da1-32d1028879c4,34,3402.620736017569,clothing,debit_card,1,2020-11-11T12:45:53.114891
f68ce669-5d18-7ae1-7dd4-0e1fd4b18302,67,252.5619728117535,food,debit_card,0,2020-03-04T10:12:22.699871
71e16055-b733-c9b3-23b1-4f86e9a70226,21,3066.5993231282464,books,debit_card,0,2020-06-24T10:30:49.780051
cad441f9-d812-0b1a-0b6c-795c6cc0d94b,28,3606.198387456236,electronics,debit_card,0,2020-09-13T05:54:45.913736
c7584083-b755-2bcd-22b1-46128e5b4354,23,2747.486459741426,electronics,credit_card,1,2020-07-15T16:23:01.963507
3b465792-4f13-c17f-d6a1-ee62bdc36c7e,60,549.4033903115828,electronics,paypal,1,2020-05-19T08:58:04.157654
c14e0631-8921-daf0-75e4-be0ddb5044c8,18,1002.1200912140886,toys,credit_card,0,2020-06-22T20:34:34.496143
88783743-4993-5d37-ee0c-30c107e379b5,41,1191.9770768321785,toys,credit_card,1,2020-07-17T16:48:50.744605
4d5a40cd-2751-a776-fe96-88260e931210,42,659.8829953797205,books,debit_card,1,2020-09-15T17:24:42.750678
4557e34b-6a9e-5647-821d-d8ebf8e2c36f,53,3905.1414684773317,electronics,debit_card,0,2020-07-21T23:35:53.060521
7f86de30-397a-4a1f-f26a-e2846fdce691,62,3993.515426502111,books,debit_card,0,2020-03-30T17:04:54.542789
b8b8bd45-eb8d-968a-83e2-c67dd656e97b,42,4475.998647561461,food,debit_card,0,2020-06-23T07:11:44.567049
3a4a6d05-4ebc-afa7-81ff-fa212fadbf70,51,4983.231138891913,books,credit_card,1,2020-12-19T03:32:08.825791
f90ddc2b-5b77-6c59-b262-6fd6ab03be55,73,4192.494979541822,clothing,credit_card,1,2020-02-15T08:37:24.499396
2f626306-6576-62ca-4864-8b8f05d0d144,18,2628.199317205666,electronics,credit_card,1,2020-04-04T02:36:03.612008
1257e8c2-79a9-efee-45e3-74ec7cbf3be1,32,884.084964398446,food,credit_card,0,2020-09-24T19:15:29.895788
305856ad-94ec-b551-a869-d13ee78680c2,65,1452.4598773132627,electronics,paypal,0,2020-03-07T22:50:23.521745
ba7da15b-6320-9317-35c6-e0873903d6fe,52,2577.0174249068946,clothing,credit_card,1,2020-08-18T16:41:23.363906
eade1e31-cf93-1910-c04c-848b1d6b262c,60,3336.7784527539716,clothing,credit_card,0,2020-01-14T14:52:31.996288
f27a4ae7-c776-a75b-7079-218766afa3e9,54,3435.854494300154,toys,credit_card,0,2020-03-06T10:03:30.839226
2cf735f8-ac14-7fae-e0aa-5a5f06bd29a8,52,297.23260748714824,clothing,credit_card,0,2020-10-11T08:37:45.766702
73c4b9eb-d65d-8128-83b8-1574a6af39b1,44,2899.5418639266495,clothing,paypal,1,2020-12-25T16:54:16.260766
597006c2-49d3-61e8-41a3-78523c87ae01,68,4153.3164989091665,toys,credit_card,0,2020-03-17T13:07:50.074601
8ec88544-2aee-50c8-0747-b1f0796c76de,58,939.6249055254518,clothing,credit_card,0,2020-10-02T17:45:06.822405
a128165b-1040-377c-2fa7-8cbef7a22dde,30,1939.2446658820252,clothing,paypal,1,2020-11-13T23:23:37.919719
c6751b24-8445-d40e-0d57-2a6d3d1c850c,47,1907.2703505098928,electronics,debit_card,0,2020-01-01T00:37:48.217535
8aafc89e-f6d3-29cc-738b-4ce2d9236a87,74,4616.129108870002,toys,credit_card,1,2020-12-24T23:55:52.252465
ffed2a79-f3e8-9e0a-3605-033d61debb31,24,1447.496941388028,clothing,debit_card,1,2020-06-08T09:34:25.326674
8ddc66d5-f45d-f70c-06d3-028f3ce6dc89,26,1379.076461697419,books,debit_card,0,2020-03-19T09:02:36.869065
1ded5f21-315d-5133-14eb-d5c68126ac49,75,2678.6477395645793,books,credit_card,1,2020-11-17T20:00:45.852447
596e5be8-18a2-8ddd-7483-374304e5941f,60,1124.788365306423,books,credit_card,0,2020-02-14T08:43:06.593133
b1266edc-1c31-cca8-51c6-895cb23fc049,61,1523.881489393514,clothing,credit_card,0,2020-10-05T19:10:12.119468
4f8637d4-5d98-0cb7-045f-eb5073a1abe0,54,1730.1238255357957,food,debit_card,0,2020-07-02T06:05:03.968871
c163e7a8-f89c-7a92-f4a2-6d1ba382f680,37,4388.440475723418,clothing,credit_card,1,2020-02-03T11:34:49.535688
007b3c12-7ff5-d36f-7686-2b6e24a86c55,25,4818.725084605585,clothing,paypal,0,2020-10-04T08:28:44.707448
9f3b7b77-64bb-980c-b9c4-a6c99b36baa9,67,2587.386794778913,clothing,debit_card,1,2020-12-23T01:33:46.598972
758d0d1d-ee93-9b7f-417a-fdf370586386,76,2175.4021160864754,clothing,credit_card,0,2020-02-11T07:21:07.580556
3653be97-cf6c-f6bd-6e2d-2c3ac460942c,62,2429.3744027899697,food,credit_card,1,2020-06-03T03:09:48.841159
3b78495f-8868-0439-bdd0-08a4640a11fc,43,4855.69678297455,electronics,credit_card,0,2020-11-19T09:25:05.277352
7ad1a558-a53c-e7ce-1201-c0e742016398,31,2311.4022283920012,toys,credit_card,0,2020-05-10T05:34:51.181106
4eb5d5d0-a407-8e7c-a6de-cfaebc7536a3,73,3825.102655655454,electronics,credit_card,1,2020-07-05T22:39:57.558522
c8b05435-e7ab-844f-fcf0-2f1d989fb7f4,42,3085.126058786418,clothing,bank_transfer,0,2020-05-16T20:14:35.180459
0d4669b1-8ed7-6023-4368-c03a171f219e,61,3317.488820042122,clothing,debit_card,0,2020-12-19T23:23:47.697766
fc938cca-87b5-999b-c3c2-4ce4b13a35d7,41,446.86424686156073,electronics,credit_card,1,2020-06-12T22:45:10.791412
7b2cc758-476e-c519-1259-adee857dfdb3,60,4030.1243554793364,clothing,credit_card,0,2020-08-25T01:35:38.365917
4db69662-0119-65d9-d9ac-12a112e0b343,74,3216.148322249728,clothing,debit_card,1,2020-02-15T18:50:13.491058
108f56a9-d771-a0c4-aff4-a61c914c5512,63,3543.2479688951007,electronics,paypal,1,2020-11-01T08:30:09.381303
f470aac0-972a-9211-ebfe-9374ba8d4583,78,2508.275005831663,food,bank_transfer,0,2020-10-12T21:27:43.166779
3e35c977-c6dc-af5d-fe8e-d1715afcae6c,68,3541.4625712938114,food,credit_card,0,2020-09-19T18:02:19.352405
1cc11a64-5f0f-8bd6-a8d3-d55095780f76,62,1093.8845719414765,clothing,paypal,1,2020-01-16T09:14:33.625950
fa3d5846-1b97-5209-8335-bc5f88679050,31,4326.884395080883,food,credit_card,1,2020-05-11T18:06:22.297609
39814801-aa72-deed-b7a3-0ade0dd28d1b,24,1979.3360216235112,clothing,debit_card,0,2020-02-06T07:40:14.378813
4bf44cf5-2209-927f-954e-98f5c2c19ced,78,236.83250083473118,toys,debit_card,0,2020-10-27T07:31:07.882508
2b152ec1-81d4-9fd4-16d3-5bf28050a832,28,281.05332541880534,toys,credit_card,1,2020-04-16T22:06:39.093615
cbb673a9-b75e-f995-cdb0-55513d1ee862,22,1143.0558524720004,food,credit_card,0,2020-11-25T06:56:32.769436
f790bc48-bbb4-d140-19eb-7be8f0ce58ae,59,4447.689322032265,electronics,credit_card,0,2020-03-07T14:18:50.369056
f92b3ca8-73c1-66cf-1389-6dbe52c3eadb,37,4213.989502588314,clothing,paypal,0,2020-01-25T18:08:19.580466
7e6893f1-6a1a-9126-0c0c-894b001a78ff,28,3797.183023987716,clothing,credit_card,0,2020-04-23T04:24:18.068756
354f0c0d-f6d2-1df8-44fe-07018186257a,56,4727.235407883291,food,credit_card,1,2020-12-08T21:49:56.590935
f490b00a-9ce7-2bd1-3a6a-ed21c91a11e5,34,560.9834476902371,electronics,credit_card,0,2020-09-16T13:35:09.190107
55fc7d99-6add-6ba2-6644-49ecc0e05e50,19,2276.075400706684,electronics,credit_card,1,2020-01-08T13:18:51.246390
abf272c0-a773-08e1-54bb-35ca5ba2123b,30,3453.791520819489,clothing,paypal,1,2020-02-07T21:17:24.998438
1acef513-7c7a-f31c-6809-284045f19301,36,3156.2118637222125,clothing,credit_card,0,2020-07-05T16:41:38.729901
1398d0b7-720e-12b2-0fd1-010a059e6fa0,38,4403.9568069581055,books,credit_card,1,2020-11-01T02:07:05.698676
12151b28-29ce-e326-ac19-d0bd47cf1c53,48,4131.520606779396,clothing,credit_card,1,2020-10-31T01:51:44.238955
59d79789-fde7-219c-9b6d-98d88d2f3454,59,1504.3381025080666,electronics,paypal,0,2020-09-29T05:02:49.874748
5a8c8561-1499-450b-e226-ad052ad19d05,56,1132.8948255346754,electronics,debit_card,0,2020-12-16T02:37:42.652232
10759f5a-81ee-b815-9975-e95174547dc9,47,1270.7087958791255,toys,credit_card,0,2020-02-07T09:39:35.202475
3767af8b-b503-cd09-d29b-7fa7ae190c3e,24,1450.6446331251684,clothing,credit_card,0,2020-07-08T20:07:53.063977
9f534d8c-4736-ddc3-9d58-7e52c464ee93,31,4061.4224670644912,clothing,debit_card,1,2020-12-18T10:56:14.186466
9f3f62d5-180e-a3fe-41a3-68bda73603b2,31,4870.457800184709,clothing,credit_card,1,2020-04-25T07:15:38.378807
756c41ac-e575-15ad-f5d5-c0e5e5aaf477,40,1140.372038097379,clothing,debit_card,0,2020-05-23T21:54:18.703427
0a00ae91-96d6-43d9-7c2f-ce08e271efd8,23,1363.1996064393531,electronics,paypal,0,2020-12-06T17:47:24.842889
57b0ef71-c4c4-4f0e-a1d6-0c1f530b4646,42,3885.453963824605,books,credit_card,0,2020-08-13T12:46:36.442083
bc14a667-ab0d-7c58-8bd8-38ceb1669a03,57,4800.407757745301,books,credit_card,1,2020-04-13T21:46:20.055725
ceaf65a6-00ac-c116-a90f-809d1765b9ef,29,613.0502726546906,electronics,credit_card,1,2020-07-22T11:40:15.254350
c2973ca8-3eb8-97ef-9c9a-3017358e4bf3,36,4515.687684521053,books,debit_card,1,2020-02-13T11:30:05.234037
436895c3-e50c-282d-4be7-6fce941de6ef,19,2085.081665416339,clothing,credit_card,1,2020-06-21T10:31:42.287768
a6be2ad4-f5c4-4762-1e5f-93066ce5c479,65,194.28903069816494,clothing,bank_transfer,0,2020-07-02T09:26:48.798089
d6a3d004-8f49-36b3-e382-25c809181ee1,56,701.0561171138127,clothing,credit_card,1,2020-07-19T15:49:10.992280
f2fb2876-b3bb-c536-03e6-7c9d445bc1ca,20,1500.747831349334,clothing,credit_card,1,2020-01-21T14:54:30.568008
9ece2d98-b4fb-d4e2-5187-de619e3c9e0e,76,178.6036783204077,clothing,debit_card,1,2020-01-09T07:03:51.418832
508d2348-0d20-04c7-31df-93622bcfab0c,42,4633.1973168965815,toys,credit_card,0,2020-08-22T05:38:06.286502
808ab87a-c7d5-d027-6be4-7dbc20751f58,77,3943.652708306017,clothing,credit_card,1,2020-12-20T23:32:03.116087
b0f43476-7bcd-ba60-83be-56a8cea8e320,43,3721.2507993825184,electronics,debit_card,0,2020-08-12T22:08:14.895068
a86380de-bf39-271f-0c44-9df86c57eed5,59,1918.0699279786484,electronics,paypal,0,2020-01-05T08:15:16.346264
13e679e6-54c4-71dc-ac50-4e81e9cd7c1e,49,121.54522914340177,toys,credit_card,0,2020-03-04T13:59:47.795075
03ab78e6-e74c-2767-7c45-257d6fc3623b,23,1091.384505493887,clothing,paypal,0,2020-06-20T23:59:35.043915
c3e75513-2e90-e3d0-3ed0-7eafc30b13a8,22,168.58850891281702,electronics,paypal,1,2020-08-05T06:36:35.331673
c0a7d84c-258f-18a1-9a4b-d16b2eb8b414,79,4183.4233290752045,food,credit_card,0,2020-02-16T22:27:53.905096
5e658754-ff14-114f-c20c-df603bdd559e,70,3691.9709368671674,food,credit_card,0,2020-05-27T06:25:42.266573
3136b9d1-079b-a6e6-73f3-27749122f86c,51,1403.3056372739675,books,credit_card,0,2020-02-04T12:57:14.074836
38ea5112-c44f-67d4-bf6e-a0368b9ee2fa,35,544.226876409472,books,credit_card,0,2020-02-21T10:32:30.737470
23620fb8-d58a-9e0a-2db9-f32138ab9097,78,4545.529542637026,food,debit_card,1,2020-01-14T21:19:39.982604
bf33c49f-052a-2703-f059-199c1dd47d9c,65,1144.1019168899452,electronics,credit_card,0,2020-09-12T07:06:22.333883
ce310104-649d-0927-70e7-dca49e8aa471,69,1020.191180166262,food,debit_card,0,2020-08-30T03:22:06.584575
ed7d49b8-f354-af63-daae-56f0e05f7a10,26,284.43301027733713,books,credit_card,1,2020-12-17T16:25:19.704611
2216fbdb-b684-c72c-5e8f-6dde1b4b24ef,45,756.0976127590226,clothing,debit_card,1,2020-06-10T21:22:55.813963
138a2fa6-42f1-8838-b369-95a30fd4d0f2,18,4790.610794360117,electronics,debit_card,0,2020-02-10T04:58:34.362113
468b6b4e-2505-a557-31fa-74ef5c67bb57,79,2165.9360657491566,food,bank_transfer,1,2020-04-18T22:27:37.554349
0efcb01b-bca3-0c67-6bd1-15894bd0cf63,40,469.354491987227,food,credit_card,0,2020-12-29T09:57:29.144813
fb37a92c-6899-b94f-ae1a-e2b4c5bf142f,69,4694.569626784588,books,debit_card,1,2020-10-24T21:45:43.653867
76402f9a-469c-6016-49ce-2bd2c0aff3ae,65,147.5701034113701,food,credit_card,0,2020-03-20T13:42:35.971958
d8341536-23a1-c062-6510-0960993decf8,30,3521.0918433084057,toys,debit_card,0,2020-11-08T23:58:25.026706
b08a62d4-b553-6825-7bf0-b593d41a3a8d,39,3147.730166590506,food,debit_card,0,2020-08-07T11:28:55.250337
0ab463e8-5776-8e0e-1865-284a625eb992,65,1869.9927393516193,electronics,debit_card,1,2020-05-10T16:16:23.913558
188c00f0-a815-f041-7ad9-8403536bde63,37,2899.469768209738,clothing,credit_card,0,2020-09-19T12:00:18.280993
254d9b9a-2040-78eb-bd82-2174fa57012f,62,4987.843859892027,electronics,credit_card,0,2020-11-28T19:30:51.879905
90713372-dd8d-ce98-c5e3-acc25247f6ed,49,2380.112938603033,food,credit_card,1,2020-12-16T13:24:56.421394
58fc0768-63f5-3686-188c-2c584096a8b9,80,4265.600566965674,clothing,credit_card,0,2020-07-23T05:32:17.910679
8e3efd2a-f9ca-5a60-aa21-bb1f6a88193e,75,3934.3979993883827,electronics,debit_card,1,2020-08-03T07:29:47.520488
91d089af-839e-a949-e292-252171c89972,76,2090.6071208298713,toys,credit_card,1,2020-04-02T01:14:40.602451
2ed1462c-3b9a-8793-6472-be58c86a20c5,20,143.5465564582343,clothing,credit_card,0,2020-06-18T06:53:56.581040
3235d93f-4e77-2f00-49fe-ed795183a4c5,27,698.9651276661745,books,debit_card,1,2020-11-04T18:19:08.717351
eefad777-9a72-6f3e-c838-09632854d1ac,51,3144.990183397077,food,paypal,1,2020-10-26T11:28:28.168035
c142b263-b9e7-baf6-0f48-61f591e4f5bc,21,4906.215899224,electronics,credit_card,1,2020-06-04T23:03:52.860359
36beae39-03c3-5ee4-3e8e-20b86556c923,55,3166.9637322725284,electronics,paypal,1,2020-10-18T01:13:27.893381
ab15c86b-83a0-6341-f898-d1da85a16e15,40,2155.8390200471636,food,credit_card,0,2020-05-27T06:28:00.331451
63dce311-9a3b-a9e5-ecec-b22c25bf75cc,45,232.0454160531181,toys,credit_card,1,2020-11-01T22:51:51.660345
42e67d66-a5e7-7432-68f9-2357134afd26,43,433.3926893542128,clothing,credit_card,1,2020-11-24T01:35:16.082148
16b363ce-01fe-4a65-9ae0-7c8f77dbad2b,63,1056.3893538296177,electronics,credit_card,1,2020-05-18T22:22:50.219264
caf59758-f842-1d91-533d-9bfbe29ad994,75,4900.033611197435,toys,credit_card,1,2020-05-22T10:31:30.666600
4fe56b67-629d-b194-185a-8d72f738ab33,68,4282.671650302268,clothing,credit_card,0,2020-12-20T16:37:01.656639
17a2bf5c-a4d5-b278-da0f-f424d0522685,22,2599.3949561500544,clothing,credit_card,0,2020-11-01T14:15:00.967008
14bd7cd5-e90d-5b8e-35a3-79201a702d4f,32,3299.9369952821553,clothing,credit_card,0,2020-06-08T16:59:05.101890
65ca5331-425c-5d1e-6bd7-65fcb7e65dfc,77,941.5207731527204,clothing,credit_card,0,2020-10-24T13:17:11.185347
c65ce634-74e2-f3f3-5fac-fd72b0f9aeb2,35,3898.7363947955905,food,credit_card,1,2020-05-20T15:40:06.318653
33c3d20c-1822-1237-efa0-75ec8c999dcf,23,2271.171012057604,electronics,debit_card,0,2020-11-25T21:28:21.788810
c6bb12de-0674-eb64-c04c-45058f6dd032,29,1574.2597506922878,clothing,credit_card,1,2020-07-15T06:13:34.954615
871429b4-b1df-a9d9-779a-3eac7f82c88a,53,317.19522863354797,toys,credit_card,1,2020-04-05T23:24:06.090717
33f36909-d2d5-1b71-c926-0bbf4e008b54,61,3006.1776109166817,clothing,credit_card,0,2020-01-18T14:28:46.915421
95d5940d-47f9-c032-68aa-8c9012e48718,22,3120.1116057972167,food,bank_transfer,0,2020-02-28T03:17:54.804907
5eb5a6e7-79f8-ccf8-b260-b235a177cac9,70,2514.665668968714,food,credit_card,0,2020-11-19T10:01:38.580138
2e3b7d12-3caf-ee06-b7e3-6e9721d24b6c,21,4615.437836582692,toys,debit_card,0,2020-08-26T01:06:42.533779
70556553-a30f-dbd7-396a-78204ccc7b5f,38,2398.8517431206615,electronics,credit_card,1,2020-05-04T23:32:20.650871
9e16b5ba-ddd8-2e81-7bf0-85473f58893c,54,3043.3804006146925,food,credit_card,1,2020-05-14T23:58:57.004519
647068b7-ff50-df4a-0a55-613b21092232,72,2073.886317316091,electronics,credit_card,1,2020-10-28T22:38:16.077233
4f071238-c00a-f8e4-818e-2a4125e6f1a7,80,4616.632081646679,food,debit_card,0,2020-08-27T14:29:55.047578
41387b4e-10a8-61f0-c79e-34afb0495979,48,4617.691903442908,food,debit_card,1,2020-10-12T17:31:34.439238
3e7d0000-defb-b77e-df99-6b7be7b765d6,49,4436.0065568116925,electronics,credit_card,0,2020-07-24T05:18:57.211419
b8edf7b8-ee84-1b46-07ef-acb3e9c48fb9,27,494.33128702038454,books,credit_card,0,2020-09-24T04:01:27.171072
3fdd3c5b-b778-4ebc-4025-13f5cdb7a34f,42,3626.4183389806867,books,credit_card,1,2020-12-31T08:37:07.871957
4e158c8a-4072-5dd3-0c94-5bdc05da5193,18,3878.3993506089896,electronics,credit_card,1,2020-11-13T09:49:51.128513
8e0a612b-6eac-1674-d4ce-197bf548d0db,79,1797.3358631931203,electronics,paypal,1,2020-10-21T14:32:33.181452
f1290162-7110-3b13-88c5-b33246dbd823,31,706.8319837161956,electronics,debit_card,0,2020-03-22T20:19:09.621677
45a56b86-18e4-2496-3054-a04bbf6ba020,68,4354.847467044799,clothing,credit_card,0,2020-06-02T04:03:39.750286
97eb08a6-cca9-8f71-f4a2-1128703e61d2,78,733.824268766512,clothing,credit_card,0,2020-09-11T10:03:33.870367
b7cb9675-5cf4-64cd-a2ab-fd9d0145acb1,49,4669.420165527163,electronics,paypal,0,2020-06-16T05:13:56.376827
9a10eb9d-9cbf-ae97-e8f0-a3b560828c25,73,3745.140953984052,electronics,bank_transfer,1,2020-06-21T23:41:18.206348
3edf7e5f-fa05-3be8-ecc3-aa3a73132a8d,30,4487.830153168891,food,credit_card,1,2020-09-18T12:46:33.903777
10773929-be74-7a02-c831-d6a0ec3eb1c5,79,2126.529634666274,books,credit_card,1,2020-03-15T14:23:25.105059
3fd2a3cc-f196-a04b-0b54-e8b314adbd44,30,1214.9376601381944,toys,credit_card,0,2020-12-07T01:08:08.790541
aff948c6-df9f-c8b7-10f9-e24cc6bf48b2,60,3232.4561546759037,clothing,paypal,0,2020-10-10T18:20:32.928322
a2241fc2-73fc-c22c-2c36-d354f2a16f0c,49,4688.789354271851,clothing,credit_card,1,2020-11-16T03:29:15.204577
d4bbca9d-3784-716d-3b05-137504ee5f38,47,2174.120663334917,electronics,debit_card,0,2020-10-06T16:45:35.148207
3c3750ae-6efc-5d1c-062f-fe6a195ce73f,49,1509.58205299334,electronics,credit_card,0,2020-05-13T19:34:59.276086
d4f5aefa-94f8-f02b-97ed-91a17d6eac31,76,4329.268582497367,electronics,debit_card,1,2020-07-09T00:43:10.143526
2db3635d-e77d-e831-0a97-6867358a2cdd,72,3807.9466091442937,toys,bank_transfer,0,2020-01-03T22:34:45.830624
bca8d228-fbdc-5015-f147-682a9cebebb5,72,1536.5592472447884,food,bank_transfer,1,2020-04-30T18:52:22.143939
93f0037d-d966-c4e2-cb3d-9ef58c627712,61,2118.402536118661,electronics,debit_card,0,2020-02-28T19:36:26.135114
3378801d-22aa-7c19-22b1-5278df43bf19,48,776.8584147221296,electronics,credit_card,1,2020-08-28T03:58:50.667133
49cb0fa6-7695-fa71-ae79-6d9cc50e501d,35,940.6661563832893,electronics,bank_transfer,0,2020-05-22T15:28:39.355748
5f280ea9-75a3-f82f-6858-2a8885a89770,62,111.91858146830373,books,debit_card,1,2020-07-26T16:59:43.203884
d47b25f5-ada6-26ad-4873-95e7e4ce4e17,25,561.5067847769312,electronics,debit_card,1,2020-05-28T22:02:31.748991
051aa7fc-1ffa-cd39-7f5d-5d682d3e8897,62,4863.980871524613,clothing,credit_card,1,2020-04-11T16:18:38.366386
180424dc-0772-a714-19e6-96073740274b,42,4507.452279312418,clothing,credit_card,1,2020-04-13T14:15:11.816203
bdd2d5e8-2f53-24fb-618a-02bb66dfa1e9,68,3844.2283009617677,food,credit_card,1,2020-06-26T10:34:37.200179
cab0b2d7-a7eb-822e-9a73-6f2549947bca,57,3804.8215217649617,toys,credit_card,1,2020-10-27T08:52:11.388810
fd887fc6-38ae-6708-a873-33f934d22101,18,371.8633564086235,books,credit_card,0,2020-02-08T15:58:16.804283
a987bbd6-9b9d-6043-1a40-295aea082662,64,211.9001483378238,clothing,debit_card,1,2020-10-25T14:46:27.896172
a5b1df35-8aa2-a1c1-dd36-f92b6aad2f86,79,2850.4572612305883,electronics,credit_card,0,2020-02-21T12:46:27.274008
1715e6b9-9f03-61ed-35e6-0f42262cc1ce,34,538.5290691407438,food,credit_card,0,2020-04-16T02:09:47.180304
136d6076-8f59-1691-4d02-8ec20c84fef3,37,1005.6600289475559,food,debit_card,0,2020-11-06T14:27:05.373197
0deb446b-b16a-2ba0-8a8b-fb906aa3cc6b,34,272.62529819293104,electronics,credit_card,1,2020-01-22T01:56:14.560273
ebd295e7-aa7e-a9e5-33c7-5117c73f216b,73,3376.146344830203,clothing,debit_card,0,2020-03-24T16:49:47.312516
52458b39-7e05-faa9-b4a9-040af98dbe99,64,774.5677892302489,food,debit_card,0,2020-12-17T12:47:24.489834
cfa61c98-4503-64a5-c379-090204ec9e8c,71,3192.3000540820176,toys,paypal,1,2020-11-01T00:28:05.778150
01eadc79-69cc-fc31-7cdc-36bfd3d2f37a,77,3539.2729184135237,clothing,credit_card,1,2020-10-08T04:07:21.558285
969f0003-f4fb-c283-13bb-0e33065e753f,29,1575.2491512368067,books,credit_card,0,2020-10-26T20:03:37.326710
94fa1d08-53e9-e266-8e27-7bcc032adb47,30,4962.634966747048,electronics,bank_transfer,1,2020-09-08T00:18:14.675807
5d57dd38-937b-a093-6472-cc2214a2e26f,69,66.76785849345393,electronics,debit_card,0,2020-07-18T02:15:19.548773
3615afb7-8aca-df80-8a64-9178676d766b,33,1968.4121104186706,clothing,credit_card,1,2020-06-29T05:52:37.201826
3fd17c6b-a142-1f4f-54ac-fdbe66df7cd3,44,1898.7829704847043,food,paypal,1,2020-07-03T19:07:09.424313
c8a43a2a-9dbb-0a6e-afdd-8c7daefbb030,42,1397.2267347364457,electronics,debit_card,0,2020-04-30T12:42:05.252590
2112c843-cbad-945f-491e-8b215bbffe84,61,1305.2553769347867,clothing,credit_card,0,2020-07-16T18:02:35.121831
43561018-8c67-6e87-3088-a26a8a70ebe4,18,1487.183189681974,clothing,credit_card,0,2020-02-24T02:49:57.349830
5f335848-c8b8-0493-768f-766613739b6e,20,881.9442893208242,toys,debit_card,0,2020-01-11T01:24:01.527117
54cb0ee1-466c-4f10-6df6-9ec28915ea58,26,2119.632378067226,books,paypal,1,2020-04-26T10:52:09.056866
90dc9038-60c9-c537-401a-0c0469c2d92c,21,3605.325168979674,food,credit_card,1,2020-11-02T09:43:19.884399
07d2f1d9-8196-9168-2301-358a9b72c1d3,32,3903.6118087516274,books,credit_card,0,2020-09-21T08:58:25.626975
4ccb67e1-d7de-e01c-5292-1abd54df3aa3,35,3316.1106756435224,books,paypal,1,2020-05-11T04:22:17.614498
2304d47e-18eb-5f9f-3119-ad9742a955ae,47,1807.7320423705264,toys,credit_card,1,2020-06-24T03:48:02.863013
2abe7ee3-9700-ccaf-e274-746626526639,38,511.626908922623,books,debit_card,1,2020-11-24T13:59:12.040604
4b6f380a-2ccb-8c9a-06bb-7b23ee4aecfa,78,108.94020174962633,food,paypal,0,2020-02-05T06:56:30.964411
df373619-9b4b-e667-c317-5301de3ff538,71,2149.013540085248,clothing,debit_card,1,2020-01-25T13:10:56.672492
bf36fbde-9fd4-5e18-9ec1-2e98dfb9c441,31,3419.845847864665,electronics,debit_card,1,2020-05-01T08:22:51.866153
8a3ae59b-a9b2-3392-e0cf-b483380b2657,21,3257.9524486320643,food,paypal,1,2020-06-06T02:08:37.447288
400e67ee-6dcd-2603-7ea1-925e7c81335a,30,4201.109130125122,toys,debit_card,1,2020-12-31T19:09:41.462497
f72615cf-bc99-6f45-a212-47a77bfb42fc,68,345.712907561459,clothing,credit_card,0,2020-11-22T08:26:15.861456
18e2197f-b89c-c80d-1918-f9fb03a3b46e,49,519.5950992431983,food,debit_card,1,2020-11-16T02:06:41.717055
84afa67a-d352-4645-55d0-b381baafc58f,45,317.90995509227315,toys,bank_transfer,1,2020-04-03T22:59:53.155555
5f31037f-789a-46e9-e9e6-729bcdcff62a,21,2152.6719573981172,books,debit_card,1,2020-03-12T13:33:14.567541
bbd6a425-d63c-f922-4aee-9f3ab5c46f28,72,1825.1636692200266,books,paypal,1,2020-01-20T07:32:57.052841
dc3db1f5-9138-aa07-f6c8-10fea91cfecb,38,3005.9532657031796,electronics,paypal,0,2020-10-06T15:35:52.205727
824eace3-c07b-bc85-6a5c-8965b7a41307,68,976.2727289437601,food,debit_card,0,2020-07-14T00:31:34.716414
07a3987c-8ff4-7055-68b9-b33a25aef670,42,1430.6865907029992,food,credit_card,0,2020-01-31T12:07:11.534237
6d829b90-e0cb-e344-e71b-53dd81870103,18,3243.5299561972115,food,credit_card,1,2020-11-05T06:41:27.541487
f43624fe-6541-207a-6210-bd971e21ad9c,50,2557.6897233555933,electronics,debit_card,0,2020-04-23T15:14:01.251338
b947551d-120d-090a-8c01-fb37068043ef,19,1098.0496244732024,clothing,credit_card,1,2020-08-02T08:48:05.103699
ab188964-ae9f-2414-4359-fe1f46f8b26c,49,1505.0223366624055,food,debit_card,0,2020-08-20T04:22:40.080388
09bda007-d9dc-8e48-9498-c110ac14e2d1,78,1558.9777425515026,electronics,credit_card,1,2020-04-07T09:57:45.940581
3126f5d3-9c8a-0b5f-8ee4-691ac91e199d,80,1252.642179175262,electronics,credit_card,0,2020-07-08T03:53:32.063944
a89e8165-4a1b-95c5-ee52-388f7907969b,33,715.490274048783,books,debit_card,0,2020-04-14T13:47:12.728781
c83b0315-f70b-cee0-47db-faf561df1d2f,68,3048.316104870841,books,credit_card,0,2020-10-16T22:46:20.743031
31e16fc9-4a7b-cba1-98c2-b4e20d6ef6ae,63,952.6729546583871,clothing,credit_card,0,2020-03-21T12:27:40.490237
fd28e998-a694-e618-3511-d2f5512235ce,78,2530.178891130219,electronics,debit_card,0,2020-12-27T01:29:25.913048
4a8ef348-9280-2977-f306-ec7770832322,42,155.98127011832818,clothing,credit_card,1,2020-10-13T00:41:55.221294
01a3dd2a-13d6-3ade-b2d1-b90438167e1b,53,3155.660330059389,food,credit_card,1,2020-01-23T18:50:54.575484
fe645871-4c99-4a3c-3ad9-3e6c7d034ca5,70,2520.7569914576243,electronics,credit_card,1,2020-04-11T07:59:13.763800
bb4521ae-352e-e218-5e05-969bbf321532,28,1572.2956199712567,toys,credit_card,1,2020-02-08T05:57:24.726207
f7779524-8e74-3761-7e79-faf90fe8c587,61,2655.833533350668,clothing,debit_card,0,2020-04-23T05:33:29.681855
563aa0d3-6dbc-7a45-ae9f-473828ea3f70,19,4159.386106260902,clothing,credit_card,0,2020-06-14T17:14:00.633663
c0a25001-a909-1398-7f53-ba44327ee986,27,2651.627442331068,electronics,credit_card,1,2020-02-18T23:57:41.090880
4d49c001-b4ab-d458-cc56-b5096b07520c,47,2802.6965106916787,electronics,debit_card,0,2020-10-06T13:33:56.642046
4663d9af-4a1c-98ec-8d5a-0cf41f8160d8,21,2607.210218175681,books,credit_card,1,2020-11-12T18:14:01.040684
89580f61-f756-ef21-8d70-36f0ceab966c,55,1638.7114028485894,food,credit_card,1,2020-11-13T12:30:03.738337
7b7e3f35-eb55-8fa1-0b44-bfa07b4f5e17,80,1167.9001392677892,food,credit_card,1,2020-05-30T08:26:15.322974
68df2be1-4e84-453b-a152-55db7fc8f5f2,43,1231.8224543951515,food,debit_card,1,2020-04-07T00:37:28.131746
2e2fa1e2-d416-6d69-e347-65879bc18541,57,4928.448865376335,toys,paypal,1,2020-08-29T12:30:04.857692
bc89ce14-a8ea-f1fb-6726-c3eaa214b61c,32,1538.5453360311913,electronics,credit_card,0,2020-05-25T16:30:22.418764
a983c919-9620-4423-179b-099dfae67bc8,31,1389.2299699329135,clothing,debit_card,0,2020-05-24T16:20:36.249040
27296c33-cd35-a2dc-dd02-b4cd0840c592,34,2483.702540363955,books,credit_card,0,2020-11-22T14:48:57.093609
15664439-ce98-9e9c-efff-5374be6574a1,20,1315.4627734571347,clothing,debit_card,0,2020-09-25T00:29:38.144458
852f3b7a-574e-0af7-dd8a-03cd6b7756c3,78,4274.617470708901,books,bank_transfer,1,2020-07-23T04:37:12.647540
c2b42406-c064-0127-8133-9b00658d35f9,24,360.3565907477267,toys,credit_card,1,2020-12-26T12:49:13.561376
26f4cf45-0d3b-206a-e5c3-d874c0d24926,29,1613.1037682042383,electronics,credit_card,0,2020-04-29T05:11:48.198687
eca6f7ef-f640-b190-9435-0467e6c8bd70,49,4699.521479923846,clothing,paypal,1,2020-11-27T00:03:59.885847
3cc5cb68-d648-80ad-48b9-cff0eb3c60e7,30,1461.1060775537135,books,credit_card,0,2020-03-03T05:30:52.450059
86749111-7d37-c9fd-23d3-46f8468455d6,71,222.312045991061,electronics,credit_card,0,2020-03-31T13:05:48.904366
7d92ab2f-6dcc-7924-8d37-b5e1d959c7f0,79,3861.557330554343,clothing,credit_card,1,2020-02-27T18:49:32.064507
85fda238-d6ef-43cf-6564-1596bf69ec0c,26,770.4371334297696,electronics,credit_card,1,2020-08-13T01:15:22.412619
cb8ac952-950c-8273-d666-19bdbb90056e,46,4173.53204216815,electronics,credit_card,1,2020-07-15T17:20:04.105019
4a062aa4-1409-36a9-cb3a-16fdc65a8fc3,47,4693.809036429202,clothing,debit_card,1,2020-01-17T16:20:11.574372
d89a84f8-a752-aacf-bf3e-2b7eb7ea6f6f,39,3420.7820540863377,books,credit_card,0,2020-01-26T12:50:57.886068
0883f4ee-39f8-720e-3fd1-6a0fe2601977,20,3983.2489442882083,food,credit_card,0,2020-02-06T12:32:13.137069
8bda2f06-29fe-0b47-cb1c-a7ef68985758,22,475.7541593115683,clothing,debit_card,0,2020-05-18T03:11:38.670945
d283f6f7-92eb-1b6e-747a-39ac85338f94,60,53.87519960717128,food,debit_card,0,2020-04-20T06:25:00.507302
85a1adf1-6a30-1c8b-68e0-e8d03c7234f9,32,3226.131603499447,books,debit_card,1,2020-01-25T05:39:11.168782
6e853919-2826-a6c3-0036-4225fac44687,41,1410.6408887530274,food,credit_card,1,2020-05-14T17:30:20.113424
33c7b44c-db2f-931e-8a7b-e8b8b3ba16c3,60,3343.59598413423,electronics,credit_card,0,2020-04-03T23:39:49.298788
7230edac-f6bb-cfe4-a21c-0915a811969c,60,2776.748600194261,books,debit_card,0,2020-10-25T15:49:03.596673
1982745e-5bb0-34e3-d1e4-659438078b2d,30,1482.2113679470372,food,credit_card,0,2020-04-05T14:11:56.699870
2d838fe7-0a6e-6a7b-477f-479249d5a845,64,4726.591642918573,food,bank_transfer,0,2020-12-19T01:02:04.150092
e8a70b2e-211d-b15e-ba39-043c9ce5e0fc,72,1555.3106136308672,food,credit_card,1,2020-03-23T11:56:50.128876
f3027534-3505-4435-b58c-d8fd50aaa237,21,2297.7008614147235,toys,paypal,1,2020-09-11T14:02:55.846218
49460175-eadd-2177-8fec-2f2b5ba046d7,62,3242.7127331297515,food,credit_card,1,2020-03-06T04:18:19.069732
fb860384-ae2f-c80a-0342-d097eb418743,33,4270.562126221603,electronics,credit_card,0,2020-08-28T22:11:55.715068
7dd6097e-08d9-4f5a-b13b-7183fc9ed9ec,20,4813.866464431126,toys,debit_card,1,2020-07-31T20:08:13.238344
94a8f0b7-69f8-b167-4da5-f219422c033a,65,2612.1328476734443,food,credit_card,1,2020-03-20T11:55:41.418554
9870df46-46af-c76b-0148-14d2c0ed4104,72,4631.107025856414,food,debit_card,1,2020-01-07T05:43:55.997341
d7020c1a-e47b-c9e7-7a7a-48c22c2cf9e7,53,1103.8133275371738,electronics,debit_card,1,2020-01-17T14:45:05.279126
4bbf44df-10ba-1aa2-af17-8a24bed980c1,44,1105.657377011851,clothing,credit_card,0,2020-12-14T03:42:11.862948
b50f878d-0003-2d17-273f-6c85e3fe6d48,20,2894.3600073529406,electronics,debit_card,1,2020-09-07T15:20:09.337356
1105e59c-ffa4-8159-d942-0040773626a5,63,355.3184773674116,toys,credit_card,0,2020-10-02T05:24:04.414641
01c52ed1-0fc3-1ec5-fca4-c403845d946c,20,2993.5054468155236,food,credit_card,0,2020-08-13T01:43:38.963406
0a3da2c7-74d9-0e9f-79f7-c2d2e13ef32d,60,4654.694077923511,toys,credit_card,1,2020-03-23T13:17:34.165496
72daf3ae-a8cf-5bde-17ad-0cbae4212951,41,1031.9038768516466,electronics,debit_card,1,2020-10-20T04:59:48.923955
2fc11873-d163-499c-ab4f-a0fcc9631ecf,25,3435.333743440781,food,bank_transfer,1,2020-03-20T20:50:36.452091
069dfcf7-fe65-2d26-1580-443e79f2e941,39,1756.8726599242752,toys,debit_card,0,2020-02-14T08:31:48.469408
df67a666-dacc-11ad-b630-8ffc59126e79,34,4676.272924333001,electronics,debit_card,1,2020-03-02T20:05:19.171417
29a3f080-0205-f78a-f941-f9f95824e825,46,518.3620956392143,food,debit_card,0,2020-02-16T15:29:30.077035
eea2fc91-099e-d311-0838-ae5335c8fe1f,69,4747.169585720005,electronics,credit_card,1,2020-07-22T23:57:41.596135
cb891622-78aa-f824-01af-713943044976,27,159.23976839762045,clothing,credit_card,0,2020-01-20T22:24:28.085975
1fd2adf2-3c01-6476-929f-69ebde509ae4,42,1264.7722464012645,food,credit_card,0,2020-09-03T15:25:49.466834
9406c6a3-ec85-9a47-06e8-8a265ce0b392,77,106.91817640167542,electronics,credit_card,0,2020-12-07T11:02:05.604533
af714d31-f591-05cf-19c4-09f42c79de1f,47,2964.8277818324686,toys,credit_card,0,2020-12-04T17:55:14.039065
46966a5b-a332-ee53-a6c9-039526331e48,35,1807.016283381549,books,credit_card,0,2020-10-13T02:56:52.958478
c003f429-9c66-36c9-5db6-d6077fac37c1,77,2764.3725017346883,food,credit_card,1,2020-05-08T14:34:30.042181
844dbc15-59de-9ac8-027e-13128a2f5c1f,57,2238.4055021535237,electronics,credit_card,0,2020-01-08T11:30:55.762951
2b81e7c9-479a-b9e5-9b12-fa893f1d0f56,77,807.1483125957922,electronics,paypal,0,2020-09-21T02:44:08.951103
ba13e847-306c-6987-4603-3fc8d818f2b1,23,1490.797645270142,clothing,credit_card,1,2020-09-10T14:38:26.446107
6d98d6fc-6d06-11b8-16b3-fa0e5b90b59f,36,157.08550139650666,books,debit_card,1,2020-04-08T21:20:28.767321
1f25f554-486c-d234-08c7-9ff1e558cc98,66,1800.3367305441964,clothing,credit_card,0,2020-09-08T14:00:11.509842
e5ae942c-9b32-1d07-5c8b-37eb3dece8fb,71,1691.4988518815876,toys,credit_card,0,2020-01-11T14:43:39.125624
ee2dc94d-1f79-7061-9d0e-7a029a7a4beb,71,905.5088181452024,food,bank_transfer,1,2020-07-29T17:56:45.959011
4b1b53ed-9d76-7cb6-49ce-5e4d00daca55,45,3379.863300773641,toys,paypal,1,2020-11-23T20:50:44.484444
794b24cb-7cda-a242-6728-c24f9116eda0,36,1496.410963770084,clothing,credit_card,0,2020-11-28T00:46:19.558107
a743810c-340d-1b42-8b8a-ed2f1030470f,75,1538.597863447634,books,debit_card,0,2020-11-19T05:30:35.903628
a173dd35-97d1-d074-44db-04287859a1bb,66,1787.8751473531117,toys,paypal,1,2020-02-27T08:32:17.590884
ff4a6d55-07bd-f7b7-3406-0aa874286936,24,262.7025842733967,food,credit_card,1,2020-03-27T03:14:50.755038
b3e9a021-2aea-4dce-6bb7-c45f094d59e0,43,987.7420028283394,electronics,credit_card,1,2020-06-13T17:04:40.741316
c3f78aa9-5c92-3db2-f1c2-1f73159251ec,18,3997.882392677798,clothing,debit_card,1,2020-02-17T09:08:41.475698
65e6596f-d5ca-1742-5fc7-064727c9b463,77,2965.453074933768,food,paypal,1,2020-10-12T06:34:00.468628
8bcbf422-faf8-8381-4fcb-d938dae560f0,39,4281.858196118735,clothing,credit_card,0,2020-04-11T10:00:39.262098
1a74c810-f58f-88ad-0153-46e442c01325,77,1123.7451742617366,electronics,credit_card,0,2020-01-22T18:05:02.045841
9bcf98a4-8fa2-0633-dea0-2f188da3f609,19,4392.360221422462,electronics,credit_card,0,2020-12-08T13:57:27.401340
34de5089-9355-8a15-40ef-296e5e001d5f,46,3171.5557488129634,electronics,credit_card,0,2020-02-12T15:14:46.545709
f307bb01-1eb1-84bb-eb35-7b4fdcb332b1,19,1103.9307124092618,clothing,credit_card,1,2020-07-22T17:36:21.481935
2501e33d-0267-822f-e680-2c3c2dbf4666,25,749.6843178893357,clothing,paypal,0,2020-04-10T18:34:21.773863
64b5d896-9c5c-8041-7116-8f97cadaa42f,35,18.330872718516517,electronics,debit_card,1,2020-06-26T01:43:22.552434
86aae898-9482-0c9d-dddc-3edc03b0616a,73,1814.366942023591,electronics,credit_card,0,2020-03-27T06:12:29.448925
3d1b31fb-487e-ab3d-e0b8-3c3ec5bbeec9,26,3263.189947742079,food,credit_card,1,2020-04-21T14:17:54.994226
bff17c47-fb93-b78a-d7db-a71e71d1ce68,80,4305.340054739525,clothing,debit_card,1,2020-01-25T16:51:05.345129
5cb57402-8bad-9c08-f760-c4c4624fad65,49,2122.588506649036,electronics,bank_transfer,0,2020-09-18T14:57:16.744097
dfc980a1-6b9c-c5eb-1e98-8783c4863120,20,4784.291706404264,electronics,credit_card,0,2020-09-06T07:00:08.717904
de723e78-7842-53f6-0c29-e0ef47ef9988,34,130.78011533819392,electronics,bank_transfer,1,2020-08-13T08:27:54.289712
3e15ab40-b97d-d01f-efde-bd463b86fff5,67,3809.8268416292226,clothing,credit_card,0,2020-11-28T11:54:48.221045
3710e02a-c3da-7d0a-e912-382a4a509c5f,64,4676.571629464837,toys,debit_card,0,2020-03-20T01:17:21.575005
277f7e28-5b38-2814-d34e-67904e1c3c55,32,178.77104486785575,clothing,credit_card,0,2020-06-17T22:47:17.375787
e03f1eb0-5ee2-2196-28c5-cdc7e52638a0,48,4367.082645698144,clothing,credit_card,1,2020-11-21T17:07:47.406618
c5a55e2c-4d87-4915-708c-9653e908dbfc,49,3291.4020940827413,clothing,bank_transfer,0,2020-11-17T04:05:56.789471
